user_id	item_id	time
869008	40685	1430623641391
345781	438400	1430624101772
586756	440917	1430625707591
435495	175893	1430626058961
266417	445106	1430627474903
266417	301359	1430627474950
1282205	444888	1430627504947
379008	441645	1430629282903
611754	210087	1430629469395
619893	180097	1430629529429
1206788	70790	1430631693312
732139	61273	1430632522402
946749	217605	1430634515556
614999	343618	1430634888314
450190	354288	1430636531863
1045152	131385	1430636568797
1045152	220174	1430636568797
1045152	219849	1430636568797
996991	40168	1430641921974
426297	274710	1430663811237
1208747	396445	1430665129345
560305	436056	1430665548420
432060	399531	1430666801217
729806	317436	1430666959685
53842	12404	1430666987316
935325	226005	1430667313372
710338	31058	1430667472889
1390702	86218	1430669157237
987715	47863	1430669840336
53842	49881	1430670802997
429418	92466	1430671880073
429418	29877	1430671880120
429418	158834	1430671880120
935325	268755	1430671984819
935325	63543	1430671984819
461703	76121	1430672138920
461703	256164	1430672138920
710338	294424	1430672429944
53842	317735	1430672531529
190672	259357	1430673060420
1026425	46444	1430673261335
935325	14680	1430673455777
1093736	70868	1430673539533
307276	4001	1430673730939
885223	171201	1430674670862
885223	255336	1430674670893
53842	45738	1430678561389
53842	829	1430678561389
260753	306086	1430678837291
913454	339606	1430680823424
163561	31644	1430683278550
563799	205111	1430684202992
53842	326324	1430684328925
176379	452497	1430684516191
1227583	58274	1430684627475
673776	432011	1430684682383
53842	336945	1430684695946
172634	65091	1430686237764
636520	31678	1430687582148
902220	309748	1430688773216
67803	161453	1430688996189
53842	420528	1430689437422
935325	313858	1430689754810
53842	291877	1430690044483
404798	206937	1430690580499
68804	171042	1430690802024
381222	84160	1430690875000
516166	239596	1430691196716
300311	350291	1430691565014
163561	386635	1430692866732
53842	384723	1430693378108
53842	293416	1430693378124
53842	428423	1430693378124
53842	90360	1430693378124
1288137	289160	1430694464264
720275	167143	1430695016117
1193771	291947	1430697292562
1193771	79442	1430697292562
53842	371445	1430697524940
53842	409804	1430698182753
995314	107972	1430698528048
1292703	385769	1430698845297
53842	305503	1430698924610
932151	252765	1430699081113
932151	218648	1430699081176
365315	218771	1430699237763
365315	146274	1430699237794
719670	193853	1430699295395
168289	61298	1430699539650
460412	197852	1430699733156
163561	37254	1430701543213
1279042	316183	1430701801675
935325	87740	1430706000192
216650	340921	1430706177444
132676	381613	1430709786729
132676	338939	1430709786745
132676	104116	1430709786745
132676	271823	1430709786776
156622	340808	1430711850479
243592	295613	1430713169917
811978	46156	1430713567560
600589	369447	1430713858073
600589	274435	1430713858073
600589	41351	1430713858073
1291892	370838	1430716767095
1176899	369447	1430717204563
736846	255741	1430719543444
433031	179436	1430720419773
849941	104432	1430721167315
1130635	44646	1430721689480
696774	294267	1430722547708
1262351	7943	1430722717032
1176550	120373	1430724397360
646169	200505	1430729857261
1085571	157585	1430749421490
71927	84160	1430749994023
1269642	245168	1430750731215
710338	96127	1430752628611
221176	197919	1430753820961
705174	162745	1430754102526
231565	316140	1430754125617
505988	84160	1430754431345
138131	61716	1430755198661
868541	382674	1430755264426
710338	77587	1430755319837
696393	445351	1430757249324
710338	450950	1430757264893
556819	78163	1430757593074
868541	136523	1430758391183
147096	277767	1430758555820
574661	249130	1430759222872
34951	463280	1430759295258
868541	442725	1430759429747
868541	316255	1430759429763
1181206	253797	1430759928743
1181206	352959	1430759928806
971479	26745	1430760499542
1219089	448453	1430761442491
34951	387373	1430762081987
34951	12217	1430762081987
681196	122734	1430762183317
647026	384647	1430762436103
647026	417631	1430762436150
6029	294267	1430763552283
148264	19278	1430763768528
710338	316753	1430763794574
649387	120778	1430763889292
649387	174341	1430763889308
138131	448453	1430763971539
249286	281103	1430764214818
93887	444899	1430764311935
989748	463493	1430764390824
868541	423217	1430764877501
1085761	336131	1430765640456
868541	268955	1430765828330
78878	88831	1430765930408
1380845	153666	1430765963699
1380845	367900	1430765963777
79201	304669	1430766055882
710338	232917	1430766209124
1090548	186352	1430766220297
54535	34278	1430766363873
54535	51346	1430766364219
54535	157480	1430766364219
54535	116481	1430766364266
8314	176419	1430767055471
1094089	223173	1430767487541
951702	234198	1430767656657
716938	220513	1430768136657
625383	310622	1430768273110
145611	369924	1430770261903
1269591	393689	1430770263488
47029	415660	1430771331261
1140215	181948	1430771527929
163561	175662	1430771761339
753277	82278	1430772012189
1390335	422425	1430772262020
138131	358211	1430772327457
138131	398887	1430772327457
1325569	426961	1430772790916
1043555	240535	1430772862101
1043555	411858	1430772862163
1043555	339032	1430772862163
741178	461686	1430773400263
141701	334094	1430773456171
1079533	294267	1430773529177
1247721	9308	1430773996344
995227	191222	1430774223060
163561	361777	1430774421356
557693	398579	1430775463240
92098	314201	1430775941638
1349607	462376	1430776750509
636569	397638	1430777349894
331815	284654	1430777635692
864513	431216	1430777668920
864513	131385	1430777669404
868541	422583	1430777684901
855251	251396	1430777764027
902934	152158	1430777901992
1338885	120778	1430778088538
1045205	397020	1430778829646
138131	362059	1430779085074
138131	173617	1430779085089
138131	85832	1430779085089
1251116	247948	1430779088987
1334545	325706	1430779742524
1271388	17478	1430779751330
163561	49196	1430780084702
163561	440677	1430780902881
710338	365015	1430780969955
872183	85510	1430781213489
125651	169571	1430781336179
1140878	172004	1430781943876
434900	320130	1430782113574
163561	354484	1430782229090
138131	11663	1430782366395
284451	234087	1430782493569
1078486	296048	1430783406606
1078486	446934	1430783406607
321756	272813	1430783420930
235560	148426	1430783558813
1062987	326614	1430783763119
1062987	254432	1430783763199
163561	294267	1430784929176
1106356	316472	1430785661685
971301	219319	1430786154004
253756	257120	1430786579801
377483	272813	1430786846943
146419	2657	1430787729728
1005223	304081	1430787872347
125769	441966	1430788531565
1037270	452035	1430788697301
138131	229094	1430788943564
403374	7943	1430789036578
1314233	373298	1430789436840
163561	318333	1430789456699
146522	73602	1430789489053
440486	282651	1430789761579
1011757	129895	1430790026589
686896	89379	1430790311634
1140665	266024	1430790353946
70678	451238	1430790473312
163561	321005	1430790947692
458059	345529	1430791379144
826073	186352	1430791738636
986325	369447	1430792212915
1220875	322839	1430792983400
2468	181948	1430793078378
163561	156522	1430793407024
258538	271612	1430793971378
362141	311200	1430795751528
1290558	168491	1430795775376
468853	380493	1430796967564
391446	114213	1430798098083
1126674	41649	1430798779949
886313	82539	1430798904488
886313	83015	1430798904520
287434	181845	1430798911674
759356	284048	1430799166274
1206408	338960	1430799306902
598107	455938	1430799360599
1172151	294267	1430799996957
598472	70575	1430801223484
237278	41898	1430801509752
41386	340921	1430801660405
1104495	145219	1430802233832
153711	187138	1430802509135
153711	461651	1430802509166
855092	109589	1430802625102
948335	399053	1430802791323
948335	111057	1430802791355
948335	421884	1430802791355
156957	161911	1430803213783
156957	431447	1430803213798
959082	344779	1430803351305
1107953	302948	1430803912003
573587	171335	1430804180478
10560	257040	1430808665587
858411	432183	1430809595644
858411	385922	1430810009847
984544	436004	1430811431459
756459	386507	1430813126271
554424	161453	1430820534230
1135500	71698	1430830560384
952319	46156	1430831647601
906092	89977	1430831783141
202009	362606	1430833461791
204180	99907	1430834567232
204180	72118	1430834567294
1175295	8300	1430835097618
619012	45895	1430836533096
619012	308903	1430836533128
1225085	181550	1430837624882
1113362	227790	1430838257502
379932	65540	1430838787200
379932	119736	1430838787200
1161163	281710	1430838937210
1161163	102614	1430838937428
377992	455614	1430839751023
377992	191461	1430839751195
327493	7943	1430840548671
379932	81453	1430841208451
1049595	22626	1430841211239
1049595	435557	1430841211255
1374501	278679	1430842596728
667565	79823	1430842736769
858493	268872	1430843210883
849322	147555	1430843271404
171560	382499	1430843442457
637672	320130	1430843599225
42192	231942	1430843888892
1035814	365015	1430844080045
391939	312717	1430844401072
1116948	174878	1430844403866
1116948	141480	1430844403866
1116948	429607	1430844403866
1175941	344071	1430844725481
272853	336979	1430844853636
1161163	228941	1430844995363
391939	19629	1430845017605
346615	228941	1430845098144
989923	207802	1430845327884
1161163	192491	1430845357908
1180041	247948	1430845420801
1161163	342904	1430845731881
389532	431616	1430846177054
169369	146979	1430846573602
1386260	458012	1430846654090
884409	191555	1430847144937
410663	325772	1430847365657
36450	50411	1430847444127
732066	448453	1430847656293
1161163	366263	1430848107715
1116948	4289	1430848189923
1091556	72926	1430848914977
1116948	180588	1430849181798
968769	89087	1430849719818
467086	121295	1430849759662
648463	390093	1430849980804
527722	40990	1430850188808
1256029	113019	1430850234064
270876	466614	1430850332574
868057	90083	1430850352897
868057	154759	1430850352897
882313	281351	1430850401114
379932	427978	1430850494703
590670	348938	1430850541822
280912	150547	1430850563294
180133	354964	1430850603157
372748	222514	1430850680465
372748	82811	1430850680465
889407	184934	1430850776256
169369	73311	1430850978664
169369	30025	1430850978664
1274947	93729	1430851222595
1274947	89663	1430851222595
1000593	3629	1430851360323
1000593	180514	1430851360323
83368	261265	1430851652196
1224966	139191	1430851777011
346166	399531	1430851966365
138131	172894	1430852467691
679422	198209	1430852586161
54672	116589	1430852614578
899357	464930	1430852644655
899357	327180	1430852644671
379932	7943	1430853160113
379932	444899	1430853676813
826101	421063	1430853772585
1263797	102403	1430853960214
1212999	336668	1430854272374
1338780	97661	1430854458932
1382658	179601	1430854598800
251942	369447	1430854609609
200161	175749	1430854612431
1224814	190732	1430854805296
389532	119736	1430855288963
389532	393691	1430855288963
379932	367391	1430856358818
249061	409876	1430856368256
1161163	253175	1430857065236
1116948	179494	1430857566175
1296018	386899	1430857809766
328466	6469	1430857844827
780925	59119	1430858046101
389532	346384	1430858318800
434493	29863	1430858352806
1035814	428002	1430858467434
379932	132126	1430859252112
281359	246532	1430859463488
1044862	181045	1430861554209
379932	242905	1430861773560
972040	200056	1430862033706
972040	194165	1430862033722
972040	431276	1430862033722
972040	347113	1430862033722
1084182	199931	1430862128333
976190	97890	1430862478892
1030813	98095	1430862654920
1264860	342816	1430862668102
1264860	325215	1430862668118
174983	87740	1430862740269
1035814	254290	1430862927958
1017413	319146	1430863011194
974539	159780	1430863019268
1035814	355356	1430863908154
171693	294267	1430864020141
1193899	345551	1430864038660
309939	184632	1430864513171
419535	212108	1430864639427
532514	14644	1430864933422
379932	375796	1430865197904
328219	319605	1430865250094
328219	451479	1430865250110
1035814	379437	1430865899439
379932	318333	1430866726607
126779	183756	1430866838786
1116948	156152	1430866972399
379932	399305	1430867175020
126779	271236	1430867185888
1116948	377635	1430867448574
503800	336759	1430867948944
379932	320130	1430868050498
1352044	29167	1430868248942
1352044	204157	1430868248989
461094	99042	1430868301762
379932	133332	1430868325487
1190835	108305	1430868366047
1326987	407179	1430868515786
1185234	409804	1430868662961
1185234	346067	1430869168117
904351	122604	1430869758372
225737	37254	1430869763313
170470	71443	1430870043969
170470	452077	1430870043969
379932	79956	1430870200520
256544	37029	1430870364343
1116948	105530	1430870374292
1092370	139191	1430870567581
613539	72863	1430871320449
386777	385498	1430871889478
370541	266468	1430872299668
1035814	307035	1430872335540
170470	104468	1430872427967
170470	158666	1430872427967
170470	76831	1430872427982
98499	283971	1430873538986
972775	263385	1430873612215
1261557	94119	1430873635833
1261557	377501	1430873635894
1261557	388911	1430873635896
1261557	222696	1430873635896
1261557	361028	1430873635899
1035814	66117	1430873689793
1116948	203780	1430874011470
138131	69533	1430874463304
1305841	340375	1430874681936
977325	309821	1430874713896
1116948	266024	1430874903338
549863	420238	1430875390363
609642	438428	1430875712177
1013035	54427	1430876387632
787217	92665	1430876547487
787217	346732	1430876547487
25040	254196	1430876715690
809822	369447	1430876794255
499686	113802	1430877120216
499686	264993	1430877120216
499686	436577	1430877120216
499686	18849	1430877120216
731943	333803	1430877215178
640902	296968	1430878147279
1032156	10076	1430879748980
1038651	94777	1430880131052
182143	78268	1430880563690
182143	449391	1430880563690
182143	325215	1430880563706
1116948	35202	1430880942589
409939	465622	1430881103410
861940	403591	1430881868602
839347	264605	1430882196216
427675	340921	1430882273580
1149756	46811	1430882810620
964763	126890	1430882918327
553988	228229	1430884880304
783599	88749	1430885730743
700128	261288	1430886229219
1154973	270527	1430886240525
746296	7369	1430886521845
318506	115696	1430887127017
296424	417230	1430887278455
965057	4215	1430887358955
1043576	440917	1430887501877
521014	379520	1430888189987
1179141	77991	1430888246344
1149756	220348	1430889411275
148658	18038	1430889973181
632504	28620	1430892956920
1176550	129220	1430893998786
1301975	228964	1430894904691
1089853	466008	1430897492283
1232441	190667	1430908359371
447415	142547	1430910570645
447415	351143	1430910570661
447415	125914	1430910570676
447415	145254	1430910570676
1311022	388417	1430911209749
1005223	182302	1430920244406
1281624	315756	1430920431251
441641	93267	1430920886266
766489	222888	1430921728240
993137	324579	1430922143117
956729	42540	1430923764001
350566	217068	1430925039671
1161163	427541	1430925412855
40802	312728	1430925559581
899857	400946	1430925567083
899857	265846	1430925567239
1161163	188233	1430925786024
1161163	209688	1430925786024
1282868	271450	1430925810067
350566	93828	1430925860567
227091	445351	1430925867388
592787	90230	1430926116291
592787	205768	1430926116322
592787	89001	1430926116322
592787	418301	1430926116338
592787	137440	1430926116338
119455	185982	1430926143008
1161163	273041	1430926551610
350566	68923	1430927124472
1161163	404864	1430927389187
1134975	253615	1430927400813
970883	436400	1430927501126
904351	334520	1430927540166
904351	37029	1430927611059
350566	247862	1430927664643
1387237	309921	1430927698912
1161163	121835	1430928620701
109826	89775	1430928663884
1031691	443015	1430928755829
350566	216260	1430928776691
1239823	133814	1430929118380
935325	83659	1430929124233
935325	208673	1430929124233
350566	442871	1430929230751
389532	353482	1430929402640
1317003	430586	1430929460451
935325	458489	1430929716216
350566	428015	1430929908902
367291	159428	1430929965722
809402	61265	1430930485742
680552	233974	1430930510969
536952	150547	1430930653070
1390784	74475	1430930773066
1169725	375249	1430930820667
893695	243233	1430930833613
680552	284045	1430930911123
766217	379520	1430931207266
364726	365015	1430931304734
796090	143011	1430931551062
1161163	190667	1430931728024
910960	264044	1430931890702
919275	404793	1430932101544
234318	234988	1430932548821
796940	200507	1430932677718
796940	7317	1430932677765
227091	267542	1430932932588
1129356	362920	1430933190223
1161163	115809	1430933594476
466290	186935	1430933835912
350566	69533	1430934138249
357597	125751	1430934154613
899857	195107	1430934613110
350566	136526	1430934750987
76757	103407	1430934797506
198153	282651	1430935042452
967112	289915	1430935068327
967112	373842	1430935068327
1303260	247948	1430935192747
1161163	207825	1430935268374
947843	112677	1430935302849
947843	197455	1430935302849
947843	183899	1430935302849
813925	450082	1430935337010
813925	198921	1430935337010
508929	141461	1430935697513
180810	49544	1430936568210
76757	278893	1430936827112
227091	368841	1430936886851
1127166	399310	1430936892302
1127166	74455	1430936892302
1161163	379013	1430936925027
1180266	148426	1430937051811
1391065	48115	1430937325262
1391065	88160	1430937325309
1391065	335033	1430937325309
53842	138661	1430937668977
76757	285870	1430937852355
1371841	433423	1430937906745
350566	13520	1430938574883
53842	111179	1430938620768
544129	416170	1430938739980
899857	136471	1430938888473
369557	173766	1430939313473
824842	194044	1430939318893
824842	198209	1430939318909
53842	465833	1430940034426
693400	421063	1430940494812
53842	168224	1430940690309
432343	408933	1430940765036
225006	193518	1430940781828
686253	316472	1430940918137
1076451	77055	1430941030517
389532	29791	1430941215417
935325	159813	1430941535857
157737	31893	1430941624553
1161163	125660	1430941913799
76757	173766	1430941958013
389532	244458	1430942284782
604403	14671	1430942646815
649511	29196	1430942681822
961411	457843	1430942757136
899857	90325	1430942816435
389532	46156	1430942909316
53842	257597	1430942915934
85658	304669	1430943390346
53842	250347	1430943569915
1186423	93941	1430943584058
350566	36372	1430943676493
879169	247240	1430943789254
76757	100282	1430943884990
1172311	334428	1430944049701
696424	394840	1430944185140
958747	320494	1430944446767
268741	239848	1430945079732
53842	275150	1430945152854
53842	372382	1430945152870
389532	318392	1430945219837
350566	382595	1430945484095
793602	86464	1430946556351
764068	46874	1430947089684
713670	184442	1430947129489
899857	161772	1430947167583
899857	134322	1430947167708
650547	378637	1430947917938
57246	362340	1430947947441
503405	137530	1430947970682
441470	430317	1430948210613
931182	49493	1430948361581
53842	272004	1430948498363
51676	393598	1430949123393
426059	150547	1430949306203
18029	352705	1430949468137
1349061	463617	1430949752649
1117293	448267	1430950079337
1117293	427655	1430950079384
1114308	366228	1430950539907
1189991	375118	1430950628068
350566	230911	1430950944474
1209676	322620	1430951838031
76757	266024	1430952385445
983908	296968	1430952503220
983908	410026	1430952503220
350566	34853	1430952557972
396151	6633	1430953010626
53842	220797	1430953128298
76757	257921	1430953182760
1161163	53636	1430953336386
323221	424899	1430953976202
350566	385638	1430954073581
792383	204249	1430954088827
1161163	300133	1430954251763
53842	16813	1430954270719
1010916	322642	1430954433200
1010916	255728	1430954433216
1161163	415019	1430955084307
206021	452661	1430955138243
8876	40990	1430955407535
904351	301013	1430956074149
904351	362340	1430956074212
435019	33912	1430956227551
1103292	322666	1430956236450
1106143	223377	1430956401496
935325	136182	1430956413013
935325	246825	1430956413013
148853	30139	1430956452068
935325	37029	1430957349590
781759	350629	1430957362511
697629	335054	1430957471318
750724	418809	1430957835253
470859	51354	1430958660688
819001	17478	1430958773084
427346	362340	1430959219027
1310502	318333	1430959280954
1310502	66286	1430959281073
364212	47682	1430959294730
766486	399903	1430959408873
953662	9817	1430959487419
53842	355994	1430959828550
53842	119736	1430959828565
158701	378621	1430959864175
1116948	204038	1430960902143
53842	419371	1430961441174
1116948	186702	1430961710172
1116948	466109	1430961710172
53842	232533	1430961849577
1146510	98665	1430962319951
728779	389200	1430963708797
695657	66974	1430963811201
53842	409323	1430963812482
935325	372188	1430963867246
1311266	355325	1430964317336
760187	47765	1430964634431
740777	284048	1430965433420
306821	266024	1430965792554
53842	435624	1430966034793
53842	430965	1430966034793
1116948	398134	1430966271859
1116948	408640	1430966271890
1171932	412793	1430966801306
53842	351307	1430966906259
347819	88594	1430967660165
233862	359985	1430967832584
1116948	325852	1430967838047
1387237	347226	1430968117392
753827	48005	1430968685506
1368494	355994	1430969479081
287930	350055	1430971574443
287930	131611	1430971574882
287930	37543	1430971575272
1020495	441617	1430973915359
476165	210087	1430975977973
232227	51354	1430977822268
94751	217605	1430978379916
209918	92466	1430978684317
209918	369447	1430978684364
1353452	279866	1430980147452
479343	369447	1430980248265
527506	441653	1430980641565
393480	79565	1430981755864
618840	31055	1430983516134
618840	280342	1430983516134
492867	448453	1430983681966
1179500	59761	1430988086125
1354710	254196	1431006782140
1354710	72021	1431006782218
1354710	147686	1431006982512
949876	221246	1431008173261
941761	80014	1431008320420
941761	404977	1431008320452
941761	382057	1431008320483
56775	383785	1431010102847
754661	136182	1431010836456
754661	246825	1431010836456
236507	215172	1431011552624
350566	154812	1431011612558
93232	314789	1431011662438
203561	409793	1431012067112
350566	51354	1431012069298
776978	12944	1431012284049
1171448	181045	1431012765501
1171448	312717	1431012765518
1146423	210928	1431012940056
899857	45895	1431013038422
92384	166129	1431013061331
92384	5073	1431013061331
935325	450788	1431013199036
935325	279764	1431013199036
833719	81808	1431013412063
1014434	19883	1431013712269
12579	225261	1431014291808
12579	371381	1431014291808
353389	440677	1431014305265
253004	299264	1431014577640
899857	335974	1431015219232
1171448	331980	1431015281737
966628	221317	1431015807615
76757	381508	1431016208606
1090144	375669	1431016261312
517951	289173	1431016835099
350566	345994	1431017076594
350566	193718	1431017076594
877212	51354	1431017206246
76757	123175	1431017509549
824842	362974	1431018604235
824842	80754	1431018604235
824842	446820	1431018604329
76757	229555	1431018707702
1171448	109001	1431018798799
1018974	131727	1431019626707
1271132	237019	1431019666137
809822	421227	1431020121392
668227	222888	1431021148987
181252	9211	1431022255705
366681	134191	1431022381220
366681	389018	1431022381220
701781	118151	1431023274745
824842	369447	1431023748345
824842	183756	1431023749502
982175	236381	1431023887652
247005	169978	1431023900387
1171448	340921	1431024161927
665150	357318	1431024406050
549778	340921	1431025299763
1171448	425537	1431025316929
571677	272770	1431025367137
710338	257590	1431025417514
201495	342264	1431025751864
201495	449391	1431025751908
201495	78268	1431025751908
672630	256721	1431025823477
873605	236969	1431026003172
1227634	356067	1431026353060
1227634	40256	1431026353075
1227634	435808	1431026353075
946268	259884	1431026367291
946268	449391	1431026367369
946268	78268	1431026367369
751200	74296	1431027308886
1134975	346384	1431027457176
185025	297721	1431027552406
656967	347223	1431027574982
656967	206172	1431027575029
656967	109327	1431027575029
656967	78216	1431027575029
656967	13001	1431027575029
656967	334763	1431027575045
820254	456235	1431027578107
820254	51354	1431027578107
637017	92466	1431027795847
637017	77686	1431028562982
637017	131385	1431028563029
637017	200527	1431028563029
1226740	369553	1431028930418
1226740	198404	1431028930434
818050	316472	1431028974200
1234997	375249	1431029039474
1234997	206995	1431029039490
1298797	290768	1431029653839
929045	205830	1431029957144
929045	147609	1431029957144
929045	294076	1431029957144
929045	229261	1431029957160
76757	421606	1431029960701
23964	32227	1431030190615
1320501	369447	1431030300577
88696	458489	1431030914218
1038322	177097	1431031544502
661382	112831	1431031797329
350566	347850	1431031822396
76757	352042	1431031862593
76757	409138	1431031862862
710338	340108	1431032004312
831008	200242	1431032111240
214421	355928	1431032174823
405804	354881	1431032610602
405804	295127	1431032610649
350566	388558	1431033080133
76757	71594	1431033253671
1138443	28977	1431033448889
367987	256513	1431033892836
350566	266439	1431033893824
904351	344071	1431034077569
1330668	51354	1431034458104
197230	210524	1431034626135
350566	184086	1431034821817
350566	254301	1431035335893
6699	51354	1431035651023
945421	283766	1431035899616
945421	275580	1431035899679
350566	445241	1431035929626
76757	247862	1431036027353
1171448	418560	1431036280201
935325	232129	1431037149816
350566	57702	1431037698516
1208229	454668	1431038022912
350566	170438	1431038372751
412403	202983	1431038380089
6699	280375	1431038457760
935325	170052	1431038477252
350566	226327	1431039260154
412403	444991	1431039497670
453409	378519	1431039711717
350566	151855	1431040680169
350566	288525	1431040680169
350566	26745	1431040680169
1171448	137279	1431040819938
935325	307611	1431040882613
76757	344921	1431041314070
76757	97454	1431042966567
1143600	36512	1431043739563
1265107	185725	1431044867908
474972	440677	1431044881456
935325	52498	1431045322392
809822	305503	1431046499594
1184392	95729	1431047597136
18195	398579	1431048217494
391980	88904	1431048480783
775289	460520	1431049507658
1636	449639	1431050468389
51831	330084	1431051052830
51831	169007	1431051052877
935325	354714	1431051081912
6699	73602	1431051098913
297120	348949	1431051257849
297120	331381	1431051257849
647330	280130	1431051302122
282233	385475	1431051642661
1045205	275150	1431051771931
401480	243566	1431051773348
212442	212108	1431051828099
212442	215879	1431051828116
809822	111530	1431053149691
6699	210087	1431053931976
69543	189961	1431053974357
69543	254932	1431053974388
170470	431853	1431054035299
170470	102136	1431054035348
170470	329467	1431054035348
170470	430057	1431054035348
170470	420549	1431054035364
170470	329334	1431054035364
170470	75790	1431054035379
170470	369447	1431054035395
170470	103030	1431054035395
41529	27127	1431055110848
1017997	447560	1431055249766
1017997	333780	1431055249766
1017997	192288	1431055249766
1017997	159822	1431055249781
735474	390206	1431055962312
168272	46008	1431056879966
1381652	213807	1431056912616
1058657	358230	1431057229207
415471	55799	1431058523157
568275	257534	1431059332846
875891	369447	1431059925491
1377272	88453	1431061583206
208998	266024	1431062691501
218217	30314	1431062871063
1135374	38483	1431064319752
884927	325611	1431064516119
714740	174538	1431066050122
537828	461665	1431067018015
926289	422779	1431067359973
721753	132245	1431091470364
475303	339703	1431093979448
1288378	133224	1431097857020
536661	134441	1431098594101
986577	167587	1431099191880
1110994	124827	1431099698591
871854	200307	1431101360530
855728	293101	1431102852790
144508	116587	1431103433485
617101	320130	1431103870183
76757	191973	1431103883626
1387584	191973	1431104734259
227091	305503	1431105233138
491245	386160	1431105837347
227091	359109	1431106700123
1322770	320130	1431107581912
412353	293767	1431107842717
76757	226726	1431109026136
508609	451281	1431109727419
1382817	56349	1431110068112
855728	283926	1431110565498
738195	273747	1431111094759
693709	393115	1431112130855
1252394	135837	1431112535991
597161	365784	1431114051428
536938	432011	1431114429526
284631	193518	1431115377854
382509	176584	1431115698814
163561	243171	1431115759399
360237	397390	1431116173165
774920	361777	1431116431223
899857	391740	1431117068363
899857	131118	1431117068505
899857	159822	1431117068537
899857	87767	1431117068537
899857	229928	1431117068553
596611	162745	1431117325137
468466	438150	1431117507077
468466	77117	1431117507186
468466	339975	1431117507186
468466	369773	1431117507186
468466	207115	1431117507202
1039060	347132	1431117741370
121914	294438	1431117941287
653210	11663	1431118930466
1286040	386160	1431120145258
703462	259884	1431120152301
678948	102471	1431120591486
276464	331640	1431121248336
848806	314124	1431121360186
1046933	204494	1431121472587
755534	303695	1431122597201
944546	171952	1431124273897
120959	156858	1431124633457
90080	272813	1431124791935
531000	151468	1431124998625
531000	360778	1431124998625
531000	101034	1431124998625
531000	53239	1431124998640
789937	299044	1431125589472
163561	257412	1431125790423
161926	410889	1431127547385
161926	198087	1431127547447
855728	240721	1431128225019
254893	201955	1431128785593
163561	386476	1431129445220
1040946	358041	1431131386942
855728	198991	1431132406021
449226	119586	1431132493899
762687	210087	1431132662596
418774	230892	1431133185671
1066430	47801	1431134798484
1341879	313887	1431134883277
213213	148233	1431135359385
698973	182302	1431136587548
1168370	11056	1431136918402
487926	48009	1431137017769
487926	166591	1431137017927
380118	283201	1431137135651
1161968	98425	1431138157892
1161968	466161	1431138158002
735088	124065	1431139629685
855728	360825	1431139995288
1161968	409426	1431140491722
1161968	464731	1431140491781
1161968	7732	1431140491781
1161968	48803	1431140491781
1161968	464220	1431140491781
1161968	192876	1431140491781
1161968	331514	1431140491781
585363	359844	1431141735371
125769	309557	1431141884467
171598	237932	1431141937629
62155	371336	1431142379138
1373543	430930	1431144883654
451333	247909	1431145354325
1306949	313945	1431146333754
349879	254181	1431146525718
1272407	252100	1431158653132
1272407	208021	1431158653132
1272407	79552	1431158653155
1272407	328920	1431158653182
1272407	339533	1431158653182
1272407	86049	1431158653182
558238	419225	1431185483984
1149894	7943	1431185976700
163561	120098	1431187099939
1161968	343861	1431187348916
6190	7943	1431190007229
1339057	187374	1431193953171
1339057	404416	1431193953171
881599	448274	1431194360967
197559	118519	1431194456972
1084569	436056	1431197042997
452625	165169	1431197228886
423912	192792	1431197876635
138131	390984	1431201695798
163561	374092	1431202192666
163561	424515	1431202192666
820530	172901	1431203052378
163561	207815	1431204660872
138131	215596	1431206672096
163561	271823	1431208137552
319468	324290	1431208897145
555773	214183	1431209673436
286616	46170	1431213157911
97209	331114	1431214503898
1325283	340921	1431215550938
1295047	325774	1431216823283
163561	4538	1431218824362
286616	117677	1431219364657
302769	460648	1431219910905
691958	408504	1431220184371
87364	373138	1431221824517
1122980	462984	1431223836079
890915	177637	1431226028254
109717	66811	1431227075054
310353	105743	1431227595855
1353381	91530	1431232239042
298070	145386	1431233971247
553965	288418	1431240255572
146698	121409	1431259918927
146698	357978	1431259918927
1291013	164035	1431262264360
894034	262813	1431264802411
894034	36026	1431264802442
894034	120050	1431264802458
577947	188395	1431268591566
1017619	354709	1431270926667
181041	103492	1431271529036
527815	40808	1431273309920
1251955	340921	1431273905001
740132	63960	1431275138960
740132	88129	1431275138960
395745	51354	1431275970835
731580	103242	1431280060501
568120	109589	1431282983256
176878	429369	1431285199323
176878	217089	1431285199338
53842	320130	1431286222788
858934	185260	1431286392082
527815	408139	1431286835450
1016356	103375	1431286886819
154662	96904	1431289426224
480722	315545	1431289971207
1392946	241555	1431290048278
1392946	412622	1431290048653
53842	369447	1431290939088
1340188	369447	1431291381567
1340188	274435	1431291381754
101483	317513	1431292895417
62762	412516	1431293540948
754358	303229	1431293687304
754358	153874	1431293687351
1302613	341975	1431293789779
1302613	12143	1431293789779
1226063	190453	1431295763705
269635	18985	1431297308231
434333	465977	1431297419128
527815	466008	1431297441691
395979	230075	1431298518802
936434	129645	1431299169193
503427	30155	1431300031357
234941	29700	1431303568427
234941	94605	1431303568427
610418	322577	1431305635850
1129594	244302	1431305918972
935325	79565	1431306053960
804434	359439	1431306568406
812693	51354	1431307281165
197879	198921	1431308380447
120532	452661	1431311075610
596853	405493	1431311974445
162448	230834	1431312056181
1240133	212918	1431314941819
1307312	306045	1431315704162
68085	51354	1431316104036
547006	340194	1431316312476
1007078	127978	1431317577001
643525	198376	1431317928503
942176	415331	1431318542372
942176	279789	1431318542372
600815	154405	1431318757268
600815	106110	1431318757284
600815	124093	1431318757378
600815	67632	1431319202876
741899	259884	1431320626891
1012118	162454	1431321167829
761381	417025	1431323444988
761381	121595	1431323444988
630705	312728	1431324056504
1104878	366119	1431326303567
135997	247141	1431336379971
1378271	358482	1431354480765
761680	315976	1431356342366
53842	221329	1431360518577
1185744	241547	1431361119897
523640	184734	1431362059949
935325	89143	1431364611519
520501	403619	1431364641310
1309591	430292	1431366236287
1309591	181672	1431366236287
754188	335331	1431368071695
1227768	7943	1431369099142
1336124	318789	1431369189452
350566	331980	1431369274418
350566	79956	1431369274465
350566	252040	1431369274465
53842	34093	1431370797288
151847	317938	1431370977372
1388563	232085	1431371415033
1323783	250191	1431371836451
350566	309821	1431372067811
53842	293808	1431372259665
321109	265802	1431372873846
53842	233735	1431374085180
1361730	159624	1431374173702
222459	172894	1431374596200
355146	379192	1431376598188
355146	369447	1431376598266
355146	93169	1431376598266
1058213	461686	1431376601707
1058213	75392	1431376601896
1058213	32581	1431376601896
593964	140661	1431377311282
593964	328370	1431377311282
350566	353111	1431377427016
1322470	205143	1431378341416
350566	394518	1431379306433
228610	333606	1431379636583
376837	368180	1431380375585
1307466	228066	1431382464758
1307466	27010	1431382464758
1307466	210639	1431382464758
1307466	177479	1431382464758
1027308	369447	1431383651982
899857	419439	1431383928264
223303	69689	1431384080571
350566	462070	1431384289008
1276579	143774	1431385082731
722641	383767	1431386165813
1232652	331500	1431386201173
927838	58868	1431386255685
350566	82232	1431386359957
654573	167750	1431386887950
611362	196404	1431387328237
259928	111425	1431389812436
440612	446446	1431391476746
440612	81155	1431391476746
1113650	327907	1431391509985
1113650	431276	1431391510001
812624	59122	1431392258439
1166783	312717	1431393530653
1204493	79565	1431393707222
162385	167590	1431394006503
162385	89931	1431394663786
1386991	118557	1431394819536
722375	204761	1431395706349
1393998	144820	1431395732983
214985	370365	1431396099245
433148	110517	1431397149594
722512	277368	1431397170035
1165148	118856	1431398193408
556688	166050	1431398621528
908971	210237	1431398720640
913201	227259	1431399239849
913201	345488	1431399239864
1368491	93361	1431400771041
766423	370457	1431401650707
750008	316888	1431402555035
559564	369447	1431407758071
120511	118557	1431409423520
197548	77673	1431411774146
343835	466008	1431415159402
1101242	90823	1431424615485
713186	39759	1431432611254
1085620	51650	1431434373715
1028669	119467	1431437449392
1032778	429775	1431438366574
342707	193488	1431439325859
342707	232172	1431439325859
626807	349047	1431439369830
626807	105108	1431439766780
229737	126557	1431441118805
1340493	159624	1431442766775
1035814	65838	1431443666197
1035814	137305	1431444004646
1035814	151178	1431444004646
870323	446167	1431444567966
870323	416253	1431444567966
870323	304314	1431444567966
138131	376934	1431445215674
1383839	212956	1431445473174
138131	212006	1431445513180
80604	88806	1431445768290
227091	282298	1431445951186
48896	318333	1431445992727
1052403	190534	1431446391451
1052403	151385	1431446391467
1052403	175660	1431446391515
1052403	17419	1431446391671
1052403	165348	1431446392093
1052403	94121	1431446392265
1052403	343377	1431446392265
1052403	430200	1431446392327
187404	443474	1431446764335
512833	37029	1431446836653
1104878	342775	1431446855457
1035814	49384	1431446914172
76757	43830	1431447570843
853218	170403	1431447856945
997282	114840	1431448021766
997282	423318	1431448021797
76757	406473	1431448504716
389532	441050	1431448611770
389532	171719	1431448611770
1035814	321905	1431448743815
805787	33241	1431449719792
1035814	191973	1431449805892
1288706	72027	1431449839174
8914	214332	1431450849726
1079760	344071	1431451079805
210860	406473	1431451276711
389030	315545	1431452023937
1035009	384087	1431452394200
473366	379520	1431452492689
723092	38437	1431452589091
791204	178123	1431453136337
831213	366213	1431453231883
573466	137974	1431453341869
573466	56577	1431453341869
972698	79714	1431453642469
51595	410122	1431453678973
51595	116675	1431453678973
1134975	394518	1431453723760
767480	173985	1431453776257
1023090	332913	1431454206634
874668	320181	1431454309756
458337	331725	1431454429498
458337	230834	1431454429498
1020965	262902	1431455252465
227091	23762	1431455986641
1403769	282820	1431456462112
1035814	320835	1431456619167
227091	203728	1431456630809
1071234	347014	1431456769928
879019	213807	1431457062744
879019	340329	1431457062754
1108795	156636	1431457382557
705439	338960	1431457492889
227091	406601	1431458101403
216160	27127	1431458106497
1318154	274242	1431458236228
889801	173680	1431459272260
1315102	409804	1431459749415
389532	224169	1431459902992
227091	142671	1431460119158
523543	110151	1431460196844
872005	210455	1431460435685
1298514	374804	1431460449937
1378019	165267	1431460513306
491908	150877	1431460675039
491908	181315	1431460675039
497935	4887	1431461168793
497935	416187	1431461168856
497935	63975	1431461168874
497935	434273	1431461168968
1179262	372902	1431461534215
1135249	210132	1431462401296
1135249	388004	1431462401312
761655	316472	1431462897146
1065827	306482	1431463069628
1086108	395497	1431463150383
493320	379520	1431463238190
227091	57772	1431463470316
1324606	371327	1431464185201
761332	84160	1431464276480
1217536	286647	1431464742789
1117293	465811	1431465146235
388255	186306	1431465428600
340001	188069	1431465471262
389532	355325	1431465503613
76757	68708	1431465765823
152693	191852	1431465813722
152693	161613	1431465814363
386842	316472	1431466089217
1041562	22145	1431466361370
1178186	224614	1431466690133
858524	124780	1431466857518
76757	411527	1431466883186
76757	348039	1431466883186
1047384	113685	1431467593729
494059	290999	1431467931605
875921	72062	1431467943585
265273	18679	1431467960746
1062953	401205	1431468183917
400676	62599	1431468763906
1256988	382678	1431468930407
668489	213356	1431469160817
1390178	33362	1431469327271
899857	267882	1431469611206
303586	449280	1431469624914
1260190	123175	1431471390845
1240591	127567	1431471941771
1112198	189774	1431472081164
350566	200527	1431472280837
471929	47863	1431472362456
471929	395715	1431472362460
278940	354585	1431472702454
278940	103776	1431472702455
278940	78436	1431472702460
278940	117438	1431472702480
278940	175682	1431472702484
759353	220920	1431472727424
759353	50745	1431472727455
1035814	342816	1431473542006
1035814	29940	1431473542021
813446	226366	1431473682058
138131	379493	1431473845439
1336520	420367	1431474050244
1188496	328548	1431474058779
308623	155440	1431474325715
1035814	404067	1431475478980
138131	256513	1431475634446
25922	424265	1431476209239
25922	407506	1431476209271
1341153	49544	1431476377017
76757	103221	1431476679481
76757	439868	1431476679685
1241378	413865	1431476784998
76757	26284	1431477170019
718852	32625	1431479040309
138131	134191	1431479092144
138131	377286	1431479092144
138131	150877	1431479092159
1035814	113641	1431479732945
1249442	96069	1431481335483
1310560	69174	1431482454372
476207	27216	1431482547401
1035814	280939	1431482922857
1035814	114879	1431483664480
531661	84310	1431484937751
786265	11666	1431486020262
741611	16344	1431487004364
1220372	337893	1431487323211
1220372	179372	1431487323227
342236	5813	1431487537858
501391	227211	1431489311280
227571	198364	1431491754003
1179018	84160	1431492623542
1033920	7804	1431493929710
1033920	283579	1431493929710
935481	199646	1431496104799
682501	17478	1431496383299
442882	51483	1431496416970
569182	58059	1431497704480
318843	357541	1431498174653
63181	379520	1431498553104
1220368	247376	1431499944863
810921	399053	1431500233403
810921	120109	1431500233418
461960	273661	1431501101095
865129	442015	1431515515463
152404	334920	1431519636509
581889	316907	1431523095146
39706	250745	1431523644271
4899	46156	1431527054535
1321718	194010	1431527375458
458981	134191	1431529655623
458981	247748	1431529655639
199919	226628	1431530484243
1035814	95808	1431530485391
138131	446815	1431530925635
927838	152017	1431531271745
722307	333093	1431531646713
330462	369093	1431532393117
227091	259189	1431532437944
304328	144540	1431532530222
1252924	7943	1431532876660
18060	56100	1431533574209
76757	369882	1431533683858
76757	269955	1431533683983
408181	391189	1431533933184
1336520	167610	1431534491938
1065793	156591	1431534522869
308096	410122	1431535114841
222350	347057	1431535769078
222350	411804	1431535769090
843754	79378	1431535933304
1273306	415882	1431536499725
1116948	122941	1431536559116
853312	56100	1431536793513
1361832	349109	1431536863063
725579	235664	1431537272247
76757	54431	1431537301429
1255725	181550	1431537448249
1005613	414914	1431537455833
76757	449403	1431537876725
389532	307355	1431537880146
389532	456056	1431537880162
892371	129844	1431537964365
1168756	369112	1431538039389
1035814	95729	1431538310557
565656	48743	1431538828354
1159485	417300	1431538836547
953198	150318	1431538858422
1035814	369447	1431539059864
707728	247948	1431539176416
1116948	127567	1431539462359
155171	37254	1431539609406
1038782	52928	1431539978280
592164	107778	1431540124083
545539	190095	1431540170878
227091	306045	1431540588686
53842	217278	1431540904966
875921	213172	1431541340027
875921	424996	1431541340043
145473	99907	1431541340388
145473	108458	1431541340388
618705	135770	1431541354024
618705	339975	1431541354102
636313	218746	1431541363977
636313	137352	1431541363977
53842	82877	1431541533942
1023198	367152	1431541818441
634506	39601	1431541931682
639948	339578	1431542071010
1035814	266861	1431542265798
1116948	32581	1431542679183
1116948	461686	1431542679183
1194303	352381	1431542997751
1247686	361281	1431543217595
130478	89777	1431543753360
899857	59204	1431544006506
1254921	450082	1431544048750
618705	152195	1431544103572
431956	88307	1431544339957
677255	294438	1431545287122
1331553	336131	1431545502192
76757	37029	1431546365602
76757	345694	1431546365915
296577	53091	1431547241911
296577	465216	1431547241942
296577	464845	1431547241942
931182	97879	1431547269427
851563	394931	1431547345177
1212999	212171	1431547509798
1212999	8015	1431547509860
1035814	72715	1431547828079
1035814	57247	1431547828079
1035814	376151	1431547828126
59832	124065	1431548060243
227091	318206	1431548877842
1202318	4991	1431549052089
470377	316181	1431549185466
1121100	367188	1431549234978
1125532	95834	1431549713034
1125532	304145	1431549713034
1125532	114177	1431549713049
1062712	362606	1431549816379
629386	150586	1431550307486
629386	95356	1431550307491
227091	181973	1431550383804
417161	20740	1431551141272
1153783	15032	1431551318861
1380565	234887	1431551410765
871414	73395	1431551423078
53842	58059	1431552337198
170096	288952	1431552339327
504978	44513	1431552377344
391231	328486	1431552773698
200329	202238	1431553114985
64099	134045	1431553378030
1116948	43101	1431553555805
1116948	441415	1431553555805
579018	406148	1431553724244
1035814	348352	1431553902557
53842	324946	1431553991959
832453	450493	1431554014840
832453	222789	1431554014887
1116948	377286	1431554383816
1116948	178912	1431554383816
1075504	11749	1431554551010
966971	416023	1431554672028
250252	34853	1431554768265
250252	397642	1431554768280
1116948	247948	1431554837414
454636	187991	1431554994430
53842	268051	1431555126083
417594	32227	1431555334082
417594	57841	1431555334613
417594	417594	1431555334622
43770	127415	1431555519625
286535	215596	1431555878746
129095	369447	1431556089522
899857	221443	1431556110689
470891	388994	1431556522715
581300	81166	1431556693338
1407070	215596	1431556875160
53842	315543	1431557033204
551398	330922	1431557165784
551398	234215	1431557165855
1035814	334920	1431557285188
961324	223829	1431557631314
961324	18168	1431557631314
1035814	335913	1431557750103
636529	333183	1431558036261
856226	101443	1431558523945
865905	280328	1431558629105
599574	442159	1431558737037
1284067	137932	1431559231729
1284067	38083	1431559231729
750601	296749	1431560038636
1035814	97732	1431560309893
391329	43830	1431560735774
53842	316472	1431560927031
856226	344874	1431561226961
1331859	315543	1431561352580
254146	322295	1431562063681
254146	173253	1431562063683
254146	266761	1431562063685
254146	9569	1431562063686
1090413	210087	1431562845979
64931	120262	1431563636264
64931	409425	1431563636295
64931	352082	1431563636311
64931	390824	1431563636326
64931	313810	1431563636342
684976	1377	1431563668306
1379377	333803	1431564067477
1027767	434277	1431564765536
764802	79530	1431564805913
138131	81252	1431568472205
1288354	349796	1431568956989
53842	73917	1431569197102
416308	47647	1431569648887
1311615	265012	1431570091888
996714	49544	1431570777328
129443	21886	1431570850922
512920	444190	1431571341177
53842	409793	1431571821881
742185	336377	1431571985469
1210592	124065	1431572645559
663861	44582	1431573011689
423686	336301	1431573645218
235392	321080	1431574310808
185242	233439	1431574459643
235392	317296	1431574523395
1402220	51755	1431576788260
1402220	459688	1431576788260
579655	92548	1431577259482
626881	329049	1431577343010
181889	438605	1431578059804
1371456	409793	1431578326998
104815	129111	1431578437203
1233483	329049	1431578516467
1233483	231796	1431578516467
341476	21886	1431578710397
503542	454818	1431578924790
472614	49544	1431579276446
607534	299222	1431579875035
590602	337788	1431581278701
1172272	322032	1431581996947
802580	185910	1431582459343
1175440	36868	1431582664925
1175440	36277	1431582664925
1175440	8833	1431582664925
406584	204782	1431582754288
1374839	56782	1431582789164
1105313	200507	1431583292128
457831	364648	1431587050723
428964	92548	1431587306740
106106	330264	1431589306509
797108	141921	1431596678115
797108	192087	1431596678147
885223	143608	1431609400971
1372681	268491	1431609897947
997699	88831	1431610027403
662024	460219	1431612663822
271800	78968	1431612696840
1066440	253642	1431612840825
582632	104023	1431613442857
576880	260735	1431615380310
1330835	31055	1431615651032
227091	382674	1431615857358
1328944	436549	1431616387844
347354	360359	1431616666948
876254	256317	1431616709589
750601	287356	1431617201937
900674	191203	1431617238351
227091	298396	1431617672997
292466	298213	1431618602876
774920	422425	1431619041563
805761	382945	1431619366707
389532	216207	1431620544185
463917	338411	1431621038246
761482	380997	1431621613566
761482	131861	1431621613817
244603	322666	1431622129825
389532	31450	1431622160243
525437	122941	1431622303086
809822	428891	1431622665268
227091	208450	1431622775556
177488	395111	1431623292866
935997	92466	1431623355920
935997	65995	1431623355936
195534	7943	1431623387223
562008	118752	1431623633771
76757	48224	1431624223982
76757	208450	1431624224076
548918	288525	1431624323417
548918	264297	1431624323433
548918	23584	1431624323449
548918	168082	1431624323464
548918	446542	1431624323511
626212	287972	1431624526436
809822	185117	1431624987808
521833	36864	1431625064582
1292722	191180	1431625137803
1379952	404525	1431626030143
1135803	97661	1431626047896
330959	440650	1431626481433
558878	369000	1431626569968
761482	238209	1431626724598
761482	262699	1431626724598
761482	108096	1431626724613
761482	447818	1431626724613
761482	256146	1431626724629
761482	265775	1431626724629
761482	130599	1431626724691
761482	406165	1431626724707
761482	386092	1431626724707
761482	222328	1431626724723
761482	302909	1431626724723
761482	276886	1431626724738
761482	39439	1431626724802
761482	296749	1431626724817
761482	138834	1431626724833
761482	185241	1431626724833
761482	310525	1431626724912
761482	224818	1431626724928
761482	191050	1431626724944
761482	367318	1431626724944
761482	265846	1431626724959
761482	389158	1431626724959
761482	193908	1431626725006
761482	137169	1431626725022
761482	262297	1431626725053
761482	178290	1431626725053
761482	169720	1431626725070
761482	82340	1431626725085
761482	438605	1431626725101
761482	250761	1431626725116
761482	41803	1431626725163
745877	345807	1431626886412
1176490	37379	1431627148878
805204	445813	1431627249618
805204	358731	1431627249634
593775	227331	1431627368633
824842	274435	1431627614494
53842	332381	1431628669644
750601	248711	1431628816541
227091	127948	1431628906888
138131	357111	1431628917374
227091	400093	1431629194588
580917	274226	1431629449678
853627	280946	1431629504199
18032	277504	1431629563893
562008	117716	1431629713052
625653	344071	1431629768891
625653	360213	1431629768891
625653	271950	1431629768891
378296	145403	1431630260938
240463	157813	1431630285950
272096	360905	1431630405324
211211	440128	1431630769757
809822	101075	1431630842636
53842	400093	1431631262963
36007	191690	1431631339992
1035890	449489	1431631455234
597988	364750	1431631747532
750601	6266	1431632714060
297639	77777	1431632816972
389532	309778	1431633380971
1296635	127722	1431633453427
53842	366443	1431633933819
238831	266100	1431633979153
178925	58520	1431634921138
138131	448220	1431635151866
750601	114735	1431635975503
1033958	249239	1431636161504
76757	427229	1431636249349
871178	176379	1431636308205
750601	307884	1431636740211
881932	43939	1431636824539
638723	195423	1431637077445
750601	36200	1431637334471
676997	379520	1431637512136
676997	432171	1431637512198
676997	247785	1431637512198
497789	322577	1431637871466
869432	16417	1431638029978
750601	131868	1431638427115
389532	394931	1431638483636
53842	401682	1431638863428
271333	78265	1431638954062
809822	9909	1431639014013
1083786	248011	1431639058974
1083786	401118	1431639058974
1083786	205235	1431639058974
1083786	177233	1431639058974
1083786	250397	1431639058974
834832	144076	1431639067389
232605	55067	1431639080461
166787	169147	1431639321243
17569	229749	1431639550171
1336520	77392	1431639721986
422745	154912	1431640070480
422745	399053	1431640070480
53842	318333	1431640360507
82819	409804	1431640673386
809822	315543	1431640762900
551650	329716	1431640808234
967093	304203	1431641859962
792567	64618	1431642784259
932651	220072	1431643193337
932651	280120	1431643193337
1251426	366291	1431643440296
951590	434171	1431643880337
1273910	409655	1431644034320
915126	247909	1431644055788
915126	223644	1431644305793
99661	363302	1431644450884
809822	10516	1431645502036
1095103	369447	1431645778656
770538	301682	1431645870779
1133645	134135	1431645937189
62330	237553	1431646160979
699789	217352	1431646710569
223996	11206	1431648094022
309435	415311	1431648330415
1096542	196177	1431648390625
223996	413241	1431649809817
287022	82278	1431649879348
631296	439875	1431650149562
259214	215596	1431652158213
60099	154638	1431652392910
911446	34784	1431652890928
746204	404213	1431653295083
979940	222454	1431653843691
786045	337317	1431654575828
138131	231482	1431658070126
1277072	463617	1431658175361
1143288	112277	1431658396538
809822	429721	1431658556619
809822	290402	1431658556619
809822	448220	1431659000355
227054	217673	1431660104071
1128809	346673	1431660943438
1128809	88553	1431660943445
1128809	36464	1431660943445
1128809	170372	1431660943491
1389108	76144	1431661041596
481630	159780	1431662039888
54007	269610	1431662508618
984077	1255	1431662853975
984077	160975	1431662853975
984077	148450	1431662853991
768775	61273	1431663118570
514740	420528	1431663331985
953666	234543	1431665805155
1362265	9271	1431666519001
1014161	238495	1431666943513
1299506	365787	1431667114426
1299506	134108	1431667114489
1299506	369158	1431667114505
176491	246687	1431667518681
858966	59204	1431667978030
1228413	318333	1431667994268
554203	40990	1431669418485
232235	222888	1431669584721
562938	340093	1431669788388
771466	215596	1431669992231
548219	341726	1431671430363
548219	139030	1431671430367
1124964	410266	1431671896898
754218	269610	1431671957755
754218	433305	1431671957755
754218	86935	1431671957755
754218	31249	1431671957755
754218	118894	1431671957755
754218	400946	1431671957755
754218	124065	1431671957849
754218	93050	1431671957849
754218	91468	1431671957849
754218	140527	1431671957849
1221228	56952	1431672769038
717866	159095	1431672813986
1300098	458804	1431685480264
1369848	196860	1431694622312
1369848	113535	1431694622327
1282976	177615	1431696985670
229737	318117	1431699191799
325393	2463	1431701659662
227091	63899	1431702816882
227091	434033	1431703534820
331713	152424	1431704435028
1116078	433796	1431705174008
1116078	283896	1431705174008
475172	235352	1431705325666
475172	364186	1431705325681
917001	399966	1431706804813
898655	113019	1431707566644
555047	302329	1431707575109
389532	303695	1431707642055
227091	235427	1431708570016
389532	318051	1431709040905
389532	388897	1431709040905
673572	181527	1431710000822
346907	455938	1431710917240
944478	54354	1431710929696
962181	194830	1431711129998
481481	96394	1431711381912
227091	7943	1431711531049
703762	304685	1431711838074
876323	47718	1431712608013
278574	113330	1431712644228
773110	454818	1431712801054
406338	139462	1431713080021
988452	79429	1431713311016
988452	345484	1431713311016
588181	396445	1431713537383
809822	340093	1431713640732
443938	246560	1431714233872
519535	340578	1431714399426
809822	281391	1431714709832
209964	215201	1431715111507
209964	215355	1431715111523
209964	96375	1431715111523
55389	349555	1431715175954
941576	377134	1431715380636
1184189	340250	1431715570320
491280	430537	1431716160385
1185234	14387	1431716171138
1310978	59850	1431716266084
1316368	397642	1431716371051
484641	448220	1431716538054
1005558	284884	1431716642969
1005558	101681	1431716642969
1005558	6047	1431716643000
1005558	244218	1431716643015
1005558	252100	1431716643031
1005558	140034	1431716651825
809822	78474	1431716654077
1316368	93556	1431716693736
227091	177257	1431716910359
227091	132126	1431717281243
1005558	355484	1431718133969
1005558	352096	1431718134109
1005558	104651	1431718134125
918415	376793	1431718173276
227091	279052	1431718402256
809822	87915	1431718440981
1348883	127593	1431718857963
1320960	170287	1431718931882
1320960	166014	1431718931882
1320960	193488	1431718931882
1320960	140527	1431718931992
777821	379520	1431719734580
809822	104730	1431720130368
549188	168748	1431720980945
809822	74476	1431721160530
1153013	380649	1431721838584
542702	420549	1431721960871
1282648	346673	1431722395948
639450	129111	1431722454210
1044770	409490	1431722926834
1388913	83840	1431723803158
953734	300073	1431724348593
899857	88749	1431724775957
1172583	142755	1431724832272
1282824	447393	1431724842924
1327760	63568	1431724909274
468466	71337	1431724960758
468466	434814	1431724960899
55389	357541	1431725521019
542702	85876	1431725539790
1016592	263312	1431726042206
651990	194180	1431726085545
598812	44712	1431726443580
210176	162491	1431726760210
389532	186435	1431727331217
542702	355861	1431727725587
651630	259189	1431728545750
598996	463509	1431728649226
76757	829	1431728734276
258502	369447	1431729321547
1330518	20934	1431729408262
794758	319674	1431729472741
1251265	377748	1431729477482
495152	104469	1431729514629
495152	259474	1431729514629
542702	372581	1431730018391
1071917	154860	1431730229221
542702	146797	1431730715819
1185234	49621	1431730938926
988367	320004	1431730976522
1185234	347014	1431731180829
264597	454766	1431731323475
542702	96233	1431731479205
544724	366035	1431732722685
809822	82340	1431732854838
809822	187609	1431732854838
1139909	100280	1431732863533
542702	161707	1431733024295
1144503	305991	1431734004229
494791	312728	1431734478493
608773	374938	1431734812115
398756	340808	1431735885211
331673	49803	1431736014966
331673	237019	1431736014981
794758	212917	1431736041563
1374423	47447	1431736349147
1302398	125315	1431736496210
577764	85510	1431736587489
1028889	333794	1431736799644
264607	124559	1431736951989
1302059	141424	1431736973956
701621	191034	1431737442224
209591	254324	1431737880051
809822	346286	1431738082029
873597	160272	1431738169817
950508	217278	1431738572190
1250550	316907	1431740396160
701621	127036	1431742176573
713670	28384	1431742280542
481102	63603	1431743186733
1335661	227688	1431743710659
1335661	241362	1431743710659
731435	20305	1431745462043
541296	53636	1431745755370
606184	362606	1431746627784
1238550	142215	1431747033896
958246	57349	1431747083865
201005	99946	1431747167620
564990	358234	1431747265603
993475	366042	1431747370444
23497	55955	1431749220414
237521	300967	1431749685193
410594	409804	1431752828903
410594	312728	1431752880161
616466	446730	1431755357667
929230	255202	1431761191816
1005867	463280	1431762042188
1005867	406398	1431762042219
470745	81751	1431762077935
1247427	459664	1431764226675
31843	187569	1431768177950
607434	211581	1431772894157
976424	264392	1431783661289
20099	174185	1431785843049
1040857	368193	1431787836156
1299065	108908	1431788508828
1243764	212034	1431791637747
637274	421085	1431792123550
240998	29879	1431793769947
1316038	150547	1431793828976
1108906	407485	1431793988470
305493	144076	1431795341142
305493	12827	1431795341173
425539	8516	1431795460121
176892	169787	1431796284549
710623	190246	1431796489970
355706	182050	1431797847448
425539	338960	1431797866101
1189129	154209	1431797959627
1189129	54291	1431797959627
152381	150809	1431798016734
1379419	294807	1431798099875
662462	232712	1431798852822
265645	436549	1431799613310
1195388	192233	1431799822376
139696	230796	1431800754925
48768	19883	1431800784184
370237	212370	1431801900544
370237	172894	1431801900653
1348073	320494	1431801979620
370863	173847	1431802413935
1405714	409655	1431802706435
1376659	322620	1431803281691
1376659	445627	1431803281691
1144300	304685	1431803465019
138131	74833	1431803639964
784178	424502	1431803716636
993078	6583	1431804256914
993078	428397	1431804256923
1252634	288418	1431804292369
824918	269703	1431804344552
220379	82278	1431804547888
1290558	461710	1431804659008
1290558	159174	1431804659008
1290558	5875	1431804659008
1318195	127088	1431805112906
138131	416187	1431805622924
938270	334714	1431805884105
4061	69754	1431806084891
138131	413686	1431806758188
785456	125263	1431807054387
53842	49156	1431807502966
1102508	323191	1431810984298
723619	128240	1431811057772
723619	137528	1431811057800
723619	187413	1431811057865
1243636	145403	1431811431765
1261536	369447	1431811545145
628803	188944	1431811965461
633177	372732	1431812738663
1207662	65052	1431812901502
1131431	11976	1431813788060
1131431	85914	1431813788060
1131431	302329	1431813788060
53842	238465	1431814061073
1088116	151982	1431814434572
138131	36378	1431814517294
237497	379520	1431815445790
961349	208695	1431815808724
53842	437549	1431815959462
454812	247909	1431816565464
1370617	422647	1431817273358
1370617	151839	1431817273499
1370617	292741	1431817276282
155701	383001	1431817351900
531661	183137	1431817893531
768137	283693	1431818797961
153431	116589	1431819141491
1026145	286118	1431819570226
452653	46031	1431820834960
218871	81995	1431821529425
138131	109356	1431821937206
1154800	252068	1431822218494
46167	311170	1431822245725
46167	280946	1431822353208
122568	342443	1431822375471
552564	149253	1431823135658
138131	139814	1431823465901
408300	92814	1431824128374
15299	466008	1431824291313
1191809	280946	1431824353897
1292125	333803	1431824760755
785456	128473	1431825078853
902243	223377	1431826991916
138131	220066	1431827545216
1143383	360964	1431827567342
1137581	369447	1431827632118
1137581	257597	1431827632417
1264026	382525	1431827846193
315028	226558	1431828168214
138131	409655	1431828469425
1132402	431928	1431828998984
712121	251655	1431830200691
1219361	260955	1431830288303
988412	49156	1431830495979
988412	449757	1431830495979
250357	249239	1431831362576
220386	179349	1431832143344
323143	187374	1431832180152
760728	411959	1431833434286
856639	95729	1431833600247
881608	304685	1431833610948
254328	20283	1431834837941
254328	61046	1431834838019
254328	304492	1431834838019
254328	272251	1431834838019
254328	108361	1431834838019
1213456	144076	1431834920896
261889	316753	1431834956853
107935	189041	1431835703179
831449	159780	1431835807999
1311615	379650	1431835874861
254328	293587	1431835905500
1298376	385878	1431836056248
42059	388085	1431836335159
1166965	188698	1431836668757
1091855	20740	1431837970914
1091855	133247	1431837970914
299049	24957	1431838733537
1400758	10124	1431839004301
530726	285055	1431841264345
289743	291877	1431841419985
892424	377216	1431846848634
599864	280946	1431847002231
668288	323326	1431853568148
668288	329206	1431853568148
657631	280946	1431855005149
40618	64154	1431857166246
1400296	249477	1431876665111
1400296	101874	1431876665127
1400296	369902	1431876665174
573490	336664	1431877300763
717705	52039	1431878214832
138131	335913	1431879402896
790828	138427	1431879734959
177547	264605	1431880066711
1046579	389764	1431880387342
1143383	16832	1431880618609
1143383	205430	1431880618609
42552	349273	1431880919961
42552	295266	1431880919961
42552	176424	1431880919961
42552	401076	1431880919961
42552	412137	1431880919961
42552	302569	1431880920072
138131	164276	1431881506403
668251	236143	1431881591755
944221	31993	1431882126409
1359452	204494	1431883056165
207737	76422	1431883203358
1190064	278216	1431883444034
130968	269452	1431883586284
1363046	215879	1431883914476
988447	327907	1431884860293
1108873	235224	1431885619464
246828	30350	1431885649100
246828	216592	1431885650266
286616	29791	1431885711978
158287	372762	1431886200762
1113110	387947	1431886537994
1220942	57946	1431887273661
138131	152380	1431887389518
138131	294337	1431887389518
591869	334094	1431887668178
675069	86777	1431888559430
1172075	229384	1431889025579
226943	438554	1431889188710
237408	262258	1431889278983
286616	165267	1431889348117
286616	331510	1431889348117
666168	304685	1431889452343
391066	165267	1431890127379
391066	331510	1431890127394
591869	384506	1431890195810
138131	244458	1431890681508
1033942	364186	1431890686651
1285800	266085	1431890914363
1285800	169389	1431890914409
1143383	357541	1431891054821
1143383	99984	1431891658052
861173	438554	1431891988903
591869	134727	1431892230432
1322398	313269	1431892833696
185643	284734	1431893028731
1165148	134858	1431893257728
635357	293322	1431894028326
566565	351074	1431894325048
896750	126929	1431894740052
1143383	309005	1431894795822
1346082	193182	1431895668526
1172288	358598	1431895691720
1143383	368903	1431896338249
1143383	302242	1431897097139
49275	2463	1431897158634
526452	178935	1431897185296
1019407	39933	1431897268459
1019407	461455	1431897268521
1352334	379520	1431897549431
1352334	269773	1431897549447
1352334	432171	1431897549509
1143383	252068	1431897790243
286616	14758	1431898282845
1143383	49156	1431898656614
59399	273743	1431898754047
138131	52367	1431898797343
918664	300133	1431899342148
1403649	299245	1431899959929
591869	340808	1431900283092
1165148	179784	1431900492674
1165148	398887	1431900492706
361876	368112	1431900707797
361876	59761	1431900707875
1242383	259884	1431901828823
55838	264297	1431901935043
55838	357802	1431901935903
55838	65286	1431901936012
55838	384574	1431901936059
679711	111572	1431902323929
952962	140861	1431902471074
1030794	193828	1431903675073
1068640	293279	1431903695314
1035266	1568	1431904582671
924468	213438	1431906201647
995908	200623	1431906911946
865268	432152	1431908022864
724587	140248	1431908032701
138131	222208	1431908604266
591869	461325	1431908843385
343559	10162	1431909263623
343559	406693	1431909263639
407800	315545	1431909843396
1157842	173253	1431910884377
1192181	202168	1431912102335
1018140	60321	1431912272237
1174875	139603	1431912290425
521286	161153	1431912910587
138131	49156	1431914035215
580494	52928	1431914512464
315951	96551	1431914581409
1245790	10162	1431914971579
886110	200231	1431915620173
886110	454360	1431915620173
197547	134191	1431915825802
675725	49384	1431915873319
525173	449244	1431915947131
1143383	369447	1431917008625
1143383	187359	1431917008625
1143383	274435	1431917008641
361527	391496	1431917278254
1227440	195423	1431917444465
276579	49544	1431917520874
770124	107037	1431918989127
744547	111405	1431919076364
502892	248870	1431919701895
565562	235880	1431920627367
704666	23356	1431921917183
395664	239848	1431922573533
1124557	286647	1431923215677
41278	154448	1431923354097
744188	829	1431923841741
1036738	312555	1431923942221
662900	138557	1431924563937
1191301	196177	1431924797479
827333	353686	1431925015250
587651	369447	1431925036834
789675	269773	1431925923542
664424	187842	1431926665144
370800	18303	1431927698155
405156	174417	1431928293982
405156	59653	1431928293998
988274	93645	1431929718211
1073168	461686	1431930150043
62701	297513	1431930151610
303466	257040	1431931224812
924484	23762	1431932073246
605013	141090	1431932281069
219013	111830	1431933375662
554839	286939	1431934736464
503040	296884	1431947996468
744651	342264	1431956117901
249074	237901	1431956188688
408951	318457	1431956214247
779785	19547	1431957652269
417312	239297	1431958430140
417312	139435	1431958430171
417312	300951	1431958430187
417312	169864	1431958430234
603702	46156	1431960232089
427724	131858	1431960440981
427724	39449	1431960441059
407882	420238	1431961631573
814041	300967	1431962004198
814041	415413	1431962004198
227091	129624	1431962120487
750601	240900	1431962751262
1053437	392146	1431963065637
1053437	227416	1431963065652
1053437	134755	1431963065652
1071608	369447	1431963768842
655325	219319	1431964081492
61323	231400	1431964546256
650108	408173	1431964548085
650108	137697	1431964548085
650108	178537	1431964548132
819547	262008	1431964578635
819547	158575	1431964578635
819547	448597	1431964578635
819547	52212	1431964578635
819547	272649	1431964578651
819547	421183	1431964578651
819547	10094	1431964578651
819547	309098	1431964578651
819547	145721	1431964578651
819547	278208	1431964578651
673572	61273	1431964604493
750601	11311	1431964692429
750601	46924	1431964998294
1057581	2750	1431964999019
76757	11311	1431965075443
650108	169034	1431965160315
750601	158568	1431965303970
76757	249434	1431965571009
227091	338794	1431965679612
750601	122324	1431966014549
967180	449118	1431966390496
967180	445459	1431966390496
967180	225329	1431966390496
967180	175610	1431966390496
276149	347414	1431966447460
750601	378287	1431967011585
1074223	222422	1431967285120
76757	55364	1431967856659
76757	99684	1431967856659
750601	380493	1431967903184
76757	88985	1431968675353
76757	134264	1431968675353
381345	409804	1431969901351
750601	168111	1431970093173
961717	32227	1431970109125
961717	197093	1431970109125
961717	465470	1431970109125
788113	234603	1431970257921
788113	402366	1431970257921
788113	298023	1431970257921
203051	292244	1431970345939
203051	124476	1431970345955
203051	384668	1431970345955
227091	446590	1431970466005
792663	10521	1431970508086
1336520	408433	1431970643157
1336520	124581	1431970643204
750601	309275	1431970701691
502593	129672	1431970721214
660673	372313	1431971007653
391657	123756	1431971233932
391657	204158	1431971233932
391657	184458	1431971233932
391657	334982	1431971234011
1247894	431276	1431971380003
1247894	340749	1431971380034
1247894	442095	1431971380034
1397522	115867	1431971381446
625872	42540	1431971503754
227091	254776	1431972185510
969200	194010	1431972193671
4606	112065	1431972962400
4606	75961	1431972962416
1261449	66926	1431973015147
1042356	142008	1431973183560
227091	51629	1431973768944
1193129	117674	1431973947621
1365673	278843	1431974117746
750601	421640	1431974195469
76757	285895	1431974297667
1365706	104882	1431974426542
1003152	200623	1431974833533
469791	127483	1431975010093
846581	367434	1431975023595
541173	64202	1431975094730
386656	98308	1431975156853
973585	46156	1431975218838
750601	166490	1431975443000
750601	87268	1431975443000
827164	78163	1431976008501
1352494	174986	1431976114875
76757	350240	1431976170949
584940	401101	1431976497722
227091	129672	1431976617493
896273	8641	1431976862525
163561	108618	1431976887746
1012983	164344	1431977389050
227091	122329	1431977514955
1135150	152249	1431977516679
389532	369447	1431977655985
480064	182986	1431978724980
288956	239235	1431978994534
288956	432742	1431978994534
750601	161354	1431979820347
928367	102938	1431980223158
750601	75820	1431980362467
163561	260546	1431980449987
76757	21573	1431980717676
76757	78281	1431980717676
1042749	384466	1431980868806
1129408	243355	1431980979235
1349942	412516	1431981218569
222046	265896	1431981339934
116086	1211	1431981668384
1373034	262258	1431982232953
532307	387373	1431982503885
1271652	275423	1431982511660
750601	377217	1431982577981
76757	3140	1431982672383
112596	350968	1431982919582
286616	171644	1431983140176
554368	296375	1431983237136
1327842	362634	1431983245793
925995	419088	1431983321821
389532	387373	1431983427034
1100884	49013	1431983507349
270362	23347	1431983848719
270362	17478	1431983848719
226068	441751	1431983913268
1051642	454818	1431984199667
10443	96233	1431984365374
750601	55515	1431984835611
750601	119586	1431985243257
286616	399053	1431985413227
286616	412324	1431985413227
209959	292676	1431985482097
389532	58752	1431985815776
643208	246532	1431986111488
643208	445457	1431986111535
792741	409804	1431986228869
523281	429846	1431986293962
1199061	452361	1431986908482
1004871	167769	1431987314712
750601	302242	1431987405127
651283	27812	1431987995676
1406981	436004	1431988101266
47467	299222	1431988672023
198153	345694	1431989112831
163561	301721	1431989977179
163561	369158	1431989977179
163561	444593	1431989977179
1319584	375601	1431990079281
475447	332224	1431990250608
2133	137697	1431990254925
435144	40970	1431990281558
43393	168224	1431990832971
76757	125232	1431991279728
163561	369093	1431991375015
1158076	369447	1431991868848
980817	315545	1431992262280
857465	93734	1431992283597
857465	4289	1431992283644
750601	449023	1431993247773
750601	369158	1431993247773
750601	301721	1431993247773
1320216	153901	1431993423722
291938	216842	1431994591381
294269	348947	1431994760491
76757	116589	1431995044416
937483	236143	1431995402663
937483	227053	1431995402663
1351655	106350	1431995441894
327581	389550	1431996782031
55389	412516	1431999053822
287007	342816	1431999189107
287007	29940	1431999189107
750601	133332	1431999968106
645935	457849	1432000215740
55389	352258	1432000442572
650747	7943	1432000490474
885324	180009	1432001186570
978717	262477	1432001592674
286616	203728	1432001826407
1370030	466008	1432001969206
1222828	129717	1432002188554
55389	375118	1432002282540
139696	397621	1432002929856
772285	243169	1432002951149
107025	317226	1432003045103
921518	29196	1432004515936
291195	131298	1432006039646
1338149	359273	1432008241415
938835	344862	1432009174749
75653	229544	1432011441500
758346	157590	1432011663589
758346	2657	1432011663589
797644	369447	1432011715965
727370	436004	1432011872241
453323	225279	1432013289283
1244569	336102	1432014546730
1055329	413816	1432015639265
1055329	247306	1432015639281
842640	67045	1432018821633
620993	335133	1432018835411
835295	369447	1432021852691
385779	425892	1432023284594
1247053	380649	1432043328045
1001344	196797	1432046201481
1042885	338188	1432047222895
1358911	47647	1432048322721
671934	190732	1432049061804
831617	285055	1432049391098
1365892	421207	1432049412851
709578	340578	1432050600840
1039214	450758	1432050844627
840868	299852	1432051093104
55389	439085	1432051323544
729148	78172	1432051358029
729148	298801	1432051358029
1347290	424459	1432051424006
227091	436004	1432051585767
947485	385376	1432051837981
76757	43590	1432051913400
850942	44959	1432052122521
895999	335738	1432052257019
76757	412143	1432052312887
286616	302307	1432052551931
670832	86951	1432052618921
728421	386859	1432053033353
286616	250962	1432053618171
1117293	191803	1432054104350
1241954	194596	1432054525515
875921	62417	1432054612736
1336520	189131	1432054933171
76757	274710	1432055953640
389532	18454	1432056004489
350566	234493	1432056074512
55843	136815	1432056674907
30824	413951	1432056766129
286616	215522	1432057052337
286616	32267	1432057052431
286616	70929	1432057052494
76757	457970	1432057122135
415893	305991	1432057236712
564666	312717	1432057425272
227091	196477	1432057624028
286616	404250	1432057802158
76757	63133	1432057955682
839704	210846	1432058315546
1134975	240708	1432058411443
227091	421987	1432058521529
389532	299038	1432058797020
389532	435557	1432058797020
389532	111122	1432058797036
630993	65273	1432059569562
1324552	212743	1432059628864
163561	28212	1432059999186
824842	84643	1432060481697
389532	137697	1432060990670
350566	163352	1432061032197
163561	193507	1432061290984
286616	310944	1432061449283
140378	177555	1432062325488
731998	214987	1432062563123
389532	314789	1432062998719
261362	310599	1432064172387
685630	314789	1432064472414
163561	139515	1432064930979
185172	356029	1432064991515
185172	157203	1432064991577
389532	359974	1432065117661
389532	122465	1432065117676
1088151	314789	1432065246439
937463	260426	1432065482065
937463	193990	1432065482190
286616	165337	1432065650691
356890	430341	1432065721353
350566	156457	1432065733190
436334	139515	1432065780673
536804	100188	1432065947414
536804	77844	1432065947414
927838	363981	1432065948170
350566	6913	1432066124096
163561	291767	1432066177572
899857	76290	1432066373222
55389	59765	1432066389950
126393	139515	1432066526755
769838	165337	1432066668570
350566	198690	1432066738113
1328266	404296	1432067393429
350566	358882	1432067394518
389532	453390	1432067573198
350566	341578	1432067792365
1326781	266024	1432068075037
120226	50276	1432068233894
163561	99907	1432068454944
163561	281103	1432068454975
481830	126785	1432068713859
286616	241274	1432068884523
715260	240641	1432068888249
649196	117889	1432068986950
389532	184926	1432069507982
702314	190732	1432069939270
296401	48115	1432070071260
1163126	267641	1432070092035
346346	430292	1432070407225
120226	363007	1432070528965
1076359	450986	1432070661791
889997	95808	1432070877063
461960	386446	1432070908661
41016	351456	1432071822997
350566	60012	1432071836245
777908	135764	1432071921108
777908	231416	1432071921108
781099	67182	1432072014634
743537	173985	1432072015604
1046769	329522	1432072279126
1129553	128725	1432072339979
1129553	372188	1432072340001
350566	56323	1432072357858
313138	67811	1432072429788
163561	132418	1432072691609
163561	260256	1432072691718
1219251	265780	1432073429575
1297538	289126	1432073452710
350566	29741	1432074080593
350566	135174	1432074080593
350566	210137	1432074080593
286616	159095	1432074218548
269434	244285	1432074423199
163561	452361	1432074571929
1009185	204049	1432074827750
350566	452481	1432074910586
1136622	141084	1432075035956
350566	270487	1432075708041
350566	241755	1432075708041
108101	287017	1432075817425
350566	163689	1432076010725
350566	195958	1432076010725
1258453	7236	1432076158136
219788	19545	1432076270153
219788	272649	1432076270175
219788	387146	1432076270223
879173	362875	1432076504145
1157291	318333	1432077060406
163561	223739	1432077595303
1175740	415242	1432077958086
350566	285202	1432078595260
1022968	437804	1432078612016
1022968	358753	1432078612016
163561	212743	1432079227899
163561	65580	1432079738990
826774	48011	1432079914800
76757	129193	1432079970022
654838	129193	1432079993022
57905	370213	1432080022997
350566	184397	1432080381122
350566	235933	1432081142454
1123149	338148	1432081349596
163561	15564	1432081549895
982959	65580	1432082332654
1405861	182785	1432083506552
799974	198209	1432084203069
973129	198209	1432085817824
81811	301721	1432086542208
81811	363909	1432086542223
350566	68532	1432086644191
57905	41979	1432087130062
763741	72245	1432087312750
317553	202168	1432087395224
790379	430845	1432088005807
498259	115182	1432089374868
1273193	179395	1432089921953
16357	332870	1432091274100
852548	318333	1432091553427
1154334	395749	1432093160790
69880	242910	1432093196151
276165	345834	1432093398467
715680	457622	1432093878260
141016	335454	1432094154026
308204	279869	1432094596179
104974	86894	1432096185151
104974	155566	1432096185229
1185548	349581	1432097259506
784769	282856	1432098120740
1373738	244838	1432099009060
1352661	414237	1432100171547
868429	290227	1432100918599
1109799	29196	1432107013470
880377	394840	1432107106736
1188968	271685	1432121149930
1188968	310848	1432121149930
575208	144076	1432127117404
191952	59437	1432130317174
1096676	126851	1432133471588
725579	73093	1432134802101
1120343	411694	1432135960806
227091	17322	1432136298026
330418	92678	1432136727502
906835	137454	1432137571204
546805	247396	1432138031258
488723	255344	1432138896236
819547	265760	1432140007916
389532	23762	1432140385267
1319843	175749	1432140443439
206078	89106	1432142349514
389532	26839	1432142369863
895590	52371	1432142665455
263974	329595	1432142757973
138131	71233	1432142944567
76757	150809	1432143003424
227091	124193	1432144557586
1307741	271351	1432144988999
366614	387265	1432145319491
227091	40970	1432145530532
1255923	303935	1432148447587
76757	412516	1432149149532
1232720	350865	1432149442318
53842	383100	1432150177666
389532	277276	1432150231973
7330	248440	1432151009045
389532	386930	1432151343630
896538	174489	1432151572084
923908	87557	1432151725727
286616	212743	1432151757258
286616	271930	1432151757258
286616	430292	1432151757258
753425	321178	1432152034960
389532	391020	1432152100998
389532	461339	1432152419605
994815	339606	1432152615946
286616	385091	1432154016528
328309	6786	1432154034507
673572	273878	1432154176944
138131	226300	1432154267386
673572	315937	1432154557207
1327215	339703	1432154593870
1327215	444741	1432154593870
1131970	402366	1432154735698
362910	111530	1432154746517
138131	33245	1432154891165
508520	226300	1432155014238
138131	307306	1432155704238
1356584	130709	1432156098975
494059	1562	1432156136143
494059	100188	1432156136197
761583	305901	1432156462270
76757	413174	1432157439955
400737	829	1432157646092
786834	263385	1432158107951
749201	211883	1432158137562
307607	135864	1432158398987
142785	240777	1432158559190
468986	315545	1432159480572
394686	54396	1432159883188
138131	393419	1432160352170
929875	255812	1432160786328
138131	257040	1432162084973
138131	122561	1432162084973
718851	47415	1432162164289
1396399	91885	1432162663432
953371	9975	1432162740458
953371	293687	1432162740474
953371	173433	1432162740584
759893	389158	1432163011490
759893	291394	1432163011495
673572	352441	1432163133706
138131	184391	1432163740711
1116087	136918	1432164447405
1116087	332072	1432164447405
285918	62394	1432164508244
138131	176995	1432165517784
138131	434282	1432165517834
76757	247879	1432165996431
454102	119538	1432166750837
286616	259962	1432166868471
53842	433009	1432167172724
899857	181672	1432167378935
4101	400859	1432168345013
4101	104752	1432168345232
4101	228066	1432168345247
4101	170353	1432168345279
850317	169583	1432168536861
286616	126214	1432169427960
952266	445695	1432169556907
138131	137454	1432169809147
138131	89212	1432171420455
53842	303935	1432171878453
291284	27993	1432172969465
1161163	80502	1432173518694
286616	396445	1432173600674
1402979	125440	1432173881044
925004	369661	1432175729773
80434	366228	1432175848541
455580	294287	1432175954168
286616	293737	1432176070425
655092	220920	1432176650208
655092	98899	1432176837888
94529	449489	1432176840997
655092	344848	1432176933722
663372	357318	1432177242508
830113	307770	1432179207128
501189	362634	1432179944441
251091	92423	1432179990897
562008	197852	1432182988448
562008	181973	1432182988494
1213852	77708	1432186060223
1336602	232533	1432187374823
678230	29196	1432187549217
1385559	80145	1432187590733
493231	206365	1432193076858
607090	397573	1432195853498
109106	68902	1432200978910
1295114	29879	1432210387727
1359452	138434	1432212631806
704927	187323	1432213016349
836485	350299	1432213025299
1005876	153492	1432214864397
246992	315545	1432215061792
375934	77321	1432220042693
227091	373107	1432221470108
953371	277943	1432221631069
953371	270383	1432221759685
1048533	73852	1432221793237
348484	192144	1432225317998
1149586	96935	1432225464900
1048533	152120	1432225878790
163561	309778	1432225898600
163561	231819	1432226524545
163561	376793	1432226524576
1154951	101094	1432227549562
1047269	148707	1432227845382
1047269	159822	1432227845429
163561	121540	1432227896220
163365	190463	1432228867568
286616	268061	1432228929642
54032	373384	1432229249008
593905	425662	1432229400915
593905	334920	1432229400915
593905	14520	1432229400915
243572	465554	1432229471827
1073266	249130	1432229647483
955486	334920	1432229925436
389532	138309	1432230049621
389532	305016	1432230049621
389532	221935	1432230049621
389532	270081	1432230049621
389532	428072	1432230049621
389532	358565	1432230049621
389532	88921	1432230049855
389532	441256	1432230049855
389532	277106	1432230049855
389532	316467	1432230049871
138131	174185	1432230269083
586187	71530	1432230987818
809822	396732	1432231216553
854570	13224	1432231655924
809822	465554	1432231934812
809822	191638	1432232214549
227091	346212	1432233512989
409239	380493	1432233670802
628305	31933	1432234119183
809822	69492	1432234579604
1282815	274274	1432235569918
809822	268784	1432235613805
416496	248973	1432235693171
550158	297145	1432236632805
550158	185082	1432236632820
550158	307733	1432236632883
227091	386636	1432236737606
809822	463550	1432237781840
1365706	439586	1432239696625
1365706	122585	1432239696627
240556	76024	1432240180290
240556	168944	1432240180431
1077471	248569	1432240672173
863250	380769	1432240682807
143136	390357	1432241638434
1174264	318789	1432242002433
185483	102891	1432242277143
989360	21886	1432242754479
1087601	320786	1432242873045
308817	248568	1432242959405
163561	14932	1432244084713
837052	139085	1432244163843
837052	312555	1432244163890
837052	304403	1432244163905
191994	85579	1432245844288
278097	7943	1432247998515
809822	210002	1432248044399
163561	198209	1432248252493
1057330	38543	1432248499384
1048533	109601	1432249563429
134586	425477	1432253625055
836852	278843	1432254258836
923908	359990	1432254506022
1064483	269327	1432254539136
62139	171632	1432254858441
62139	336979	1432254858503
32119	154485	1432260602647
29659	79378	1432260667100
809822	253642	1432260723024
79681	464960	1432261342913
10539	256513	1432261486795
379894	234494	1432262986596
160371	62549	1432263141228
579956	243566	1432264052578
122929	171815	1432269009142
794642	36810	1432269355649
226117	358211	1432271078920
533142	46232	1432271944784
368807	7943	1432272375007
646011	266883	1432272703054
646011	169109	1432272703070
1388417	84561	1432273795056
1388417	143404	1432273795072
3104	342086	1432273992723
3104	346661	1432273992770
183206	145403	1432274867763
388612	81473	1432275114122
1259051	401636	1432277188226
1278185	51983	1432279944762
1215432	126044	1432281457369
700680	133224	1432291150757
21610	107535	1432293089255
21610	122412	1432293089992
21610	44986	1432293090008
1245217	233735	1432298123449
1245217	32434	1432298123559
402416	179094	1432301807606
402416	296933	1432302172556
248503	105063	1432302552438
1402890	91727	1432303604569
773901	304418	1432304559837
773901	450216	1432304559837
655964	110302	1432306483699
129438	384470	1432307600163
914152	109427	1432307699023
820759	106063	1432308172579
227091	314789	1432309441623
800894	1255	1432309509943
809822	195490	1432309886047
350566	189108	1432310965929
169103	260878	1432311449736
350566	369112	1432311915455
856897	19572	1432312098858
829289	248568	1432312909699
350566	239210	1432313041454
350566	346186	1432313766000
329879	220920	1432314305942
286553	57389	1432314460234
385345	358895	1432314698511
1083837	321246	1432314715023
1325281	258973	1432315025345
234870	383289	1432315222560
551661	43938	1432316177801
899857	430317	1432316551703
1267759	395002	1432316980203
1161163	114137	1432317056235
163561	360790	1432318117214
1300964	410122	1432318121709
581456	161911	1432318702097
581456	11976	1432318702159
163561	120446	1432319075820
749244	42002	1432319191021
1004573	212899	1432319733221
77253	308823	1432320659196
475268	298740	1432320901230
942926	64011	1432320973495
942926	37734	1432320973495
942926	330318	1432320973512
382599	92466	1432321214931
382599	429081	1432321214931
488490	259970	1432321579120
295217	237422	1432321661156
415859	454031	1432321711042
429195	314697	1432321915219
1340641	13417	1432322102623
809822	79956	1432322612438
227091	260609	1432322830015
1337898	257261	1432322933110
809822	49834	1432324195605
809822	424421	1432324195778
647863	54382	1432324685195
1323890	346152	1432324790421
228040	190034	1432325262317
809822	229205	1432325381497
904488	448124	1432325497850
414326	176869	1432325515517
829289	81155	1432325655817
829289	341163	1432325655817
829289	381919	1432325655817
829289	25170	1432325655817
829289	87339	1432325655817
829289	8847	1432325655817
829289	165018	1432325656020
949323	239974	1432325823543
949323	47352	1432325823558
949323	117870	1432325823574
949323	442721	1432325823590
949323	307306	1432325823605
1061966	166708	1432326317811
1061966	174172	1432326317827
1161163	8278	1432326505466
393237	461686	1432326536315
393237	218794	1432326536361
393237	36972	1432326536361
36989	21832	1432326946195
942926	60980	1432327016214
246158	383912	1432328219862
658171	19269	1432328590363
1161163	399592	1432328717653
57905	395497	1432328867942
1352044	234493	1432329108757
350566	134330	1432329377062
740720	137454	1432329710908
740720	15466	1432329710923
269127	253156	1432330015920
269127	192288	1432330015936
269127	103156	1432330015936
269127	441206	1432330015936
269127	307941	1432330015936
269127	256146	1432330015936
269127	346655	1432330016293
269127	26310	1432330016298
269127	287696	1432330016300
269127	83569	1432330016317
674067	440473	1432330568426
674067	20633	1432330568489
330675	22526	1432330713971
1161163	365409	1432331060578
885899	371400	1432331125722
452189	290227	1432331214744
717370	357133	1432332696895
350566	71640	1432333149275
413676	305072	1432333244349
809822	457970	1432334399219
57905	96935	1432335330701
809822	385892	1432336736222
1161163	261589	1432337767608
1161163	340375	1432337767718
763653	389986	1432339191555
281978	57723	1432340515370
809822	446978	1432340854087
350566	211207	1432341439173
168008	217946	1432341533237
1303988	27537	1432341587981
927838	176397	1432341853931
927838	239656	1432341854512
508863	68454	1432343773208
350566	257070	1432343805277
809822	333244	1432344860612
264190	107438	1432345344863
185564	346283	1432345420764
185564	401940	1432345420878
185564	126576	1432345420891
185564	451987	1432345420905
185564	181712	1432345420919
952882	130113	1432345571476
952882	294424	1432345571543
809822	336562	1432346210608
633161	307201	1432346593908
633161	361856	1432346593908
633161	453697	1432346593924
188716	406693	1432347757849
445564	179290	1432349999914
517088	358895	1432350969815
773156	80978	1432351899345
669994	436549	1432352010591
770292	359844	1432353704247
1161147	319624	1432354646586
1364594	36810	1432354966262
94832	411959	1432355923827
564199	144635	1432356999661
564199	394548	1432356999724
915019	455829	1432358855222
1218239	166487	1432359119914
221249	372169	1432359458213
221249	228229	1432359458229
221249	388536	1432359458229
123036	105430	1432361149388
123036	288355	1432361149388
1220381	251396	1432361374405
867490	358895	1432362297779
132804	285822	1432364910818
1344553	426042	1432365840226
1344553	150641	1432365840226
748994	411959	1432369311113
644422	126555	1432371118745
981868	149230	1432377592701
748427	102535	1432386776340
131725	216271	1432391951305
538288	110302	1432393551454
57905	358906	1432396307204
350566	302239	1432396544062
1272795	460219	1432396590012
1272795	30298	1432396590012
809822	232172	1432396750681
524115	161707	1432396802267
932542	222888	1432397054506
12046	205663	1432397496727
750601	36936	1432399453268
750601	71754	1432400146279
924526	273104	1432400404434
750601	456005	1432401059733
260868	57245	1432401417243
809822	276704	1432403849599
502778	167051	1432403926532
502778	189444	1432403926547
57905	17478	1432404576882
57905	455641	1432404576929
809822	43120	1432405594374
266666	144149	1432405891814
1154784	390395	1432407673060
477941	233695	1432408132225
615473	358895	1432408301641
808547	276282	1432408633084
940301	135856	1432408981291
750601	100393	1432409585223
809822	75331	1432409850575
57905	358895	1432410201221
809822	153797	1432411053476
809822	318004	1432412601977
1329376	178498	1432412610712
1329376	360269	1432412610712
136903	9126	1432414235165
1102019	240708	1432414322700
1102019	44220	1432414322700
1239003	442871	1432415159751
789620	83790	1432415945844
789620	283138	1432415945844
789620	28386	1432415945860
789620	218813	1432415945860
202449	312414	1432416203634
190867	144149	1432417298747
90253	57245	1432417706896
806954	130709	1432417720723
1173362	232129	1432418568594
561220	77708	1432419258334
477505	276883	1432419424727
809822	296536	1432419997252
548479	411959	1432420418286
809822	359844	1432420698226
1169823	422425	1432421983069
750601	165169	1432422087043
1166551	346106	1432422325615
1050618	217935	1432424266711
1257598	23236	1432424511277
1257598	428596	1432424511340
565386	402750	1432425551978
1043832	180009	1432425625005
1358147	57245	1432425658497
302769	86686	1432426934111
384535	77844	1432427979560
57905	151178	1432428350029
57905	205111	1432428350029
1358147	260581	1432428452982
1178082	155196	1432428706220
938994	177036	1432429438730
1358147	407000	1432429770265
1358147	318897	1432429901357
911759	381766	1432430142596
945356	68454	1432430370349
57905	456792	1432431030730
1329523	397168	1432433069996
893962	358895	1432434136314
727821	107367	1432435194576
157614	381211	1432435233562
509679	223587	1432436302289
104182	394052	1432436979829
924724	231819	1432437459700
1346296	57245	1432439002709
1346296	446088	1432439002740
1346296	48378	1432439002756
164985	10219	1432439090951
454731	238766	1432439599967
850317	50752	1432440169667
1117333	42002	1432446065373
599832	212025	1432446139495
599832	205648	1432446139495
505168	255145	1432446346913
256880	371008	1432446668008
796611	348983	1432448844100
1364057	459126	1432463042653
1141925	347167	1432479320097
1141925	226126	1432479320160
1335889	103785	1432479811211
1143383	387373	1432481089040
806787	354151	1432481186325
688314	166327	1432482582108
856909	193828	1432484103507
515977	367588	1432485196767
1035708	427317	1432485941992
221764	436549	1432486076237
532126	388097	1432486354510
1164313	435710	1432486636686
1219487	103785	1432486895681
117422	361656	1432487942076
1143383	390984	1432488472418
1161163	34763	1432488580974
910312	192251	1432489339950
998175	453341	1432489585242
138131	442131	1432490163932
279406	314124	1432491190931
138131	59508	1432491682381
1143383	67182	1432491903727
664735	369040	1432492104703
1396960	332721	1432492413042
1143383	202976	1432493823329
240998	385819	1432494139017
240998	369158	1432494139204
240998	100370	1432494139204
240998	192251	1432494139236
117422	91152	1432496375671
594935	83663	1432496815931
368611	57245	1432496957072
1165947	372902	1432497143739
1351148	234007	1432497451364
279406	304704	1432498643549
637285	443829	1432498855598
637285	249735	1432498855630
454363	49117	1432499916585
375703	235224	1432500083573
176615	165169	1432500231652
1143383	302239	1432500266836
250437	288099	1432500587319
1161163	226980	1432501383282
1193956	258089	1432501962304
885513	144149	1432503165973
1140225	232062	1432503936022
279406	48858	1432506249951
188120	252848	1432506705431
1143383	390093	1432507990788
520400	271393	1432508135645
279406	439726	1432508255332
487723	448336	1432508680173
594603	358895	1432509486845
339765	57245	1432509709229
279406	171430	1432509873694
1172291	144149	1432510159514
682448	303167	1432511108303
1143383	193301	1432512776857
279406	442131	1432512945329
994937	358895	1432514387751
932444	426826	1432515349822
138131	336359	1432517480337
279406	336359	1432517698055
1143383	66424	1432517708860
904880	352441	1432518263993
397729	302478	1432519078860
331639	20092	1432519934180
108759	415781	1432519972086
1111177	438731	1432520725827
1111177	430622	1432520725827
977536	362835	1432521376932
1323594	379520	1432521402373
473021	28593	1432521603271
1031226	358895	1432521769323
1143383	134436	1432522277114
310277	211674	1432522500581
199929	210408	1432522849247
209170	285870	1432523033552
1145025	299038	1432523245525
816102	355099	1432524249811
697426	5470	1432524543074
1355063	334920	1432524876079
341195	57245	1432525412549
273630	256164	1432526269243
397272	392895	1432526384657
579049	42002	1432526963077
618259	331980	1432527726076
619227	147026	1432527765514
971413	447995	1432527950774
1379388	333869	1432532363599
883817	446148	1432532666061
1088393	152236	1432534064409
435977	406775	1432534179414
435977	192413	1432534179476
232275	348196	1432534518146
1384368	277247	1432534745965
1045409	288525	1432535465025
1045409	83175	1432535465025
190756	278059	1432539816601
269284	348882	1432560575766
1262053	36864	1432561772903
719301	340921	1432564422199
286616	318333	1432566775334
138131	267010	1432567354024
723092	340327	1432567498567
636539	52039	1432567626120
258434	189858	1432568700809
1161163	388974	1432568998863
249017	236180	1432569647509
249902	322124	1432570454442
1042112	450216	1432571647251
1042112	23250	1432571647251
424432	393419	1432571979334
1174876	261979	1432572378890
484291	259669	1432572594812
286616	418408	1432572724361
1332318	358895	1432573095538
286616	451019	1432574076880
286616	399926	1432574076880
286616	153336	1432574076880
286616	441751	1432574076880
286616	225585	1432574595888
76757	85579	1432574850047
786486	224182	1432574964972
292365	403760	1432575229992
286616	138434	1432575392432
439811	4606	1432575663820
943466	357371	1432575796756
1161163	240900	1432575833694
563422	204057	1432576820570
563422	371390	1432576820572
673572	64951	1432577175542
681489	321385	1432578054486
1000656	202459	1432578209225
76757	428531	1432578250112
40050	301634	1432578466900
873435	185677	1432578505709
652423	355325	1432578511779
244583	51650	1432578720985
169111	77991	1432578930624
483363	288045	1432579041093
483363	107929	1432579041109
483363	96687	1432579041124
483363	185318	1432579041124
238847	312920	1432579192808
76757	387373	1432579610121
1116368	91105	1432579817604
551469	93556	1432580173107
1000656	357371	1432580553486
367301	188390	1432580915861
727717	321848	1432581394543
727717	202600	1432581394762
727717	274731	1432581394793
1071322	295410	1432582341789
1003058	98425	1432582541304
286616	217382	1432582602623
829289	321722	1432582894059
1000656	460553	1432583296920
568330	37554	1432583966029
891726	421063	1432584043737
915126	321722	1432584198437
327094	382751	1432584785654
742824	292457	1432585223842
877058	17137	1432585561392
877058	446934	1432585561439
1165267	238202	1432586012063
767702	258819	1432586352354
894476	433987	1432587104108
54011	277059	1432587394818
829289	140661	1432587706672
649499	374130	1432587789200
1110744	211158	1432587956753
1288024	157460	1432587958351
829289	99907	1432587993582
829289	281103	1432587993582
76757	166100	1432588034968
903829	370162	1432588485185
820349	316512	1432588726221
452090	448066	1432588777654
138131	205582	1432589545419
138131	356626	1432589545419
138131	67486	1432589545419
800777	249434	1432590111866
727739	224614	1432590126198
516648	78163	1432590276858
229872	309778	1432590314057
1346082	43120	1432590355395
247916	141908	1432590405718
829289	289922	1432590886461
76757	346673	1432590987875
1184428	424724	1432591085988
1184428	207796	1432591085992
829289	107875	1432591361402
268342	193665	1432591578129
1171393	335630	1432592274606
829289	119736	1432592542479
829289	162375	1432592542479
1264264	302948	1432592671868
1161163	407658	1432592766805
1358060	334947	1432593053099
1358060	404615	1432593053115
1358060	270938	1432593053130
1358060	175322	1432593053130
1358060	388673	1432593053146
1358060	19583	1432593053146
17800	387780	1432593400722
1288024	233313	1432593739111
76757	397498	1432594083094
627121	20623	1432594733976
745358	213829	1432594748842
745358	318333	1432594748905
1081901	99596	1432594944173
684679	19883	1432595031943
829289	138661	1432595173581
138131	381265	1432595176725
138131	344071	1432595176725
565788	209112	1432595804807
565788	47415	1432595804807
1338521	398489	1432595915350
829289	260256	1432596143818
829289	191581	1432596143818
490916	136682	1432596162273
1113351	346673	1432596349760
1113351	373014	1432596349839
76757	89977	1432596579557
1130204	1022	1432596776631
1130204	449559	1432596776631
947666	114137	1432597312905
196114	445115	1432598991270
76757	463329	1432602189347
76757	57245	1432602385193
138131	449391	1432602644669
138131	441734	1432602644685
286616	221614	1432604374676
136630	23762	1432604398140
450579	169285	1432604456378
483471	194831	1432604614941
76757	314789	1432604989292
446421	436687	1432605899051
148602	398489	1432606255261
286616	397692	1432606443718
300210	289922	1432606821257
1128102	381211	1432607271386
768931	371008	1432607424105
469048	174628	1432607441003
428870	57245	1432607498830
1081624	380493	1432607786350
469048	459201	1432607851133
316850	237448	1432607926311
1009185	437264	1432608770604
480744	324759	1432608995842
480744	49466	1432608995842
480744	429962	1432608995842
615631	448601	1432610269170
32378	350397	1432611630058
32378	269611	1432611630059
1326080	272813	1432611695905
230380	191494	1432613442504
1238935	263744	1432613911260
46805	22436	1432614248953
711410	311578	1432614424731
711410	278319	1432614424731
711410	349539	1432614424731
1342432	32267	1432615016405
513497	243928	1432615033318
102742	126214	1432615352983
73679	240900	1432615408664
799355	221290	1432618200400
849838	238202	1432618897195
293077	346673	1432620979833
692676	448601	1432621642924
1329074	254196	1432625242595
495385	260609	1432647708046
347598	34709	1432649548313
347598	381031	1432649548313
544205	440807	1432649556881
240564	422679	1432649890905
447164	148285	1432650101494
804418	310524	1432650443017
288003	1423	1432651855093
503469	254432	1432652161440
451001	50133	1432652687767
157119	439442	1432652824189
157119	88560	1432652824298
982634	441415	1432652943636
982634	238202	1432652943714
911693	387377	1432653203937
256465	394290	1432654002152
927838	406705	1432654162310
668227	432504	1432654440031
17746	440912	1432655644204
803791	223377	1432655856340
280722	352742	1432656742753
931515	300133	1432656982651
1149213	448601	1432657071955
443581	318333	1432657899518
26533	193408	1432658310978
26533	60479	1432658310978
26533	148338	1432658310978
1162129	464073	1432658454424
581495	306433	1432658662059
938513	458637	1432659859423
198153	67336	1432659888841
185552	212767	1432660112418
699341	257551	1432660570004
1145382	365015	1432660705239
1145382	417464	1432660705302
1145382	373514	1432660705302
1402869	423810	1432661292448
832751	321521	1432661327193
11248	29196	1432661465287
674233	268883	1432661702778
1085829	132683	1432661965521
1050485	45870	1432661976535
1008851	120073	1432662551820
1008851	338318	1432662551820
327437	90782	1432663302200
327437	215522	1432663302215
210388	242596	1432663696336
77659	243949	1432663775838
11248	409804	1432664493725
809822	192138	1432667123334
495139	298560	1432667178867
664310	124814	1432667185006
897308	448601	1432667424166
829289	360344	1432667771670
829289	399069	1432667771717
809822	114403	1432668109871
813417	464286	1432669096175
278171	109427	1432669132873
96705	346186	1432669742231
829289	285055	1432669755553
76757	385769	1432669828045
99743	424387	1432669930717
809822	168224	1432670215272
639216	178358	1432670668598
372687	156591	1432670796431
222046	363831	1432670829153
222046	222119	1432670829231
222046	121865	1432670829341
222046	286962	1432670829434
222046	367726	1432670829684
222046	27847	1432670950534
809822	308628	1432671037588
1397172	150100	1432671138186
452316	77173	1432671333569
809822	188148	1432671795815
359681	15466	1432672589936
808207	39933	1432672907673
808207	135142	1432672907735
808207	27736	1432672907735
829289	440912	1432673062854
163561	217387	1432673328292
942616	269892	1432673444995
668637	221329	1432674572490
528211	340375	1432674776636
509109	306419	1432674930790
509109	111502	1432674930853
509109	315193	1432674930947
509109	441813	1432674930947
1018513	50645	1432675033229
1189000	430292	1432675105511
121714	309819	1432675137880
809822	396853	1432675265131
76757	17478	1432675723786
829289	390799	1432675942696
581980	246825	1432675946702
76757	130226	1432676061281
548132	30813	1432676094606
548132	198934	1432676094606
1231533	22436	1432676177081
163561	173253	1432676367527
76757	128118	1432676397513
66313	144991	1432676733458
1134975	176106	1432677249746
1134975	352230	1432677249793
809822	460728	1432677254297
511779	16344	1432677343891
409649	82232	1432677540025
72569	139725	1432677592317
220948	373490	1432677935704
809822	441782	1432678124834
316850	270383	1432678583149
316850	134131	1432678750650
117436	268586	1432679240714
836341	302887	1432679293336
163561	395823	1432680570445
163561	380484	1432680570445
918289	246324	1432680596007
809822	210524	1432680683981
163561	16200	1432681209779
163561	344071	1432681209794
1374631	326369	1432681424043
1224670	56303	1432681627541
809822	24292	1432681714575
750601	158262	1432682185584
750601	119736	1432682185584
489659	159780	1432682216215
986104	448601	1432682232648
793157	290227	1432683865040
879907	316472	1432683941905
286616	294219	1432684309806
288422	290227	1432684542752
1176079	256721	1432684767864
76757	18155	1432684775021
1081741	165337	1432684867000
286616	229037	1432686380406
809822	354881	1432688022795
809822	331937	1432688022827
441318	234142	1432688356686
442692	465135	1432689079172
163561	180009	1432689582141
163561	287467	1432689582141
286616	448601	1432689585035
346276	367346	1432690174118
649946	107020	1432690526943
1254385	62641	1432691072756
722470	448601	1432691689697
824550	361805	1432692066929
404403	218626	1432692565573
395522	23762	1432693086972
163561	266825	1432693823479
1380711	237422	1432694194956
1380711	408504	1432694194971
286616	213695	1432694199677
404403	338148	1432694570404
163561	405649	1432695264991
286616	27832	1432695433085
395522	280342	1432695502560
651334	36278	1432695551940
958255	124530	1432698340579
958255	141629	1432698340610
958255	340800	1432698340626
830875	67438	1432699784265
830875	267641	1432699784265
843438	64396	1432699946991
843438	116565	1432699947085
374903	448601	1432700104652
1335349	126044	1432700263401
453067	465421	1432700316029
453067	325772	1432700316091
1281645	156061	1432700407912
124511	381974	1432701618814
289019	287467	1432701904981
289019	180009	1432701904997
867277	393978	1432702555886
1342293	190534	1432704458042
1158127	165259	1432706230746
1158127	247755	1432706230762
1158127	59584	1432706230762
665308	185994	1432706761351
1219187	102618	1432707438278
987255	264179	1432707753437
28161	166100	1432708308373
154689	442725	1432708802006
154689	316255	1432708802022
278831	243171	1432709114019
114903	372188	1432710176811
458856	179290	1432734155739
835424	193828	1432734587544
517690	313019	1432737005835
756632	344071	1432737903660
756632	381265	1432737903660
1007692	301682	1432738233361
819547	281480	1432738597845
819547	443344	1432738597970
551250	358895	1432738748515
819547	350270	1432739012372
831139	31239	1432739560615
831139	30336	1432739560619
888834	355671	1432739791291
865943	395091	1432740090247
404403	268335	1432740207785
1143383	101561	1432740212729
997256	178416	1432740423883
899857	179383	1432740717916
915759	279457	1432741311575
1208048	463693	1432741411924
227091	83707	1432741977641
1143383	143643	1432742117822
559278	348146	1432742381019
530617	82125	1432743508054
1073653	153797	1432743548880
602875	77647	1432744025156
547852	92436	1432744426737
404403	272813	1432744603652
547852	234371	1432744830434
1259588	207162	1432745747676
1220372	48715	1432745794199
547852	378845	1432746145986
535471	456874	1432746242334
535471	423457	1432746242412
435940	92271	1432746326471
1143383	378258	1432746327166
400596	217869	1432746823775
537692	236158	1432747523733
537692	178358	1432747523780
227091	17478	1432747737008
454690	315543	1432747756065
1143383	101288	1432747809119
899857	50934	1432747831312
899857	177615	1432747831468
1016855	13717	1432748007414
1020462	384521	1432748187040
227091	44261	1432748190983
156453	7943	1432749261670
344959	264858	1432749506979
404403	240558	1432749711961
404403	449946	1432749712070
73645	437371	1432750075347
404403	378845	1432750130431
839860	328696	1432750369359
227091	275559	1432750557796
869663	442131	1432750724323
85734	103952	1432751063114
422668	314789	1432751147805
227091	294245	1432751369759
826663	382499	1432751654950
469410	77155	1432751796474
469410	214190	1432751796490
469410	61632	1432751796505
59803	278872	1432752049491
528169	34627	1432752151935
468466	165337	1432752345977
235906	5470	1432752996549
230478	443709	1432753008516
1278398	449489	1432753134685
404403	120259	1432753149344
1143383	34627	1432753663878
566355	340749	1432754034406
436639	165337	1432754382733
404403	332224	1432754477956
179091	290999	1432754833319
645352	36868	1432755639303
645352	339881	1432755639412
660677	39673	1432755644414
295185	95598	1432756727900
1143383	229598	1432757083857
994979	106575	1432757957908
100020	70387	1432757973399
1396084	294766	1432758012575
404403	197968	1432758057359
211590	368024	1432759341786
38245	126044	1432759454971
547852	460553	1432759949717
1266679	86484	1432760031399
885852	155854	1432760966051
547852	829	1432761217067
756716	155934	1432761335219
142511	301717	1432761357455
404403	197980	1432761767366
402233	144053	1432761894983
978112	411920	1432761921619
978112	109924	1432761921619
149673	352841	1432762673278
868505	158221	1432762697576
868505	6731	1432762697576
478054	62327	1432763622001
478054	395845	1432763622016
478054	111572	1432763622016
478054	438756	1432763622032
478054	33487	1432763622048
478054	234198	1432763622048
478054	392526	1432763622063
478054	202920	1432763622063
478054	356457	1432763622079
478054	128682	1432763622095
478054	362340	1432763622126
478054	390799	1432763622141
478054	57788	1432763622235
404403	92668	1432764731725
440745	258058	1432765064881
1014288	267601	1432765651279
690130	352931	1432765949629
203639	188320	1432766034858
203639	399983	1432766034874
163561	250908	1432766265004
547852	339517	1432766709106
163561	331725	1432766746191
929638	260609	1432767182698
234475	125927	1432767388286
129237	448601	1432768343174
547852	402455	1432768411510
446206	173806	1432768750609
446206	375207	1432768750616
446206	101238	1432768750618
817978	325256	1432768757984
948336	304314	1432768977628
1143383	85579	1432769387177
1205233	318297	1432769514978
511646	27832	1432769663057
1117144	10173	1432770559646
7969	88032	1432770620765
1153970	447632	1432770690660
65471	257040	1432771490925
537189	224605	1432772549757
1069511	35317	1432772875235
547852	401682	1432772880204
35339	443407	1432773573478
1134975	122219	1432773722547
1134975	99907	1432773722547
163561	460553	1432774267834
644522	257773	1432775155051
163561	43526	1432775277423
221809	455887	1432775717142
228280	157784	1432776838769
228280	129356	1432776839318
547852	85579	1432777614526
1026160	380444	1432777714268
163561	52039	1432778248196
1002973	85579	1432778331134
163561	339917	1432778666036
376236	40593	1432778952831
1028180	153135	1432779647666
1363632	272907	1432780062135
1357459	462217	1432780703576
182156	460648	1432780785551
182156	26374	1432780785598
182156	180009	1432780785598
182156	92914	1432780785598
1326801	421739	1432781050380
1060630	364664	1432781664650
308342	111083	1432781905209
996699	440560	1432782135528
1277987	187138	1432782974194
1277987	398778	1432782974228
1277987	400946	1432782974254
617101	245852	1432784374577
617101	306086	1432784374639
763257	182724	1432784537281
763257	241523	1432784537281
763257	16103	1432784537313
763257	460171	1432784537313
763257	438267	1432784537329
763257	358167	1432784537329
763257	81622	1432784537344
763257	301584	1432784537344
763257	348509	1432784537368
763257	15123	1432784537368
763257	273169	1432784537384
763257	178438	1432784537400
763257	446221	1432784537400
763257	250322	1432784537418
1314472	312728	1432785380470
679201	13280	1432785440689
679201	82687	1432785440689
679201	280171	1432785440704
1139336	277514	1432786102243
1166248	356455	1432788265064
324330	348361	1432788946364
138391	230257	1432789829237
476773	73535	1432790918537
304654	29196	1432791647254
729708	55925	1432793916219
617191	36701	1432795137241
688234	357474	1432796108287
496425	283115	1432799022797
717708	325852	1432817128510
831166	94187	1432822612073
368787	465650	1432823159397
912102	387373	1432824080401
248428	73123	1432824875051
404403	85579	1432826333955
803150	340616	1432826887420
163561	243376	1432828192692
756716	8089	1432828609556
163561	101747	1432828637692
438357	141461	1432829187146
227091	35779	1432829629915
1174600	341862	1432829846815
1174600	230281	1432829846924
1235152	384222	1432830446395
1130868	277943	1432830830610
163561	224614	1432831156390
118580	250439	1432831657945
1151781	26634	1432832338792
450977	375021	1432832400549
76757	321385	1432832551020
163561	189926	1432832909345
163561	284045	1432832909376
404403	17478	1432833112350
76757	243171	1432833164510
65210	321385	1432833201925
86609	25744	1432833537265
842249	340749	1432833582799
630073	232824	1432833613274
83600	329595	1432833960509
83600	134767	1432833960524
404403	95426	1432833973245
404403	150215	1432833973245
57905	292444	1432834000446
275832	415610	1432834372222
404403	242521	1432834473155
163561	145197	1432834581300
180504	68607	1432834718445
1387427	46600	1432834887814
350566	204209	1432834940377
350566	85914	1432834940377
484641	448972	1432835130472
1295664	461671	1432835594277
321381	444848	1432836054042
227091	153455	1432836246503
1200726	286268	1432836586294
350566	206809	1432836644248
350566	442725	1432837124307
350566	9087	1432837124307
350566	94344	1432837124308
949562	210132	1432837281891
694497	118401	1432837494417
350566	200242	1432837564687
1172388	290433	1432837691009
227091	150173	1432838003880
477155	234255	1432838037833
570944	175243	1432838579062
65149	363145	1432839095053
1341635	238928	1432839124482
350566	214757	1432839166012
911744	29196	1432839406431
1341635	431216	1432840262853
350566	264801	1432840344225
1161163	88425	1432840559767
837186	383019	1432840643034
1301567	354527	1432841082400
1301567	134329	1432841082400
350566	249207	1432841095810
800723	459835	1432841191599
800723	314074	1432841191646
350566	404129	1432841433113
647428	285651	1432841745934
350566	374092	1432841838442
741119	415610	1432842179322
762073	258621	1432842326471
350566	23251	1432842393869
29531	92682	1432842458645
350566	222208	1432842844578
1124617	143643	1432843309792
1261991	303517	1432843440179
1261991	187549	1432843440179
1247882	332224	1432843563200
690114	358385	1432843573341
1347094	357371	1432843575575
392826	413250	1432844178447
392826	439646	1432844178728
127240	406071	1432844424756
358407	227076	1432844583607
203482	60980	1432844666886
738198	46041	1432845114503
350566	442131	1432845188813
350566	332721	1432845188813
1114772	33139	1432845713838
1372125	7943	1432845934581
163561	441620	1432846253713
592998	379294	1432846621161
645995	256619	1432846663415
645995	378045	1432846663431
350566	170262	1432846764371
57905	141908	1432846847914
163561	411886	1432846881133
1132933	69408	1432846990169
1230122	188148	1432847356812
163561	257767	1432847592843
163561	457906	1432848222447
429126	73593	1432848231290
1313381	374272	1432848321673
76757	320970	1432848421168
222046	157256	1432848571639
222046	383841	1432848571857
15653	371985	1432848721912
389069	369933	1432848840757
404403	187200	1432848905972
194416	17478	1432850035616
514217	406978	1432850154983
350566	215904	1432850192671
55270	259487	1432850756107
1276175	236654	1432850775447
404403	16813	1432850910847
1136931	430640	1432850982353
1136931	335661	1432850982353
1399991	104544	1432851132170
260578	172269	1432851240107
163561	79097	1432851322897
404403	422425	1432851433260
1170453	337512	1432851829630
1170453	310673	1432851829630
350566	234255	1432851856715
835648	113233	1432851990072
1351796	416992	1432852100892
1351796	377603	1432852100892
1351796	257245	1432852100923
1351796	62275	1432852100939
1351796	319723	1432852100970
1351796	392655	1432852100986
1351796	186702	1432852100986
1351796	94437	1432852101032
44885	178250	1432852103386
1297940	458783	1432852597437
1313381	138661	1432852774206
299636	34853	1432852844806
350566	195234	1432853071477
195721	332721	1432853368490
195721	442131	1432853368490
350566	229577	1432853686744
404403	111083	1432854150034
408637	200242	1432854278637
76757	60980	1432854820628
350566	57577	1432855538632
350566	302391	1432855972595
76757	267010	1432856317826
350566	459480	1432856423634
404403	428067	1432856740290
404403	179136	1432858344414
1155663	298560	1432858803539
933696	7943	1432859239424
405759	363040	1432860955479
1010834	463767	1432861003687
1010834	67240	1432861003687
1010834	105009	1432861003703
1010834	458061	1432861003703
350566	372845	1432863463549
939169	442686	1432864238248
350566	259964	1432865181746
1016234	137633	1432865367371
350566	361554	1432866354068
669387	255812	1432866358105
404403	359040	1432866742479
406325	115250	1432868823271
381263	339917	1432868927267
856753	60980	1432871155629
1273401	102525	1432871437914
1273401	130121	1432871437994
280031	305311	1432871635754
445226	36810	1432872668076
706640	165648	1432874490076
1359060	318333	1432874863875
1228795	168952	1432876233566
626320	111912	1432880819647
83319	177618	1432888758802
867365	289200	1432893604695
1021170	242521	1432902665915
440899	239235	1432904910082
98071	388333	1432908172657
98071	400644	1432908172688
98071	331381	1432908172688
98071	127688	1432908172704
98071	288105	1432908172719
98071	42841	1432908172719
974291	91210	1432910617811
320434	280970	1432913841338
1040075	57868	1432913843568
253391	230911	1432914452474
377073	461765	1432914496992
412120	254418	1432914574744
1101754	450839	1432914882214
320434	154766	1432914883650
1143344	421207	1432914903510
1143344	138434	1432914903510
1143344	204494	1432914903526
804113	44753	1432916220607
1137634	422671	1432916276787
24662	195234	1432916329425
489217	454784	1432917233780
76757	46156	1432917234929
899857	296862	1432917598045
1143383	288418	1432917756076
38102	161663	1432918144775
1336520	333803	1432918480092
750601	272634	1432918545229
647350	422671	1432919961543
1070882	63092	1432920196856
899857	58846	1432922611192
899857	300670	1432922611207
899857	172309	1432922611348
899857	308648	1432922611364
1137634	67434	1432924288002
1143383	113233	1432925344684
1336094	246124	1432925945360
573397	357133	1432926570967
900369	304685	1432927200390
234161	192284	1432927582235
163561	177636	1432928238109
1137634	355671	1432928755080
1137634	298135	1432928755096
1143383	355925	1432928923798
626013	318333	1432929101049
919820	167750	1432929266196
229157	457162	1432929887859
22990	322551	1432929937720
22990	203569	1432929937720
22990	425963	1432929937720
22990	287796	1432929937720
22990	32944	1432929937720
22990	81916	1432929944413
22990	76146	1432929944413
1312434	85914	1432930706612
109357	306494	1432930961722
109357	14003	1432930961754
109357	388308	1432930961785
109357	106874	1432930961785
109357	39028	1432930961785
76757	465226	1432931529872
163561	185305	1432932006717
625795	113641	1432932138144
625795	275344	1432932138144
272457	350465	1432932140940
531661	416170	1432932251274
1093946	300133	1432932587758
272457	217003	1432932671179
328736	195423	1432933340739
328736	250248	1432933340739
1212041	304685	1432933638618
76757	435727	1432934016716
123291	285006	1432934421269
811841	301682	1432934454440
895999	415610	1432934725963
997925	72113	1432934840247
150133	262666	1432934889096
76757	269258	1432935004089
1056247	113233	1432936482076
1161163	154532	1432939095269
1081566	89212	1432939302554
480666	260611	1432940392902
990306	42002	1432941273546
990306	304445	1432941273562
1143383	226940	1432941445008
442319	97750	1432941957841
1208531	201418	1432942679942
1234052	463871	1432942742441
109357	273872	1432943789603
109357	354106	1432943789634
109357	140527	1432943789681
109357	263501	1432943789697
109357	120098	1432943789713
109357	256146	1432943789791
109357	172370	1432943789791
56332	398489	1432943876169
1188257	27897	1432944572318
1188257	329867	1432944572318
483098	76941	1432944591560
612386	95426	1432945280746
641366	347113	1432945438611
1329573	70575	1432946549774
172244	276883	1432947274609
884495	85579	1432947395251
244553	358417	1432947602616
1181200	149939	1432948970127
1053351	325844	1432949127620
1345124	214183	1432950318680
1143383	119736	1432951423778
1143383	186702	1432951423778
1143383	71754	1432951423809
1161163	109795	1432951971005
492191	79378	1432953255771
1193588	60323	1432954063796
1193588	250565	1432954063796
1335604	92022	1432954661508
163561	179033	1432954748776
1242825	16728	1432955541447
377478	74789	1432957608853
1115637	157460	1432957873385
746554	332065	1432960179838
353096	181315	1432962969933
353143	30964	1432963496132
441381	39854	1432963653930
54002	361834	1432964351755
746554	306590	1432964584050
746554	110424	1432964584128
936360	224799	1432973976760
718748	16304	1432991056520
996157	463663	1432992258305
1181395	1279	1432994427458
1331585	392655	1432994825328
1331585	62275	1432994825359
1331585	186702	1432994825374
1331585	416992	1432994825390
1331585	235559	1432994825471
183620	260957	1432997108410
520278	190243	1432997878896
818254	422827	1432999608560
544849	4537	1432999742333
1341202	163990	1433000277052
1337853	329595	1433000888821
1292053	240262	1433001718039
404403	21886	1433003346177
851049	174265	1433004779311
895690	362697	1433005401382
809388	132683	1433005450570
1341202	456005	1433005543273
1341202	124193	1433005543273
1341202	119736	1433005543305
326274	443829	1433005584906
320097	41367	1433005761829
57905	462742	1433006179472
404403	243376	1433006363861
1341202	126332	1433007090817
1341202	466526	1433007460506
286616	15776	1433008511656
1341202	246113	1433008931390
286616	46232	1433010046987
808813	1891	1433012922678
644422	398489	1433013119088
644422	404763	1433013119088
644422	118448	1433013119088
566590	439242	1433013121310
769241	85579	1433013268885
919302	213373	1433013436867
919302	294833	1433013436883
919302	67593	1433013436900
404403	63859	1433013823963
232133	301656	1433014191476
1162982	177354	1433015075375
465999	379520	1433015410283
404403	138434	1433015521399
57905	95426	1433015557543
57905	150215	1433015557543
57905	204209	1433015557543
286616	343360	1433015701436
286616	77647	1433019170734
57905	392945	1433019349777
57905	342777	1433019349777
57905	87915	1433019349793
76565	217068	1433019420970
1132150	436748	1433020315527
361291	29196	1433020693847
683598	372581	1433020870131
853860	453390	1433020880178
375772	77399	1433021273075
1388288	141572	1433021701721
95536	261455	1433021857628
404403	86894	1433022175564
404403	422481	1433022175564
404403	235748	1433022175564
389066	369933	1433023643738
145274	195553	1433023851521
145274	420697	1433023851537
145274	439312	1433023851537
286616	92466	1433024210876
286616	305588	1433024210876
286616	52941	1433024608921
404403	421606	1433025352339
286616	190463	1433026303506
590239	436219	1433026852277
475994	210822	1433026938417
1053351	255622	1433027390914
789793	161623	1433027765883
789793	119736	1433027765883
789793	212917	1433027765883
13764	8096	1433027850759
240645	429846	1433030454490
404403	175555	1433030509366
286616	342777	1433032465276
286616	381982	1433033190760
1381119	185117	1433033627563
404403	448494	1433034831096
290565	170372	1433037091161
782169	274460	1433038439946
433471	226111	1433040567692
1259476	406543	1433041104735
934648	273878	1433041700273
943950	66621	1433042058222
943950	47457	1433042058238
327548	175668	1433042836268
575045	442131	1433043896407
1377052	227628	1433044091913
643085	256473	1433044355844
1083495	129643	1433044449697
420941	422948	1433046231575
967034	158575	1433046433078
922843	69507	1433046651796
1246731	23438	1433046931875
629422	234261	1433049442277
626237	126929	1433052828181
1232231	369447	1433053970381
626237	114256	1433054124699
507103	400899	1433054128234
507103	96233	1433054128281
1013847	357054	1433054159716
50847	415242	1433054634042
644346	306199	1433060343056
571268	143416	1433063050869
636710	392583	1433064063508
636710	109308	1433064063508
301341	28144	1433074821472
185269	420960	1433080437447
1181007	461233	1433084845916
1288368	339578	1433088409160
57905	69127	1433089104786
818116	394052	1433089870548
818116	222285	1433089870548
57905	184628	1433089933805
253365	282035	1433090000621
241246	182003	1433091291786
241246	141157	1433091291899
769140	95650	1433091315488
261301	233695	1433091411649
57905	192948	1433092000417
493111	22436	1433093125455
1385109	314124	1433093281167
1385109	359439	1433093281183
1385109	105277	1433093281230
1110280	371817	1433093797353
767636	34560	1433094617294
57905	452986	1433095740732
506308	262521	1433095776686
506308	62275	1433095776733
506308	437778	1433095776733
57905	12984	1433096584773
1373037	133985	1433096802284
1373037	374390	1433096802300
591869	434814	1433097404273
919420	268881	1433097626413
57905	257645	1433098162851
1170264	461686	1433098983288
1264468	7943	1433099079831
31236	366186	1433099815181
1271695	356029	1433100313119
1264468	123453	1433100458942
259278	277767	1433100590038
623548	234390	1433105258763
1256020	216687	1433105394727
1256020	75458	1433105394758
525183	290628	1433105698346
259278	319855	1433106357652
657394	281211	1433106768338
815259	255528	1433106879811
474650	92361	1433107931985
224497	334273	1433108390544
665788	197621	1433110953481
22990	455523	1433111190248
22990	58905	1433111190341
591869	249823	1433111368852
259278	373345	1433111410482
259278	389158	1433113054994
31613	262813	1433113496930
850520	202634	1433113938533
850520	415888	1433113938627
49120	36864	1433114073104
215902	101288	1433114453298
927784	447661	1433115242580
259278	216044	1433115823240
259278	25071	1433116407795
1363671	247930	1433116604966
1255510	391605	1433116976587
1349713	448817	1433117268369
1394982	243171	1433117305572
719915	340808	1433117356479
1235469	293126	1433118389117
895999	303715	1433119098600
1217016	73593	1433119127095
57905	128569	1433120174001
57905	73593	1433120174063
895999	12217	1433120316304
591869	227781	1433120639402
366202	460553	1433121700967
379092	159380	1433121850930
1364781	34977	1433122841700
57905	69619	1433123051408
307264	379481	1433123530278
456079	179290	1433123826038
404403	55706	1433124206803
57905	178274	1433124562692
381186	172113	1433126016622
1228414	181527	1433126047692
712443	445821	1433126258893
530863	418826	1433127935092
718314	413599	1433128640592
571830	58638	1433129449020
645326	7943	1433129793347
306049	291893	1433130165970
802717	215363	1433130295548
1224025	301531	1433130781568
999295	430491	1433130930969
497167	80502	1433131079652
811310	303715	1433131446664
1046172	109663	1433132936443
361302	203571	1433133481458
530863	218612	1433133627111
886166	251734	1433133799417
886166	309275	1433133799433
886166	234431	1433133799527
601615	141328	1433134271264
367376	109663	1433134560559
705492	42002	1433134737169
166371	352822	1433134746514
677721	36810	1433135961772
964795	325585	1433137653606
178066	381613	1433139388863
244838	102573	1433141032674
157419	100367	1433143128786
157419	150185	1433143128833
157419	63769	1433143128864
157419	135703	1433143128880
1166562	103311	1433154271395
826010	138356	1433159711054
505565	243566	1433164275232
1012089	346139	1433165859828
1291803	375181	1433169372254
1364162	315543	1433171142950
347598	55731	1433171446599
293206	379092	1433172696636
1162858	387373	1433173086195
1026720	8426	1433173374975
1088275	288418	1433173991714
282705	431447	1433174371620
189384	310791	1433174518180
189384	299044	1433174518180
1381613	189444	1433174726623
309647	19883	1433174948216
1242777	430292	1433176253107
102019	150318	1433176736375
102019	49521	1433176736422
34648	281211	1433177009579
1406787	336832	1433177808042
820159	336832	1433178313291
1161163	321712	1433178463438
1161163	9376	1433178463438
1093035	193623	1433178577181
286616	226820	1433178769532
350566	183049	1433179168041
820159	202052	1433179768674
820159	44882	1433179768830
138131	144076	1433179832884
977567	177773	1433179923397
1252850	277201	1433180034080
1093035	448494	1433180098349
322407	260957	1433180103843
286616	303828	1433180140086
945184	245400	1433180403455
138131	245168	1433180634921
555094	42260	1433180771663
873401	281211	1433181200010
81688	99610	1433181549748
138131	150882	1433181549959
138131	14932	1433181549959
1018325	96940	1433181783046
191439	821	1433182217238
570360	430292	1433182397420
404403	150100	1433182772710
286616	183087	1433183293418
1235292	221963	1433184018826
1235292	4887	1433184018826
1235292	150183	1433184018826
1235292	272455	1433184018826
1235292	326447	1433184018826
1235292	50577	1433184018826
1235292	133247	1433184018920
1235292	240004	1433184018951
1235292	63975	1433184018951
1192199	461765	1433184055367
350566	54058	1433184261340
350566	284871	1433184261371
404403	4887	1433184342152
404403	416187	1433184342293
404403	234199	1433184342308
404403	36013	1433184342341
404403	146735	1433184342341
666960	89977	1433184438292
1212037	32147	1433184534685
1346478	181202	1433184956036
497826	380493	1433185053966
866540	329522	1433185330109
1161163	383396	1433185467024
404403	167985	1433185512896
295220	335630	1433186012285
1161163	403566	1433186143040
416426	428015	1433186686648
480593	107195	1433187146713
404403	50934	1433187283751
422787	259078	1433187596017
1094490	454964	1433187728616
1236753	185179	1433187765442
1236753	435090	1433187765442
1236753	336393	1433187765442
1161163	345211	1433187889318
162815	1684	1433188477639
1001673	366859	1433188585658
1344887	446524	1433188606423
1161163	339917	1433188632471
639964	360258	1433188819667
404403	118199	1433189243087
1233931	445821	1433189637878
1249058	127926	1433190308987
346597	427749	1433190551915
350566	268335	1433190559806
850173	243470	1433191555600
350566	369093	1433191559664
217773	308648	1433191943403
500008	310206	1433193085532
121688	380775	1433193499698
121688	12836	1433193499698
121688	237753	1433193499713
121688	400969	1433193499729
121688	105792	1433193499745
121688	317178	1433193499760
121688	25353	1433193499776
121688	302422	1433193499807
121688	80582	1433193499838
121688	15335	1433193500981
121688	200793	1433193501043
552148	81345	1433193915008
820159	259078	1433194316927
1093035	355994	1433194569585
539910	385201	1433195097894
1093035	71733	1433196034041
464138	428257	1433196261122
273406	140527	1433196272928
273406	120098	1433196272944
273406	124065	1433196272960
273406	246997	1433196272975
273406	256146	1433196272991
273406	410587	1433196273007
1366259	384399	1433198283947
1360085	104801	1433198351627
55135	164885	1433198382539
1307202	181576	1433198836721
84327	264774	1433199121219
608628	57245	1433199257394
396761	36873	1433199306504
22090	205566	1433199643887
608628	185598	1433199718976
854740	115530	1433199871847
1139092	259114	1433201125706
1050805	251415	1433201358406
1050805	78822	1433201358437
308270	384895	1433201443950
319880	7943	1433202096802
404403	26210	1433202709062
820159	111306	1433202788608
876581	125862	1433203309713
1285763	317435	1433205040692
1041255	10034	1433205161452
350566	241716	1433205452821
1134975	303960	1433205732922
328126	159822	1433206419951
708918	275559	1433206785637
350566	251130	1433207013894
350566	261940	1433207013894
350566	277119	1433207013894
813069	201598	1433207202981
504901	367664	1433207298898
455557	213695	1433207380667
611548	442837	1433208241913
350566	370745	1433208567481
350566	192990	1433208567481
61806	68242	1433208587406
1020169	226728	1433208822979
1020169	175555	1433208823027
1331125	185896	1433209368340
911093	277119	1433211518562
911093	251130	1433211518578
911093	261940	1433211518594
800638	27812	1433211519825
956011	338308	1433212286455
536757	303517	1433212724916
422045	361554	1433212910465
1281446	55925	1433213354800
748120	427499	1433215520956
1166817	7943	1433215970293
530205	458637	1433216315975
1233140	167827	1433216459038
1233140	387504	1433216459038
1233140	390167	1433216459038
1162858	463280	1433217292740
996134	461180	1433217654699
1042749	448601	1433218466987
1299250	422948	1433218598043
571258	50329	1433218772086
754142	63489	1433219570700
1168808	189444	1433219596058
770690	190260	1433220001968
254621	404936	1433220252198
158090	10572	1433221326923
1043433	181045	1433222027775
599528	356475	1433222276276
529601	161166	1433222536130
1076270	262799	1433223390388
1076270	36035	1433223390388
992844	322078	1433225582252
361387	43485	1433226083071
262607	383396	1433227105920
992447	324670	1433232930235
425069	25688	1433242909493
425069	167501	1433242909571
1406087	261886	1433244264770
1406087	19269	1433244264771
652566	250618	1433245849602
1170936	272563	1433245861933
589789	217840	1433250410522
1200007	266085	1433255440772
149854	346655	1433258692679
149854	358598	1433258692694
149854	207993	1433258692694
149854	204808	1433258692694
691766	417008	1433258874136
691766	8611	1433258874136
213240	241274	1433258954508
138131	326449	1433259838046
12148	157438	1433260083007
12148	193554	1433260083023
12148	428040	1433260083023
1209965	216786	1433260313767
1209965	349537	1433260313819
1209965	427499	1433260313947
1143344	451207	1433261006099
213145	382499	1433261127230
37382	255708	1433261278451
371941	134309	1433261335499
1314032	100393	1433262070617
470165	46156	1433262098621
65249	130231	1433262631633
893043	362606	1433262893341
705177	319855	1433262951538
536804	6364	1433262959938
536804	273555	1433262959938
536804	406071	1433262959938
536804	160272	1433262959938
536804	276282	1433262959938
536804	331159	1433262959985
634120	7943	1433263755948
1197550	362851	1433263919217
1197550	367790	1433263919248
1366764	243980	1433264013976
226547	460553	1433264051542
859454	402462	1433264927231
859454	23626	1433264927247
859454	309438	1433264927262
1218905	444190	1433265045979
1274063	189764	1433265997637
482439	463280	1433266159918
625795	118024	1433266320403
138131	161911	1433266570016
213145	44845	1433266863603
213145	21198	1433266863603
138131	86844	1433267079777
595321	322666	1433267337608
771946	368025	1433267710435
771946	425468	1433267710542
479324	21886	1433268036879
592348	199348	1433268051196
167489	374554	1433268054794
99830	219821	1433268156454
99830	329443	1433268156689
712844	366421	1433268375573
928046	456056	1433268375760
928046	156896	1433268375760
308437	436938	1433268416135
213145	205139	1433268510501
805204	281480	1433269428344
139064	267010	1433269475604
161529	164035	1433270163555
1026208	240822	1433270175708
138131	268956	1433270433216
101161	199975	1433270602320
805204	271268	1433271100601
138131	288525	1433271162004
138131	289096	1433271162004
1318394	318333	1433271494422
213145	181227	1433271826969
673572	428554	1433272383650
1149234	166703	1433272604928
286616	268081	1433273019480
991198	327083	1433273087540
163561	114121	1433273162266
21302	171814	1433273204437
851973	40582	1433273252578
138131	362634	1433273412614
1083188	134255	1433273704487
1114514	441653	1433273731898
566850	410143	1433273850714
213145	23762	1433274130899
517720	107367	1433274312879
196502	415653	1433274365596
1108396	151320	1433274908060
760652	260609	1433275204826
333746	427499	1433275309310
3926	335331	1433275316963
213145	378223	1433275887413
286616	151839	1433276020974
1201579	184086	1433276068065
565078	448494	1433276164383
686854	384212	1433276569028
286616	245994	1433277040699
249247	73051	1433277531183
1161163	116475	1433277911950
125208	339808	1433278056218
1000767	457410	1433278611555
286616	651	1433279005631
286616	331490	1433279005646
296401	321984	1433279012090
286616	435265	1433279891446
163561	41422	1433280283528
286616	449489	1433280794117
419048	123079	1433280956931
163561	44001	1433281061118
723092	127722	1433281190444
723092	8641	1433281190444
723092	185211	1433281190444
723092	406121	1433281190460
723092	273747	1433281190513
723092	62800	1433281190524
85555	368283	1433281430657
1355914	179290	1433281747323
305234	296968	1433282145413
936737	360258	1433282465217
825321	54008	1433282569392
22596	299915	1433282877849
88841	37068	1433283197129
888741	52539	1433283890520
888741	206218	1433283890520
888741	156767	1433283890520
1161163	30024	1433284153813
213145	361038	1433284867441
121322	465951	1433284885403
196046	443030	1433284911957
208678	445728	1433285155085
90496	365832	1433285341343
90496	98893	1433285348217
286616	364449	1433285796517
273385	55133	1433285916428
69804	428257	1433287304778
286616	23246	1433289060399
286616	132672	1433289060430
286616	19142	1433289060430
300882	26154	1433289670552
213145	445105	1433289877455
138131	105334	1433290973503
138131	36995	1433290973503
1161163	416012	1433292686486
1270624	60980	1433292911333
478763	234255	1433293540992
1254716	120098	1433294680140
1254716	34269	1433294680140
1254716	85771	1433294680140
1254716	451501	1433294680140
1254716	7574	1433294680140
1254716	79801	1433294680140
1254716	433543	1433294680187
1167802	165589	1433294725645
1167802	266476	1433294725661
915374	158575	1433294731041
1335026	326173	1433294806568
1028073	89775	1433295334737
488277	221317	1433297474578
1027708	168166	1433298168533
1161163	164035	1433298176480
263391	248614	1433298953359
168685	210009	1433299158897
168685	111530	1433299158897
795060	8641	1433299659842
795060	32227	1433299659920
795060	217218	1433299660094
795060	331159	1433299660207
858127	23762	1433299876256
961085	231565	1433299899528
163561	382649	1433300361401
1171969	8724	1433301250621
555887	451806	1433302578447
672767	431918	1433302861436
1059475	20740	1433303444514
319482	306328	1433303490395
319482	249161	1433303490395
319482	194643	1433303490411
854858	432478	1433306024304
1123085	151471	1433306405022
1280613	336359	1433309163248
960928	448119	1433310304308
91370	171143	1433311440957
1308455	256721	1433311756948
1297821	121086	1433312122944
973908	80858	1433312355633
424643	309005	1433313236007
1137704	43090	1433315707083
1137704	214113	1433315707083
1137704	69442	1433315707083
943518	245449	1433317707722
943518	203964	1433317707909
747310	113952	1433320483351
759288	179290	1433334711914
759288	15380	1433334711914
759288	52776	1433334711914
342306	390984	1433334858830
342306	370295	1433334858830
893113	273958	1433336137178
743835	76196	1433337378646
494239	177179	1433339491895
789844	107352	1433341095465
1196832	310702	1433343743928
149194	143621	1433344401899
1159681	413990	1433344928272
57905	428257	1433345594393
451106	17478	1433345966787
1093035	335331	1433345981116
57905	267416	1433346255930
264398	430240	1433346603608
57905	338395	1433346827493
57905	36868	1433346827494
1093035	357585	1433347285690
1257751	52888	1433347341887
1090857	401682	1433347477385
57905	138196	1433347482555
1093035	2270	1433348593875
432499	142671	1433348620042
163561	421884	1433348839131
1122208	430042	1433348986187
106733	46644	1433349432638
1088976	390799	1433349902290
1093035	424421	1433350177868
163561	324462	1433350256277
1339801	465943	1433350379996
57905	459583	1433350460815
163561	379390	1433350684460
163561	293038	1433350684460
85734	444763	1433350754495
151498	413921	1433350904729
1093035	126929	1433350935563
654148	216305	1433350966464
50921	448481	1433351124420
1267997	358391	1433351250770
468154	111572	1433351665074
1252195	326234	1433351882556
1260481	359344	1433352048433
849034	370745	1433352199435
907091	49754	1433352258779
100840	187913	1433352559915
1093035	147555	1433352873012
480628	361976	1433353030824
163561	277139	1433353145817
1029499	242521	1433353220083
499833	152236	1433353255101
917293	290509	1433353341021
57905	341009	1433353471177
251892	143643	1433353604473
163561	432925	1433353785143
57905	178554	1433354007616
57905	62275	1433354007678
273431	411886	1433354281494
556967	151855	1433354549857
311402	208270	1433354586426
207917	449489	1433354691025
940689	19750	1433354760084
933310	179494	1433354956431
933310	247307	1433354956431
749201	379953	1433355089786
749201	198209	1433355089786
163049	38965	1433355202913
985901	58863	1433355428735
1093035	379520	1433355946214
85734	418746	1433356273462
256505	373360	1433356853538
163561	279618	1433358004480
438441	108452	1433358138781
438441	322957	1433358138781
147954	1891	1433358317713
1402575	333089	1433358402052
438441	211718	1433358559272
438441	272318	1433358559288
438441	342084	1433358559288
438441	331552	1433358559288
438441	232413	1433358559288
1002060	427952	1433358647635
961411	253156	1433358706516
961411	232172	1433358706516
1363181	152249	1433358778909
438441	215868	1433359298046
163561	143418	1433360104831
1322865	313391	1433360855765
1100390	80858	1433360899795
740324	162556	1433362000052
580612	248566	1433362522513
983850	242245	1433362525469
913490	276155	1433362562088
469105	309778	1433362748435
379864	168952	1433363083970
156973	197394	1433364136734
438441	398489	1433364580683
1244048	144507	1433364775188
566009	187719	1433365411517
949454	253549	1433365582606
949454	357788	1433365582622
949454	82232	1433365582622
949454	109616	1433365582638
338801	449023	1433365637775
438441	372206	1433365662374
438441	419468	1433365662374
438441	390379	1433365662375
438441	97132	1433367073607
438441	403969	1433367073669
859783	138290	1433367158720
57905	386480	1433367324610
946607	406543	1433367897382
1093035	196177	1433368033163
1093035	260256	1433368033179
321452	374825	1433368303450
438441	446852	1433368316186
438441	87069	1433368316186
2019	393144	1433368509996
2019	445559	1433368510965
596234	461891	1433368865898
40175	97750	1433370057771
57905	429769	1433370081160
438441	259467	1433370388230
1093035	127415	1433370658174
1093035	288525	1433370658174
438441	225877	1433370729560
1093035	336393	1433370989122
1066293	76499	1433371173188
255393	20740	1433371232512
255393	146735	1433371232575
542183	404369	1433371661197
1093035	412096	1433372182248
316213	90897	1433372542244
316213	96375	1433372542307
316213	72422	1433372542307
763195	76533	1433372892859
666908	12885	1433372947780
438441	193205	1433373759676
633063	402462	1433374119251
747091	390988	1433374255954
747091	453646	1433374256047
438441	191640	1433374911282
438441	260256	1433376411784
438441	297292	1433376411784
1342737	390591	1433376426997
552165	409804	1433377118313
892355	443188	1433377495168
438441	160272	1433377677478
1362413	12609	1433378560951
310500	76447	1433378984879
438441	398907	1433379282477
438441	58233	1433379691317
438441	307981	1433379691348
693104	207749	1433379818886
438441	456874	1433380208307
438441	211561	1433380453488
777788	216266	1433381182465
777788	165773	1433381182528
892355	372188	1433381947115
228703	81705	1433382332197
500412	161354	1433382691494
438441	204494	1433382787152
163561	143643	1433382817396
411703	162474	1433382823722
892355	433169	1433383213526
123031	179601	1433383884921
105033	185896	1433384071480
1037560	97890	1433384184272
709126	188148	1433384554561
266762	38932	1433385119450
163561	206925	1433385197559
1202248	433441	1433385522358
438441	4001	1433385582146
268428	192288	1433385791314
268428	232172	1433385791361
438441	283115	1433385990499
597930	146364	1433386168030
983395	384453	1433386469656
983395	385755	1433386469656
849908	36904	1433386856368
1072212	170262	1433387792508
775282	89044	1433388451581
576405	76426	1433388826339
42040	334477	1433390585021
974794	420960	1433391882550
770282	152433	1433392100605
1259098	461686	1433392161836
295588	437293	1433392435845
729155	269085	1433393500705
1354658	245409	1433393626284
53181	239968	1433394145526
523878	127969	1433394153568
677741	291217	1433395383765
187302	417927	1433395708052
547933	334094	1433395787671
403341	173956	1433395937414
446931	399374	1433398738970
446931	454818	1433398738970
33571	58638	1433402644043
95233	181483	1433407301079
407882	1171	1433411976182
1396583	176162	1433425589400
1369100	461455	1433427774860
477390	265966	1433429363201
1116716	271151	1433429426028
33196	245474	1433431240255
33196	30336	1433431240271
33196	31239	1433431240271
438441	15822	1433431436773
503857	247376	1433431640796
561611	15822	1433432349657
127910	139085	1433432524442
127910	425009	1433432524458
95794	430550	1433432622192
503857	216271	1433433177562
621588	30024	1433433553105
649460	121377	1433434417567
128578	92678	1433434466071
503857	460553	1433434942978
1168133	205541	1433435298207
208560	187132	1433435465690
208560	41169	1433435465690
52108	397692	1433435787321
1317721	394256	1433436298890
1317721	6731	1433436298921
1317721	208880	1433436298921
1317721	425746	1433436298968
503857	224614	1433436512947
1040979	268883	1433436520139
1152346	367627	1433436693348
953412	84337	1433436759860
503857	184716	1433437102947
1230978	41803	1433437125983
301201	256432	1433437134419
438441	301925	1433437668856
1384800	285758	1433438109797
438441	259405	1433438185878
577261	448494	1433438245544
741296	417464	1433438325793
813307	446522	1433438338691
291283	300559	1433438665281
438441	179601	1433438926327
438441	119736	1433438926327
434418	349140	1433439246631
434418	400397	1433439246694
434418	159822	1433439246694
503857	262297	1433439278505
438441	29725	1433439536826
987912	175246	1433439666655
307607	26102	1433439818106
503857	288418	1433439958229
1213114	461686	1433440035627
1213114	32581	1433440035627
1207981	350734	1433440854985
892355	302242	1433441098642
1367601	318333	1433441322982
337282	316472	1433442051313
494335	460553	1433442055678
1093035	245577	1433442071113
503857	420960	1433442123716
40879	133052	1433442342578
128223	302563	1433442566527
154454	249434	1433442686503
625795	305742	1433442804554
892355	460553	1433443788228
1093035	331079	1433443918165
1093035	44646	1433443918165
1304736	228392	1433444372577
1093035	150882	1433444748297
1093035	246130	1433444748312
892355	261568	1433445102227
1254716	291964	1433445367283
802259	345576	1433445712208
166173	112277	1433446143101
763580	257115	1433446155080
503857	224464	1433446497121
189240	297404	1433446660593
462027	315911	1433447160811
323687	95729	1433447986181
700903	252340	1433448218204
959037	106359	1433448249882
1317103	57946	1433448371036
1317103	280065	1433448371068
651173	317938	1433448479086
527277	93556	1433448499642
527277	57548	1433448499642
527277	351124	1433448499720
527277	397642	1433448499720
198153	112112	1433449003992
1093035	254290	1433449059615
506467	30048	1433449203869
438441	390689	1433449315655
503857	244838	1433449669201
959037	299908	1433449927388
428886	193518	1433450166772
668775	3563	1433451332260
1170743	164344	1433451722703
221190	80435	1433452019640
438441	93608	1433452686436
438441	234384	1433452686436
438441	258901	1433452686467
89000	336842	1433452849011
226075	417927	1433453149331
503857	260194	1433453349123
494396	80858	1433453375329
998545	2142	1433453378170
998545	286731	1433453378248
196128	321577	1433453755272
196128	390152	1433453755272
1165927	263980	1433454073842
1165927	63092	1433454073858
1093035	138788	1433454135355
503857	439194	1433455251534
1093035	460188	1433455473883
85734	144507	1433456357963
1337142	226828	1433456860873
962933	426122	1433457654381
962933	292966	1433457654381
1028639	343861	1433457982999
438441	377133	1433458193127
438441	389814	1433458193143
253924	92466	1433458727265
503857	372188	1433458878112
310685	40618	1433458903407
310685	381603	1433458903469
503857	236814	1433459561410
354324	78890	1433459741892
1224659	204777	1433460172250
503857	111530	1433460183791
646421	458919	1433460557441
646421	282064	1433460557441
646421	107519	1433460557441
438441	236949	1433460891965
438441	413093	1433461699004
897873	395497	1433462099280
633063	312728	1433462594026
1041299	153935	1433463191162
530033	389158	1433463219214
497546	287504	1433463892753
497546	278319	1433463892817
74483	374092	1433464716866
503857	36864	1433464951885
184974	6633	1433465069282
503857	336760	1433465491593
892355	236578	1433465510179
530033	332610	1433467992570
530033	337358	1433468971654
1152644	418606	1433469240754
1072230	334477	1433469316866
966010	46458	1433469446213
610403	168386	1433469544060
503857	432992	1433469874276
892355	249207	1433470193480
888739	312728	1433470221928
811563	370019	1433470331304
1001567	9877	1433472031703
530033	80711	1433472451996
939751	38965	1433472933938
530033	357474	1433473462589
365135	208939	1433474057275
366436	33139	1433474165685
783905	309778	1433474227078
1247679	185117	1433474400637
1313950	88425	1433474768218
109408	165337	1433475760391
405676	50259	1433476350370
774018	274798	1433477561675
774018	288077	1433477561675
1362665	117075	1433477768216
286790	226828	1433478796174
729152	31514	1433478826706
366204	128519	1433478932031
878690	105812	1433479792494
823143	7943	1433481643037
207043	194010	1433482955345
108972	290465	1433485032314
903935	122604	1433487065988
1263954	235274	1433487994144
981144	259395	1433503253631
981144	398756	1433503253694
1187988	80858	1433509049184
397350	60980	1433510397097
823073	210002	1433512276384
429213	415884	1433515888768
1051557	187359	1433516826519
1051557	423511	1433516826519
335297	294438	1433517243508
1161163	355994	1433518030369
211269	309778	1433518677880
1044703	251868	1433519001615
1341202	347576	1433519679368
1161163	408218	1433519770915
1093035	357583	1433520364181
138131	289633	1433522055496
387860	160975	1433522837946
1093035	268883	1433523142437
138131	23257	1433523521807
38015	21163	1433523745169
118487	420960	1433524598559
138131	420960	1433524744428
1106190	441617	1433525756171
1106190	91970	1433525756186
1341202	446934	1433525896679
267357	37254	1433526046814
255309	165095	1433526073333
86669	343033	1433526073654
1391644	51483	1433526491184
1093035	5043	1433526943762
1093035	324833	1433526943762
1341202	175356	1433526969509
1093035	337327	1433527380113
1129560	440954	1433528061239
1290069	249933	1433529066379
143679	384397	1433530067713
1093035	325256	1433530079565
1093035	188455	1433530079565
38015	427641	1433530223235
1296635	247698	1433530425338
32160	80858	1433530836888
1093035	288418	1433531255373
32160	119737	1433531510386
433067	296448	1433532000049
433067	101876	1433532000049
138131	138427	1433532326122
1316274	177536	1433533772131
1161163	136553	1433534245490
901467	222166	1433535084524
746939	130113	1433535672317
746939	38706	1433535672317
746939	392474	1433535672333
904294	366888	1433536331214
22944	328901	1433536394462
537781	393028	1433536424639
129689	226828	1433536513507
1093035	414995	1433536535459
1093035	155050	1433536535506
1093035	312023	1433536535506
1093035	96001	1433536535506
1093035	120763	1433536535506
1161163	15466	1433536892127
1161163	72944	1433536892252
1161163	23912	1433536892330
445764	318333	1433537932811
74080	62613	1433538437736
1078513	283916	1433538438623
390314	257040	1433538923961
666046	394217	1433538994366
1161163	117677	1433539063820
1341202	206930	1433540057562
1270574	286940	1433540483877
889802	158912	1433540687737
1341202	448413	1433540920021
1341202	381352	1433540920021
1277783	300086	1433541281561
967483	315387	1433541830279
967483	334936	1433541830360
967483	217089	1433541830375
967483	456549	1433541830375
1161163	444931	1433541944209
1161163	307035	1433541944302
1161163	134191	1433541944302
960145	9877	1433542134109
853851	50133	1433542236019
1341202	372318	1433543239911
1161163	325310	1433543377793
1161163	241555	1433543377921
1341202	388624	1433544745271
1341202	375532	1433544745271
1137997	234255	1433545434173
1109044	175485	1433545679157
855614	104699	1433545904353
855614	300906	1433545904353
940608	215904	1433545934754
404907	13043	1433546182689
1077145	272259	1433546363023
1341202	331311	1433547077932
1051607	257040	1433547490637
1161163	404936	1433547552933
138131	220749	1433547558064
138131	318333	1433548605093
508334	51408	1433549387088
1161163	4001	1433549771419
1161163	317978	1433551241281
138131	342288	1433551290746
503511	127879	1433552414317
906238	427931	1433552502216
1161163	331517	1433553069768
138131	332224	1433553253872
1161163	362606	1433554260835
1398811	266553	1433556183373
138131	266085	1433557070290
389441	139740	1433557094927
21048	462461	1433557203704
57006	119737	1433557583299
1380494	234177	1433558495777
1322168	296375	1433558694767
266693	390992	1433559116522
138131	243566	1433559396590
886402	461765	1433559508276
1084617	176824	1433559534286
350566	283766	1433559828975
350566	16417	1433559828975
1344286	9646	1433560417253
1021202	312717	1433561011770
621474	92361	1433562556576
1216079	340022	1433563044815
1216079	271268	1433563044815
1216079	305356	1433563044815
621474	355994	1433563114684
621474	439424	1433563466047
352193	358041	1433565172794
960916	291394	1433565286459
1055770	210846	1433569388406
657378	2785	1433571044389
1286827	436694	1433571533642
977450	391688	1433573784976
903507	222285	1433574468599
903507	122604	1433575731972
903507	344723	1433575731988
972095	353910	1433576686477
972095	312781	1433576686493
972095	230842	1433576686493
972095	222604	1433576686542
1245257	243566	1433579638845
592787	339411	1433583852935
592787	421884	1433583852966
592787	390199	1433583852982
1380494	230918	1433594769627
370723	12217	1433598300234
370723	170262	1433598300234
960004	234255	1433605544329
138131	419701	1433606548717
138131	441415	1433606548820
960004	301462	1433607515000
960004	308144	1433608244608
960004	59467	1433608244608
939309	420079	1433611114251
583827	421063	1433611766562
989085	283916	1433611941404
1119553	420079	1433612291436
596737	206141	1433612686700
431811	144675	1433613061587
263462	161153	1433613174660
263462	211451	1433613174660
731857	292192	1433613237946
771810	138309	1433613830786
138131	309778	1433614555329
138131	301284	1433614935301
447985	309778	1433614941002
960004	191106	1433617235778
766389	324290	1433619705503
286616	42002	1433620010602
483303	223203	1433620569357
1091107	393768	1433620858650
975757	25744	1433622196123
286616	432478	1433622530855
413096	127969	1433622776842
332997	417059	1433622839219
138131	43590	1433623104951
138131	151061	1433623104951
190940	169583	1433623217239
302394	369112	1433624045948
1015123	232172	1433625072729
1123106	118408	1433625947237
62058	344388	1433626024668
911674	391484	1433626787906
138131	130113	1433629424546
138131	301721	1433629424561
138131	189818	1433629424592
1174955	105371	1433629757245
1174955	279815	1433629757245
286616	418560	1433632401033
960004	330506	1433632598049
1159765	444487	1433632629322
621474	251534	1433632762759
252840	116252	1433633441171
252840	204860	1433633441171
1202351	35403	1433634882206
1202351	429595	1433635040101
1202351	76744	1433635219030
621474	417070	1433636032389
621474	65838	1433636265550
791547	233695	1433637163275
45512	305250	1433637531995
498381	407078	1433637601062
138131	179601	1433637865370
25481	299222	1433639255530
1088465	417927	1433639610408
435104	48030	1433639886707
629436	99093	1433642306038
138131	153301	1433642547382
321381	93831	1433643532157
553273	413896	1433644571543
553273	334342	1433644571637
1204969	124583	1433644590517
917036	325310	1433645872661
186588	309778	1433647969256
1050385	424421	1433649438430
957392	373725	1433649622012
118734	144507	1433650818760
73856	407403	1433651070437
73856	231810	1433651070437
73856	365375	1433651070437
1295240	278679	1433651644057
288474	124272	1433652046400
390426	352723	1433652176195
904885	421063	1433653004308
1140205	345095	1433653492608
476870	387377	1433660478874
34598	361106	1433662199515
34598	410001	1433663416250
1169956	35245	1433667227278
1169956	308648	1433667227278
1169956	154955	1433667227297
659301	78144	1433688037376
866924	366888	1433688987242
72232	68048	1433692247616
1359706	64137	1433693594315
1359706	89044	1433693594330
193036	433504	1433695976618
1075423	278549	1433696403288
1387650	379739	1433696474745
1387650	358485	1433696474823
1387650	153407	1433696474823
314747	304880	1433696492738
892355	72299	1433697302657
1075423	46156	1433697311644
952388	375955	1433698149546
952388	66405	1433698149624
1075423	399550	1433698239745
1075423	241807	1433698239745
892355	394679	1433698578962
892355	399069	1433699516986
1075423	190293	1433699790408
1075423	50443	1433699790424
1093151	427107	1433699917845
1052428	407952	1433700076985
1075423	115805	1433701490905
892355	409746	1433702433173
879685	461710	1433702475622
879685	17478	1433702475644
213145	27537	1433702919785
1075423	452802	1433703721458
892355	244458	1433703973431
1246346	256473	1433704386999
1075423	108322	1433706011242
238511	130451	1433706767181
892355	377232	1433706861149
42942	62043	1433707194800
1296635	178498	1433707586663
1075423	464954	1433707774287
892355	51556	1433708289146
869123	411886	1433708961410
451673	233454	1433709014427
451673	40046	1433709014427
451673	55727	1433709014427
451673	360812	1433709014443
1391212	255708	1433709513624
245293	186765	1433709932319
245293	318297	1433709932319
372661	339517	1433710321802
91900	179601	1433711340768
892355	53207	1433711759600
378396	74750	1433712092874
378396	117730	1433712092874
1340323	222684	1433713448625
110014	395435	1433713620630
286780	222604	1433713798331
139392	367664	1433713875465
1366797	387220	1433714191156
673919	429304	1433714268138
472487	172894	1433715375583
472487	105864	1433715375598
1116426	362697	1433715497082
1075423	109663	1433716460248
1012647	109663	1433716628581
531661	224184	1433716824966
213098	465276	1433717577661
1127021	357531	1433718633015
1075423	171814	1433719201072
756735	133647	1433720055948
1311741	46156	1433720952051
1209444	152569	1433721399194
1314856	280848	1433721401522
1287192	279457	1433723982332
1004088	217918	1433726078231
1004088	322551	1433726078231
1164547	315393	1433726228697
1075423	437128	1433726668704
1228324	369924	1433728140448
1075423	369158	1433729750713
1075423	244571	1433729750838
1234499	32299	1433730079549
305506	338660	1433730979016
303436	424387	1433731892061
599633	316183	1433733629354
16158	136860	1433733735943
575773	4537	1433734410983
575773	105430	1433734410999
35112	161354	1433738035815
639780	246666	1433738382957
570716	117075	1433738601079
998383	428257	1433738738691
237614	379273	1433738867656
1245659	336165	1433738892422
440481	122873	1433739330753
506007	377960	1433739333870
1249201	280065	1433739757785
1339274	41217	1433740626189
1395774	422671	1433741448096
456617	160904	1433743130591
456617	25	1433743130655
456617	426398	1433743130718
486983	100393	1433743231860
635650	399374	1433743638758
1265850	200514	1433743651702
858445	165169	1433743895904
1022199	357531	1433744661819
630803	432184	1433745750184
766502	414995	1433748335994
1381830	420896	1433763612658
854310	175485	1433768290889
667217	255708	1433769937806
1397020	170262	1433773747908
521734	385116	1433774633549
1150613	101948	1433775895199
450873	427499	1433776361428
358516	188718	1433776401063
358516	200854	1433776401079
213145	286731	1433778135441
358516	432184	1433778933418
1320564	365044	1433780368026
358516	188353	1433781026288
375110	382751	1433781437258
841939	346203	1433781624581
1093035	76403	1433781677671
1093035	27812	1433782057162
820191	110379	1433782144190
358516	460553	1433782473147
274152	17478	1433782656103
841939	289915	1433782711005
358516	152120	1433783825298
591906	436694	1433784004953
591906	97836	1433784004953
1212999	252023	1433784306255
1212999	278380	1433784306255
1212999	109239	1433784306255
1212999	330029	1433784306271
1212999	62805	1433784306302
1212999	32500	1433784306318
1212999	121149	1433784306318
1212999	38083	1433784306318
1212999	378834	1433784306333
1212999	192003	1433784306349
1212999	93829	1433784306365
1212999	259647	1433784306365
1212999	211975	1433784306365
1212999	297145	1433784306380
1212999	185082	1433784306396
1212999	307733	1433784306412
1212999	222772	1433784306427
841939	291893	1433784498424
1164964	81601	1433784637710
1093035	349537	1433784871458
1093035	133907	1433784871473
1093035	98807	1433784871473
268385	148157	1433785116705
784757	423339	1433785159673
964726	100918	1433785261995
1241621	11311	1433785280979
396761	391728	1433785458714
213145	73759	1433785484643
929382	400873	1433785586361
951347	51792	1433785589734
841939	448494	1433785597630
841939	366238	1433785597677
841939	222285	1433785597677
841939	113440	1433785597849
841939	271930	1433785825279
966579	370390	1433786598548
841939	178274	1433787205834
358516	84593	1433787429929
293600	55044	1433787533953
1370124	140644	1433787719230
592953	307428	1433787806690
892355	206241	1433788222427
248671	424506	1433788553323
248671	439194	1433788553338
841939	148285	1433789246224
213145	222294	1433789337564
841939	122604	1433789504877
685143	343037	1433789639971
921444	414155	1433789782221
759678	153778	1433789900880
198764	167122	1433790323083
639529	436115	1433790351615
213145	105601	1433790535818
586700	280946	1433790569174
841939	260005	1433791011996
301846	420960	1433791535835
188096	75820	1433791957282
170618	342264	1433791969702
170618	54698	1433791969749
1219635	328370	1433792063598
358516	149253	1433792713902
734633	188836	1433792772201
734633	42328	1433792772201
955081	107778	1433792984413
688237	388097	1433792987438
892355	383828	1433793034455
899857	355670	1433793150852
1183092	238182	1433793345502
1185234	22436	1433793393833
213145	117075	1433793718291
713838	417621	1433794862118
917289	216248	1433794951817
1093035	419470	1433795795883
1093035	163689	1433795795883
1093035	197083	1433795795883
892355	187913	1433795813050
772213	71934	1433795838243
358516	124193	1433795848999
1364680	410647	1433796071060
841939	423339	1433796264735
407633	378076	1433796279627
358516	454818	1433796560883
1039032	38483	1433796782815
868057	397159	1433796836253
841939	348099	1433797020811
1211071	224487	1433797586621
213145	50443	1433797920980
213145	263606	1433797920980
493613	309005	1433798355952
254130	25178	1433798515915
761783	379953	1433798705541
761783	316753	1433798705541
494369	289633	1433799197772
1163475	217605	1433799599398
1093035	119736	1433799620641
1093035	289633	1433799620657
241863	232166	1433800530519
1157167	8426	1433800546269
1157167	141937	1433800546269
1337408	360487	1433800779655
1134975	161354	1433800796921
1134975	281212	1433800796921
815215	375169	1433800857287
841939	230911	1433800931073
199880	46995	1433801441472
841939	69685	1433801624394
899857	257040	1433802143180
1306457	391728	1433802256974
100539	214847	1433802601161
340182	370885	1433802886058
340182	338148	1433802886058
213145	207546	1433802936798
729572	109025	1433803131002
841939	436195	1433804884637
112417	5848	1433805466011
551849	212216	1433805522217
841939	420960	1433805641889
892355	161354	1433805937938
1274507	99596	1433806165170
1074034	161354	1433806183527
878229	78780	1433806613370
63208	362606	1433806615503
92347	372397	1433806662525
358516	430094	1433806775734
892355	394678	1433809343600
1038221	429907	1433810249263
908941	306034	1433810960849
841939	369158	1433813245954
841939	405770	1433813246063
817448	224614	1433813380340
892355	247307	1433813878203
1317826	185217	1433813952810
841939	148855	1433814613267
94177	460553	1433814697018
42435	315852	1433814940584
358516	77769	1433815147542
841939	302587	1433816394160
1299951	305675	1433816974240
841939	71733	1433817531646
841939	315685	1433817531739
11333	403302	1433818193372
358516	393978	1433818228083
841939	257040	1433818516562
370759	279517	1433820328789
818205	61104	1433820540365
925703	76196	1433820628603
1111928	257200	1433821354874
123702	294210	1433821684588
654292	393111	1433823274723
1106054	79504	1433823912471
879063	309778	1433824777620
724060	66405	1433825477182
1325114	424506	1433826141906
5117	241061	1433829045499
1373123	460553	1433830661920
55018	397262	1433831108624
233899	37254	1433833956966
434180	335041	1433834850884
1128592	222613	1433848548016
167556	400873	1433851017099
804876	149253	1433852263923
1195980	275147	1433854832843
1402363	378611	1433854881820
664130	127567	1433858182007
343270	303828	1433858281118
805249	85284	1433860094735
768341	129624	1433861333419
667420	337512	1433862077391
1372317	101288	1433862505376
1372317	204677	1433862505392
1372317	388318	1433862505392
148811	93556	1433863444973
748040	326217	1433864234638
371604	270745	1433864368010
434489	326697	1433865479060
371604	279052	1433866607469
371604	11390	1433867446774
296218	257410	1433867812103
732767	396344	1433868354396
732767	18726	1433868354396
1093035	10384	1433868359858
1093035	69519	1433868359905
371604	259078	1433868450307
607106	260194	1433868456667
1093035	446590	1433868882911
76757	264915	1433869024709
748040	268534	1433869261020
134169	212006	1433869318259
913285	210009	1433870027836
1306125	254365	1433870819642
1336520	396575	1433871373980
841939	424421	1433871408009
371604	426751	1433871650225
232491	361554	1433871770575
841939	247755	1433872006265
756779	436694	1433873197304
748040	165347	1433873241077
198153	72747	1433873248877
837052	153036	1433874084668
341098	139435	1433874150159
841939	204209	1433874983190
841939	85914	1433874983283
568495	461686	1433875006348
748040	97437	1433875835770
748040	23034	1433875835770
748040	211207	1433875835770
859462	85945	1433875944413
1093035	177522	1433875977930
1058388	445695	1433876751962
685444	235971	1433876810189
428220	323093	1433876923790
841939	253286	1433877404423
1186389	167126	1433877510924
588087	111530	1433877588739
270492	137697	1433878009218
221900	414640	1433878138811
748040	323191	1433878169312
401860	379390	1433878195804
1093035	16417	1433878407099
1093035	275361	1433879614699
806371	237817	1433880625353
1356496	248676	1433880994247
1356496	66509	1433880994262
149978	253156	1433881166166
149978	358211	1433881166166
149978	69941	1433881166166
1149372	288418	1433881278977
841939	39677	1433881393176
841939	270532	1433881393176
841939	249702	1433881393176
748040	455804	1433881977826
865646	109352	1433883466919
371604	137102	1433883922293
133777	62613	1433883963765
841939	129138	1433884595594
1093035	139346	1433884980280
757199	238059	1433885317918
1093035	90835	1433885803769
76757	185570	1433885924443
76757	234299	1433886448062
1168222	392826	1433887297492
1118106	291877	1433888366468
832222	308209	1433888489544
1171799	138672	1433890366491
960056	182986	1433890410347
841939	150730	1433890853246
315753	262646	1433891570414
748040	360487	1433891598658
1246441	16633	1433891627141
371604	35061	1433891762834
841939	345136	1433891777336
841939	442131	1433893977641
569031	417927	1433894433399
167876	203090	1433895284393
748040	457231	1433895538016
1158677	33912	1433895661892
748040	63092	1433896319725
370007	218626	1433897686585
687775	414571	1433898085463
687775	402527	1433898085463
841939	247240	1433898575593
1296786	343861	1433898859747
1143383	218626	1433899308967
1143383	390199	1433899309014
1143383	117438	1433899309014
1143383	325256	1433899309061
1143383	98078	1433899309061
969519	420960	1433900129086
748040	256766	1433900222924
748040	187490	1433900222940
897109	294245	1433900736615
748040	276704	1433901732966
1359587	371327	1433902810356
87660	292516	1433902826534
1104300	256164	1433902951781
1104300	202825	1433902951781
1376241	416017	1433903265015
105795	94773	1433903805163
138131	466109	1433904082646
1239575	77514	1433904106000
1143383	262979	1433904649948
138131	390689	1433904839796
239319	422425	1433905509737
505739	92678	1433907252081
534712	320434	1433908135787
534712	185680	1433908136584
718044	281735	1433908455050
810900	268883	1433909211124
195248	408132	1433911252563
1120402	276559	1433914642263
1196552	261351	1433914807016
835193	429449	1433916608044
398779	218277	1433916945735
1258928	318225	1433917878426
1258928	97132	1433917878473
1258928	171465	1433917878473
1258928	37043	1433917878473
1258928	43392	1433917878489
1258928	413273	1433917878489
329397	449010	1433918028407
1370101	238059	1433918067391
854863	146100	1433918069643
747537	110018	1433922930590
830003	238059	1433924668649
1368221	370395	1433931419357
1380233	202976	1433939801036
538534	272969	1433941174292
58024	351464	1433942783372
899857	332018	1433947259976
156002	202354	1433947885856
1018985	461314	1433948316411
1366154	422964	1433948943707
367329	365044	1433950068538
1143383	124351	1433950344651
1143383	2829	1433950866900
138131	362348	1433951059959
650108	247698	1433951461140
1161163	422964	1433953012033
76757	403	1433953315392
1234095	243406	1433953809871
277968	312728	1433954103896
195623	187549	1433954686731
573267	230842	1433954701065
741945	393768	1433955032164
1012516	393768	1433955374371
792741	77514	1433956145523
976950	417367	1433956571974
1093035	156466	1433956602220
1093035	130113	1433956602220
1143383	62206	1433956981738
67712	207825	1433957710157
910472	379390	1433957755007
1093035	158460	1433958059517
1383306	234169	1433958870979
1206508	109312	1433958910011
1255071	120114	1433959115378
1093035	122219	1433959220159
76757	67438	1433959535515
62489	51755	1433960044375
1143383	208939	1433960427402
1208957	106848	1433960622646
76757	280375	1433960741923
701722	302478	1433961101058
76757	414654	1433961281378
1134659	42002	1433961509727
1093035	407078	1433961817339
1093035	456056	1433961817339
76757	151178	1433961904362
76757	34320	1433961904472
85734	425601	1433962057743
697585	151178	1433962131241
697585	34320	1433962131272
1211110	409080	1433962363942
551322	358417	1433962448419
269618	340749	1433962639068
138131	47415	1433962757135
608844	272649	1433962852988
608844	281480	1433962853035
608844	51483	1433962853051
608844	272732	1433962853051
634300	96883	1433963130525
893784	327897	1433963517088
1093035	172894	1433964090285
172623	307728	1433964256634
1143383	198683	1433964305835
158533	15058	1433964756442
158533	181202	1433964756442
76757	291559	1433964865448
1131632	196356	1433964904710
546355	165259	1433964920949
748342	390069	1433965073374
748342	400077	1433965073374
748342	276704	1433965073374
460599	409080	1433965137447
460599	360200	1433965137447
1143383	84321	1433965319019
138131	8523	1433965494551
138131	186702	1433965494551
1204946	206241	1433965524837
1093035	356998	1433965607765
1236376	387747	1433966079609
145936	400868	1433966086761
145936	340918	1433966086792
225990	324209	1433966447340
357339	432343	1433966628692
1161163	24728	1433966804222
181318	336327	1433966984896
422894	89901	1433967077177
138131	283916	1433968053772
1390828	319942	1433968355353
694977	317922	1433968573263
138131	300670	1433968696470
867302	466079	1433968933605
1213184	355671	1433969247684
917038	198683	1433969491014
76757	442131	1433970108032
1335805	5470	1433970473284
138131	284463	1433971044419
138131	127842	1433971044517
138131	370390	1433971385530
1207332	370390	1433971565473
25156	446522	1433971764918
25156	415331	1433971764918
76757	231482	1433972423536
1093035	313072	1433972692154
555215	210087	1433972694278
138131	123548	1433972725447
767419	7943	1433972731888
219788	451600	1433973019439
219788	165876	1433973019589
219788	445681	1433973019647
219788	392583	1433973019657
219788	428756	1433973022988
769676	206189	1433973380669
769676	80813	1433973380669
769676	287472	1433973380685
85734	307247	1433973463906
76757	230045	1433973597970
422894	457970	1433973602980
58730	185303	1433973618571
1168431	304314	1433973966708
348755	380237	1433974084166
1168431	109663	1433974592808
1168431	135591	1433974592808
138131	113419	1433974894034
1103840	180751	1433975032827
72155	390712	1433975115335
146698	213423	1433975186785
138131	403591	1433975236305
138131	119736	1433975236305
616796	96269	1433975865576
932193	421987	1433976251693
1161163	461686	1433976686894
343404	44220	1433976818104
455562	187374	1433976878089
446744	226628	1433977419992
1161163	439679	1433977597312
1375515	216266	1433978320880
1375515	247240	1433978320926
1375515	369158	1433978320926
1375515	301721	1433978320926
1332508	110151	1433978400621
85734	408203	1433978407147
459834	282385	1433978807105
1303858	211581	1433979031840
1303858	88132	1433979031905
490761	50221	1433979616314
490761	186491	1433979616314
490761	16910	1433979616314
804836	459264	1433980594700
796000	76617	1433980913593
146698	133814	1433981083909
792741	255908	1433982077638
343137	403039	1433982394135
343137	325115	1433983125722
236800	55925	1433983624761
409446	126623	1433983665068
79566	32971	1433983979184
1161163	369158	1433983988908
1161163	74518	1433983988908
1246436	68106	1433984961672
1004711	132347	1433986396221
791361	245200	1433986966124
577262	102925	1433987797364
577262	159555	1433987797379
577262	458124	1433987797379
577262	340190	1433987797379
577262	430546	1433987797379
577262	339070	1433987797379
577262	2836	1433987797457
577262	415062	1433987797457
58024	463871	1433988313067
1161163	391662	1433988955899
1143383	140866	1433989840339
86444	375820	1433990339661
55023	403969	1433990974610
3847	388002	1433991428443
1169547	399192	1433992121383
1393980	178498	1433992863056
121370	123664	1433996705619
436797	226828	1433996860038
583003	363030	1433996940928
583003	245985	1433996941022
1005867	139936	1433997078005
1308761	387377	1433999470368
1320730	309778	1434000456008
337411	40140	1434000587492
32787	88325	1434002310138
32787	133472	1434002310138
1211914	438825	1434003653978
1211914	241274	1434003653994
450043	204573	1434005710870
783282	111179	1434006877172
250372	14741	1434007766223
250372	22327	1434007766395
250372	295196	1434007766427
1191828	288769	1434011341557
410841	461686	1434012162204
410841	132445	1434012162267
410841	280800	1434012162267
596876	60323	1434015195857
535618	81086	1434023793460
509833	4442	1434026164488
45018	444593	1434028038881
45018	216266	1434028038881
585036	117314	1434031440607
260491	398728	1434033520240
848163	350527	1434033743396
676700	187138	1434035057570
676700	256146	1434035057758
676700	328467	1434035057773
676700	182880	1434035057773
1150086	398115	1434036525614
350176	194711	1434037075170
892355	384744	1434037214218
1378125	240470	1434037305931
1150086	375955	1434037348016
1150086	357133	1434037596453
1285092	186728	1434038172339
906765	292444	1434040458081
751321	181227	1434041389763
1266370	340375	1434041420062
693709	224405	1434041436904
76757	276481	1434042194266
76757	10885	1434042918577
564398	89333	1434044794482
892355	318610	1434045043499
4241	340794	1434045177660
76757	199417	1434045225557
1399374	11663	1434045471948
1156969	104478	1434045877813
628536	282988	1434046348215
76757	436115	1434046413450
1276807	275541	1434046733956
502189	133907	1434048260372
502189	98807	1434048376051
824842	61303	1434048511168
824842	444365	1434048601962
871303	272596	1434048755121
1134975	305675	1434048759280
502189	338543	1434048833265
824842	133907	1434048980043
280692	207420	1434049026441
918146	432478	1434049406623
696363	446306	1434049499677
76757	144704	1434049513683
198153	312728	1434049852408
937584	248327	1434051605164
937584	459475	1434051605164
154476	43267	1434052608925
76757	57788	1434052877461
534217	184331	1434053816941
1284340	248840	1434053963149
1284340	389158	1434053963149
1284340	347974	1434054104468
1284340	79484	1434054104468
822310	6518	1434054946052
822310	350061	1434054946052
822310	212872	1434054946052
822310	123995	1434054946052
822310	104560	1434054946069
822310	93556	1434054946069
822310	272988	1434054946131
822310	443161	1434054946131
822310	351861	1434054946131
822310	70004	1434054946147
822310	420549	1434054946147
822310	257630	1434054946147
822310	164970	1434054946209
822310	82565	1434054946209
822310	41217	1434054946226
822310	131861	1434054946226
1284340	307322	1434055063734
1284340	339032	1434055063766
1119719	411886	1434056101931
1161163	325999	1434056187776
945706	175485	1434056305134
1161163	411886	1434056835127
396709	321712	1434057036346
557470	496	1434058611068
557470	80885	1434058611068
76757	420960	1434058850477
1234667	287345	1434058955844
1150086	310620	1434058978784
1150086	276704	1434058978784
1161163	26634	1434059600004
483168	215824	1434059644847
76757	89775	1434059913255
1150086	277638	1434060090795
1177519	405770	1434060951889
1161163	390250	1434060968120
1052311	97836	1434060970289
1052311	314715	1434060970289
1161163	454640	1434061692458
1150086	440066	1434061948344
573431	50668	1434062538975
76757	336314	1434064955514
336290	315698	1434065243225
336290	381726	1434065243272
85734	50133	1434065704132
1161163	5848	1434067334086
1150086	387863	1434067500219
1161163	94521	1434067805221
940498	71530	1434067900368
1150086	464196	1434068805043
1161163	257040	1434069599829
925888	428268	1434070097401
925888	127290	1434070097417
371733	36864	1434070300407
732352	415822	1434070846649
732352	390824	1434070846649
732352	255094	1434070846649
1270193	410099	1434071936570
154766	233439	1434072178420
861651	8015	1434074628782
861651	339346	1434074628782
960973	115889	1434074762585
1161163	332691	1434074800601
1161163	190806	1434074800757
576696	398141	1434074836716
1150086	65021	1434075959451
1150086	332592	1434077292739
465507	26644	1434078474593
676735	29712	1434079453795
263205	243606	1434080976179
620292	452661	1434081261161
392947	88098	1434084718726
1117845	345086	1434085038117
144274	181576	1434086403830
232337	243626	1434086720379
415676	173365	1434089344761
157419	351982	1434089445842
623540	101960	1434090897054
880465	218794	1434094768593
880465	461686	1434094768609
1140031	455763	1434096026192
624072	280328	1434117136490
1330952	185246	1434119652644
748040	248711	1434123376882
1258125	49947	1434123529181
1062583	446913	1434123721788
371604	61298	1434124239667
1029785	248626	1434125012003
844840	144704	1434125694135
211574	101184	1434125793966
1103880	144704	1434129123776
892355	33912	1434131192605
892355	73840	1434131192620
371604	206241	1434131646970
748040	456951	1434132124755
325687	239581	1434132237903
748040	402455	1434132522747
748040	177757	1434132522825
748040	389135	1434132522856
371604	235796	1434132866787
655854	415610	1434133201464
371604	384470	1434133714812
1317048	129279	1434133789702
1196616	109890	1434134481408
671926	346213	1434134675558
813387	59761	1434137753026
813387	386160	1434137753041
371604	243843	1434137815943
931964	379264	1434138026208
503891	250891	1434138059108
1389049	213593	1434138059637
371604	11670	1434138411680
748040	77733	1434139239406
886178	361431	1434139380447
371604	349815	1434139577601
371604	138677	1434140559736
226308	217043	1434140997164
1380773	243697	1434141427389
748040	359250	1434141971910
264716	410102	1434142815707
264716	461686	1434142815707
644031	26835	1434144066345
748040	352258	1434144965702
1101303	205582	1434146180598
371604	460553	1434146369752
892355	257251	1434146619494
748040	417927	1434146913020
450322	417927	1434147057404
1206138	133282	1434147145720
1206138	441199	1434147145720
813387	372568	1434147553606
813387	361431	1434147553652
813387	128992	1434147553668
834036	46753	1434148661773
523381	411886	1434149229658
748040	108021	1434149394311
734719	123212	1434149574494
1130179	233439	1434149652717
727466	115556	1434150118002
727466	88037	1434150118002
198145	131816	1434151098808
743466	243087	1434151435317
661619	340578	1434152564099
684072	461686	1434153346372
748040	84321	1434153790869
371604	134118	1434153867043
582788	289103	1434154203228
460601	70370	1434154712510
460601	64852	1434154712526
460601	437382	1434154712526
460601	124919	1434154712526
766850	316753	1434155225385
664846	283903	1434156306321
892355	383396	1434157023787
1273397	105933	1434157393695
1122754	429463	1434158608564
371604	90921	1434158875431
1150086	213893	1434159165158
312082	253642	1434159270023
236211	175907	1434161252132
1150086	415301	1434163482968
1220556	370390	1434163861164
978578	136576	1434166561580
824837	310233	1434168615704
653012	296769	1434168668386
1137846	300262	1434170138193
1216971	171814	1434170532321
545808	223003	1434171674070
545808	244819	1434171674480
26872	357054	1434172991634
1244501	116475	1434173163935
923338	291699	1434174130785
1396823	173291	1434175525320
748586	387747	1434175898517
418715	90389	1434176709975
418715	159822	1434176709975
1381398	13879	1434176962557
546022	46232	1434204613736
1143383	248904	1434210758332
197591	393144	1434213276855
1143383	194467	1434213545067
1165148	42002	1434213560985
871971	461686	1434214963127
1143383	92271	1434215228602
1223981	53480	1434215544333
186733	259725	1434217672247
893155	88831	1434221627761
417215	233439	1434223485611
168761	338307	1434224239578
1065255	445706	1434228495948
1065255	115001	1434228495957
566474	247240	1434230544802
1065255	441668	1434230740261
809973	187934	1434231023608
807851	360292	1434231162795
250527	212705	1434231172796
1065255	384173	1434231708637
1363344	227667	1434233554046
213089	42002	1434235236455
876481	169583	1434236638763
221099	361431	1434239732876
1065255	251751	1434239760216
807851	461686	1434240517461
261793	233439	1434241336158
345276	19629	1434242578747
870052	465751	1434242946346
345276	53480	1434244116132
1065255	416017	1434244308755
345276	355396	1434246432867
814619	433667	1434247505784
1065255	181687	1434249657369
1065255	102925	1434250606908
1173572	313375	1434256608696
1251411	358348	1434257955768
521419	188084	1434258338523
23730	113535	1434258369433
1342961	63102	1434258624362
1305909	81346	1434259100200
1119195	368033	1434260836882
1311118	448124	1434261602620
602003	161703	1434261952033
975595	27516	1434262513935
224841	81154	1434263453892
322645	458526	1434265220341
1362222	342264	1434265268197
1362222	90784	1434265268291
1362222	8259	1434265268337
22276	427360	1434267014206
1190855	218126	1434268309193
1190855	46130	1434268309193
1190855	211299	1434268309193
1190855	167866	1434268309242
1021811	42222	1434284875369
1021811	39070	1434284875384
1244487	214494	1434288798908
766526	149965	1434295413445
138131	458608	1434296080134
138131	362760	1434296528888
1150086	41295	1434296659274
683211	227318	1434296980164
197686	200425	1434297024945
653759	203043	1434297525601
595595	329311	1434299281592
782961	372188	1434299506939
782961	355891	1434299506939
782961	235971	1434299506939
164995	160904	1434300591716
164995	4613	1434300591951
827999	78496	1434301727417
548607	222604	1434303000743
560361	42002	1434304293981
149990	424929	1434306141802
1150086	415324	1434306379588
1207614	205552	1434307197529
264734	298324	1434307714969
432569	180751	1434308815289
787802	243250	1434309465798
787802	174409	1434309465798
787802	345059	1434309465892
787802	43465	1434309465908
787802	70894	1434309465908
711318	20911	1434309799116
1143383	48030	1434311468953
645414	237422	1434311755736
1150086	176757	1434312226020
379058	171195	1434312350040
379058	368360	1434312350040
379058	400946	1434312350102
379058	308648	1434312350102
379058	288901	1434312350102
379058	18717	1434312350102
379058	125799	1434312350102
379058	18252	1434312350118
379058	140527	1434312350165
379058	254029	1434312350165
1150086	340803	1434313627148
1314979	411886	1434314854359
1287860	304314	1434314994755
354554	369933	1434315110403
904418	223944	1434316910031
904418	393169	1434316910031
1143383	267347	1434316973159
905936	12765	1434317439595
1143383	127969	1434317733304
900820	218965	1434318039526
179448	84651	1434318302327
1150086	126557	1434321525207
1143383	346483	1434321984844
1115938	42002	1434321986258
998962	220587	1434322122395
233349	430845	1434322334447
155278	414593	1434322703664
1039753	142510	1434323548374
1150088	80858	1434323836602
587663	428257	1434324604178
843535	357531	1434324971639
1344445	404342	1434326569472
410385	316753	1434326586179
1150086	4442	1434326649397
138131	75510	1434328353407
138131	250301	1434328353455
703023	572	1434329199830
138131	268883	1434330252461
138131	191640	1434331889494
1293285	294291	1434332086646
311205	437490	1434332352125
311205	47174	1434332352125
549672	258608	1434332780820
322055	446522	1434332979388
549148	233439	1434333828752
1150086	62269	1434334241207
721106	341009	1434334533005
343274	234321	1434334586699
967857	209306	1434334846504
138131	271151	1434334912553
1397089	48105	1434336134443
780205	11009	1434336491393
667569	218170	1434336873662
913045	111306	1434337748994
780205	113440	1434338807779
913045	130804	1434338912259
99634	336248	1434339455658
2242	402047	1434339796245
555544	39539	1434340390893
555544	172393	1434340390893
1268175	187374	1434341415837
1379388	95604	1434342626783
647304	172282	1434343410119
1034893	52039	1434345884626
284251	369933	1434346567058
590241	309778	1434347813509
1190855	64377	1434351185413
1190855	14671	1434351185461
1190855	264693	1434351185461
1190855	145197	1434351185461
1190855	11250	1434351185461
1190855	446522	1434351476630
1190855	254813	1434351592044
79452	46156	1434351998232
689611	455804	1434371696949
635963	198903	1434379570996
695604	191264	1434380152636
371604	302587	1434380989973
1136617	166056	1434381456100
1065255	284648	1434382041426
690929	179932	1434382303918
1042656	414221	1434382437111
338429	412917	1434382444300
1150086	196398	1434383157657
892355	387339	1434383181716
1150086	458130	1434383392022
101175	152260	1434383417008
242520	208637	1434383454073
1065255	280328	1434383517628
1065255	50648	1434383517628
1065255	458271	1434383517628
892355	348245	1434383747255
1240849	178274	1434383897563
1065255	67814	1434384165285
892355	411373	1434384397272
371604	101698	1434384744760
1065255	377454	1434384788790
786374	437371	1434385202121
1202094	114763	1434385352030
279142	285346	1434385792708
265832	144761	1434386603900
897017	116802	1434386720540
892355	352541	1434386983999
892355	171814	1434386983999
892355	154977	1434386984064
1150086	322887	1434387037456
1279985	51983	1434387576751
1150086	168358	1434387790302
1150086	108936	1434387790333
1150086	365166	1434387790333
1190624	33388	1434388059063
108464	268883	1434388104496
1065255	455763	1434388308219
371604	80435	1434388399379
371604	340375	1434388399379
892355	119736	1434388463360
892355	100944	1434388463406
316850	286508	1434388474910
316850	76815	1434388474957
72302	48030	1434388762738
72302	239564	1434388762738
1038782	168367	1434388780676
845701	49676	1434388827252
845701	315545	1434388827284
408865	237422	1434389138661
831413	126307	1434389361844
1013883	359765	1434389470612
1308708	181973	1434389834443
1288576	455763	1434389919343
1150086	177543	1434390117968
1065255	7943	1434390118581
371604	172842	1434390563419
573311	30048	1434390654205
1367308	7379	1434390943080
875801	317093	1434391196486
1150086	323599	1434391336109
1065255	197735	1434391544823
1065255	432011	1434391546188
892355	420960	1434391982335
1150086	23762	1434392255977
446044	393768	1434392740957
836542	287647	1434393373564
576588	408933	1434393629321
1152318	56441	1434394138338
1161163	76414	1434394282299
925775	80858	1434394549693
938120	122873	1434394775626
1002471	83981	1434395025968
1150086	442033	1434395451999
1326956	185847	1434395638076
516261	230257	1434396457193
19967	242245	1434396574982
806817	359808	1434396748620
806817	123548	1434396748633
1003058	353436	1434398449656
1065255	28144	1434398712211
21976	343468	1434399377050
1274040	448127	1434399765182
516261	270886	1434399896970
1150086	9385	1434399925541
1065255	221980	1434400318554
1294186	261589	1434400494414
415617	423269	1434400781890
1187633	157437	1434400802254
229321	181576	1434400899194
1131743	403645	1434401029047
371604	24734	1434401438022
8516	248569	1434401482255
84660	191547	1434402078978
1203683	391387	1434402407257
182055	396853	1434402436992
182055	384302	1434402436992
1150086	370395	1434402508179
371604	363602	1434402567433
1065255	262917	1434402675268
193924	148103	1434402912964
598494	369767	1434403647057
217089	361748	1434403723990
90352	425758	1434404197081
1065255	130724	1434404314624
117236	237561	1434404438984
243025	182991	1434404739259
371604	287972	1434404907712
596591	74025	1434404990186
799678	153639	1434405055107
756442	256706	1434405074050
717294	268883	1434405783522
1123042	59635	1434406300348
416108	360213	1434406632889
1065255	199408	1434407524649
122337	447360	1434407618351
535623	255989	1434407618687
916600	107155	1434407664576
541012	361496	1434407895422
1161163	148666	1434408032782
937494	405770	1434408329704
861923	454878	1434408371629
861923	26283	1434408371645
628857	461686	1434408572909
371604	297965	1434408749477
371604	175273	1434408749477
991350	450082	1434408789974
308565	364594	1434409083821
619657	2660	1434409143582
454180	181576	1434409712501
1150086	156466	1434410652172
1292444	68857	1434411156740
717226	153767	1434411337973
1161163	97158	1434411423235
1065255	226940	1434411995921
347814	247240	1434412123452
371604	257611	1434412797415
556822	48030	1434412845504
430190	447215	1434413329867
791783	420960	1434413825743
890611	371551	1434413847831
1224500	436694	1434414405868
43775	429721	1434414891908
1161163	275339	1434415369499
1389709	199910	1434415584556
1389709	176661	1434415584556
633212	226016	1434416215803
1153702	148034	1434416298280
530559	439963	1434416333072
530559	362858	1434416333072
555583	264605	1434416507283
435336	385735	1434417114720
273341	171814	1434417389505
273341	239086	1434417389505
273341	303341	1434417389521
273341	63092	1434417389521
592247	332018	1434418234841
60568	36512	1434418272497
269109	124272	1434418429978
371604	346213	1434418583625
454102	462872	1434418599960
3465	8523	1434418664698
3465	434048	1434418664698
3465	114485	1434418664698
303244	260878	1434418768574
632574	59910	1434418776415
50467	286731	1434418914645
1154301	37471	1434419006002
541479	367664	1434419722281
1161163	137102	1434419809852
69301	367900	1434420525308
69301	448453	1434420525355
820440	11206	1434420809222
231275	324290	1434420966769
357181	229725	1434420982686
1368267	91723	1434421910541
33308	27221	1434422318140
371604	315571	1434422746546
374933	425228	1434423214828
371604	243355	1434423927377
1239805	350103	1434424015257
491895	416017	1434424108907
427421	457843	1434425103001
934767	79918	1434425763906
934767	98282	1434425763906
934767	167126	1434425763906
150737	158912	1434425809250
1038789	366510	1434426348295
1296257	18171	1434427540865
1362384	444848	1434427639030
941359	358650	1434427939897
942814	449786	1434427994171
86123	206930	1434428494153
999926	143000	1434428576335
561441	302307	1434428761280
1263992	410504	1434428951310
1083369	27897	1434429180343
1377460	153864	1434429761594
1377460	121681	1434429761658
1313304	335261	1434429836256
201718	273872	1434430326829
1313304	414914	1434430462988
4694	138314	1434431084090
4694	371724	1434431084168
299720	260878	1434431571558
299720	234033	1434431571558
1014574	357054	1434431875327
595900	407952	1434432445396
1161712	184320	1434432512293
1024035	290402	1434432863202
973946	260878	1434432930078
539	94371	1434433178673
164630	262138	1434433981909
1276315	466263	1434436441860
1346711	158912	1434439882973
315018	158086	1434444256137
303469	342367	1434453629716
1357391	247578	1434455324407
1007248	20158	1434455755392
485161	214630	1434463433294
459752	238970	1434463859730
528074	24418	1434464563164
528074	222604	1434464563195
528074	312781	1434464563210
266582	208813	1434464789115
764821	206266	1434465337273
581056	100238	1434465337898
1057465	416017	1434465661972
52452	230257	1434466873857
1160112	35956	1434467672874
1160112	239816	1434467672874
1161163	302307	1434467763137
995925	346152	1434468052258
371604	432357	1434468141793
502083	279052	1434468396795
1161163	222604	1434468780200
1161163	312781	1434468780341
1161163	118318	1434470025810
1161163	326094	1434470025937
1092478	438122	1434470204557
1092478	93067	1434470204619
621195	121166	1434470392171
1311579	234350	1434471176611
1311579	195304	1434471176611
1311579	311879	1434471176611
1311579	112654	1434471176611
76757	310514	1434471179559
76757	120990	1434471459935
46535	380440	1434471890628
742661	150547	1434473409918
1154309	302307	1434473744268
1134975	322810	1434474092389
373274	375955	1434474642643
635987	387652	1434474936475
635987	160272	1434474936475
628362	250072	1434476778899
897665	383100	1434477151970
430186	90931	1434477467938
713127	436694	1434477538608
872338	104417	1434478234387
872338	98893	1434478234387
872338	199617	1434478234387
872338	164045	1434478234403
872338	215765	1434478234403
872338	207125	1434478234419
872338	134558	1434478234434
1066883	212438	1434478241569
1390774	388318	1434478515285
1390774	384514	1434478515444
758223	227976	1434478657596
1065255	234051	1434479062337
222696	269268	1434479183053
46535	286731	1434479236821
1123703	127569	1434479411496
26923	26634	1434479495116
530559	159979	1434479913525
530559	24418	1434479913540
530559	403564	1434479913540
1229806	60403	1434480272175
1161163	357432	1434480396032
530559	172696	1434480477690
169589	278380	1434480497147
169589	446478	1434480497209
169589	309976	1434480497227
364536	167126	1434480690552
566902	163486	1434480878514
1161163	39440	1434481001334
76757	369158	1434481031507
76757	329900	1434481031507
76757	301721	1434481031507
1225468	385778	1434481227540
76757	90931	1434481494520
1161163	393691	1434481716234
530559	117730	1434481783699
198153	166327	1434481834760
1207863	365889	1434482261213
535433	292077	1434482301436
614785	449559	1434482330221
1009811	438338	1434482606582
1221036	368403	1434482800663
46535	303790	1434482867515
717701	13730	1434483111851
1362813	350555	1434483219154
745702	39440	1434483329280
1206028	343637	1434483334598
1160836	61460	1434483610213
1065255	326314	1434483613217
886766	191012	1434483619059
819587	452518	1434483919882
819587	442902	1434483919884
1065255	66046	1434484060141
1065255	203817	1434484060172
1014189	449391	1434484079912
1014189	140853	1434484079990
1014189	54698	1434484079990
76757	93680	1434484110656
76757	90453	1434484110656
76757	118914	1434484110656
76757	430034	1434484110671
76757	222166	1434484110671
896347	243087	1434484223996
279876	250094	1434484350916
279876	114137	1434484350995
1113427	101926	1434484522469
1065255	14387	1434484589750
1161163	311013	1434484825743
1065255	91264	1434484861966
1065255	94437	1434484862122
46535	119639	1434485303264
959855	432357	1434486543245
1086897	27516	1434486787582
576184	98388	1434486804335
354751	371474	1434486878361
530559	194791	1434486885431
530559	321089	1434486885431
652968	38680	1434487296670
991381	33139	1434487424181
121951	5730	1434487572569
330672	25744	1434487776707
712773	379652	1434487926875
410791	302858	1434488126910
1161163	163440	1434488215945
1065255	87856	1434488273890
530559	371008	1434488371972
782523	436143	1434488422786
1161163	113440	1434488592888
1140795	17478	1434488636246
268264	257748	1434488769880
1161163	99667	1434489260614
252249	113440	1434489599341
1065255	74804	1434489742750
76757	412956	1434489771790
196080	445299	1434489863359
1065255	161306	1434489936327
315252	69247	1434490048027
504827	299222	1434490050258
1065940	33139	1434490391497
1065940	406133	1434490391513
1161163	92678	1434490477394
76757	101666	1434490613136
1253728	461538	1434490883150
1253728	292218	1434490883165
1253728	423911	1434490883181
854854	460553	1434490944896
503489	54566	1434491202687
76757	440807	1434491541026
1161163	318941	1434491829281
962631	106958	1434492122949
1365958	218794	1434492872314
1119870	400955	1434492960599
564986	365691	1434493269396
861158	233695	1434493459727
1065255	44234	1434493570058
1322599	310702	1434493646252
729498	161182	1434493770352
729498	102410	1434493770368
723092	403477	1434493980527
723092	73377	1434493980527
451610	304081	1434494091026
549938	49870	1434494126815
781974	399531	1434494150997
85734	66548	1434494772851
615486	47940	1434495312291
76757	116677	1434495960529
1161163	456056	1434496035300
1161163	204023	1434496035644
1331824	69994	1434496062205
302544	214737	1434496320257
581617	2917	1434496593450
896347	283923	1434496759259
587802	84822	1434497591872
168889	378199	1434498284164
1229729	117762	1434498313628
1229729	238951	1434498313628
1229729	445106	1434498313644
1351788	59586	1434498962435
1351788	398671	1434498962450
1351788	432800	1434498962450
1165148	97890	1434499342742
230498	92078	1434499682681
1287670	436360	1434499792142
683628	394754	1434499911284
896347	400868	1434500037072
7016	411039	1434500172144
7016	32591	1434500172160
587802	47324	1434500491685
525529	289103	1434501394215
3926	323347	1434501640287
3926	187379	1434501640380
1190733	342661	1434502371006
359094	299384	1434502386548
1069711	192463	1434503076262
458889	242456	1434503698013
112167	379599	1434503945381
906325	219193	1434504382030
794304	90748	1434505536265
571645	396053	1434505741729
571645	332605	1434505741729
1336074	41803	1434506133068
1287670	461671	1434506828205
388893	42002	1434507556461
1127406	290433	1434507759252
1127406	396802	1434507759268
1287670	217613	1434508680602
312100	92078	1434508833443
1237167	396732	1434508845225
1245838	435167	1434508860033
1161163	268335	1434508881682
835208	315756	1434509350986
1161163	151061	1434509645708
1161163	416697	1434509645833
1161163	144304	1434509645833
869183	5070	1434509646176
205139	114342	1434510265790
217712	12765	1434510332670
527782	368193	1434511220408
1337048	78388	1434511885587
1337048	61796	1434511975251
1175423	324391	1434512027779
490177	30336	1434512028715
211278	461455	1434512295192
102676	162745	1434512394339
1220101	179538	1434512623396
1378003	200425	1434513313853
1142436	123629	1434513430074
915892	449786	1434515555880
590225	315387	1434515894984
1197647	190217	1434515933239
328795	45742	1434516630292
976410	53129	1434516957390
1405688	265920	1434517379097
850320	361850	1434517987272
664763	68704	1434518206719
664763	308648	1434518206750
664763	244908	1434518206750
664763	239188	1434518206750
664763	216266	1434518206766
664763	366734	1434518206782
1096142	29873	1434518484843
395585	212767	1434518618010
949896	349318	1434518888390
446730	125799	1434519169095
367087	179372	1434519305880
1226691	198906	1434519391624
557700	335459	1434519489340
557700	191634	1434519489356
557700	381211	1434519489356
557700	111530	1434519489356
925189	242694	1434519614190
715804	32591	1434519737914
715804	459835	1434519737914
291472	296989	1434520561617
291472	417992	1434520561617
1044586	325045	1434520857823
555021	297513	1434521775278
151740	224595	1434521779582
372549	300252	1434521851090
604058	249881	1434522297104
370331	357541	1434523619899
801554	221833	1434524044257
903847	187934	1434524899495
903847	154631	1434524899500
903847	358076	1434524899501
436380	266521	1434535223741
659293	201850	1434552512359
371604	407078	1434553794955
1264213	7576	1434555018809
371604	359863	1434555030734
371604	91998	1434555030734
1042112	314285	1434555874418
1042112	404793	1434555874418
243025	255729	1434556465884
28524	460188	1434556647809
217982	161182	1434556929453
988939	144785	1434557069088
988939	69735	1434557069088
988939	50277	1434557069088
988939	94163	1434557069103
988939	224832	1434557069103
988939	9739	1434557069103
138131	281717	1434557074872
1027949	210928	1434557129615
1165148	79484	1434557536654
1065255	348155	1434557821389
572287	114763	1434557981915
1375192	17478	1434558058514
371604	41803	1434558073468
722267	161553	1434558137213
566426	80196	1434558222765
337843	212583	1434558457525
192595	420528	1434558571025
233979	153778	1434558732895
138131	377380	1434558739730
138131	242694	1434558739730
588949	40140	1434558764261
932109	29391	1434558913708
1162239	23606	1434558981360
684514	136553	1434559634489
345276	368514	1434559861330
802676	224979	1434559903511
371604	346673	1434559919055
371604	191106	1434559919055
989215	162375	1434560020437
56745	457942	1434560174038
529925	396603	1434560271810
529925	344388	1434560271810
529925	194892	1434560271826
1033073	338435	1434560274500
684514	204057	1434560288142
143630	5730	1434561252812
345276	232780	1434561929810
1266017	282385	1434562087030
1153138	355768	1434562098838
424706	281717	1434562334135
32904	102434	1434562346387
1165458	353672	1434562520954
684514	74025	1434562523819
730188	316753	1434562526200
1165148	465333	1434562816520
1146172	26210	1434562935247
1009304	155548	1434563150311
995343	155427	1434563471032
684514	155548	1434563639307
1058404	41803	1434563725982
895999	40484	1434563892262
1213853	428257	1434563900286
294970	401074	1434563918547
684514	442837	1434564326676
43354	134118	1434564415762
684514	234887	1434564604947
901283	303058	1434564657131
1277643	278893	1434564883923
337843	122604	1434564989519
684514	118752	1434565098080
1187748	9131	1434565488096
521228	344462	1434565720484
190159	248742	1434565978064
505824	393064	1434566084855
1165148	283816	1434566156930
1160440	103941	1434566200031
684514	224832	1434566308534
684514	22926	1434566308534
1075090	312728	1434566523755
8731	16633	1434566879191
1009812	336579	1434567649005
1362715	454702	1434567721229
1229494	244374	1434567816667
682031	269192	1434568027808
682031	435624	1434568027808
682031	442504	1434568027808
682031	249460	1434568027808
682031	357188	1434568027808
233979	281854	1434568427120
233979	433697	1434568427120
233979	328298	1434568427120
233979	242372	1434568427120
233979	385520	1434568427120
233979	173223	1434568427120
233979	245810	1434568427338
233979	364875	1434568427338
233979	442150	1434568427354
233979	398397	1434568427370
233979	81434	1434568427370
1309705	449280	1434568984309
684514	251381	1434569264664
1023179	264972	1434569447409
684514	61818	1434569599168
214762	277271	1434570144921
510974	436360	1434570330804
1130129	304877	1434570502585
691013	224355	1434570603927
1213873	457942	1434571056628
1213873	224832	1434571056628
1269683	198376	1434571339281
867161	94442	1434571660430
393634	5790	1434571982773
682031	67115	1434572177911
684514	14932	1434572673137
1159125	448494	1434572855991
895999	38680	1434572866395
684514	254325	1434573398557
333296	101429	1434573567741
333296	184217	1434573567741
333296	232607	1434573567741
227174	356569	1434574144334
697408	232172	1434574186377
697408	265326	1434574186488
988142	270950	1434574721967
333296	92466	1434574786964
8731	305675	1434574915888
430569	279457	1434575122142
371604	175668	1434575492849
684514	187934	1434575619827
957312	461686	1434575708226
957312	24150	1434575708273
957312	405886	1434575708273
371604	232780	1434575957034
684514	396185	1434576310673
1233979	434772	1434576680131
1233979	138595	1434576680240
1233979	454662	1434576680240
1233979	212	1434576680240
303480	252203	1434576746546
787290	304314	1434577157961
684514	197422	1434577223375
371604	129972	1434577370191
371604	62035	1434577998996
1278686	342938	1434578050510
371604	200536	1434578499712
921489	45124	1434578528779
345276	212742	1434578619556
204831	361734	1434578714982
1254731	194576	1434579121319
986554	278663	1434579171014
936783	342804	1434579821121
1145243	17478	1434580351968
263161	73568	1434581004604
224928	344428	1434581195992
224928	379953	1434581195992
224928	436056	1434581196008
345276	16199	1434581486000
371604	443320	1434581672477
684514	436549	1434582201383
960661	58719	1434582260454
345276	211902	1434582301299
901801	236049	1434582670111
1176865	21017	1434582870363
738182	55253	1434582874069
738182	344305	1434582874069
738182	193990	1434582874069
1047813	248630	1434583455494
345276	226374	1434583923926
1207006	52653	1434584598661
684514	440912	1434584682173
697009	284901	1434584905697
1375060	363803	1434585670822
1239747	357111	1434585830930
684514	292271	1434585896322
430822	317899	1434586893001
371604	284901	1434587010897
430822	340347	1434587170113
371604	496	1434587460003
388556	49990	1434587483632
158456	11296	1434587973981
346288	373600	1434587980790
1331885	389974	1434588006460
1089934	44234	1434588449841
1005305	113440	1434588862915
888465	216592	1434588921411
1134975	306396	1434589023617
1385901	312728	1434589200792
1249422	434521	1434589406374
1249422	14868	1434589409327
302488	312717	1434589802541
1165952	450082	1434590428316
952388	79826	1434590618725
530984	58161	1434590665799
662500	399192	1434590917282
116133	48731	1434593122706
371604	383869	1434593359480
868964	138843	1434593541960
261883	344421	1434595195816
1373373	221481	1434595584929
307943	48030	1434595914518
424807	289486	1434597578441
981216	455763	1434597769731
1170342	120208	1434597891987
911457	444712	1434597984137
122153	312699	1434598181726
441858	11523	1434598621283
401855	420960	1434599291232
867355	83569	1434599712491
867355	34676	1434599712491
867355	224595	1434599712491
1238886	279457	1434599723894
1268760	123995	1434600520900
40251	79524	1434602361810
979847	66448	1434602552952
337718	223879	1434602698709
660620	104116	1434603386428
660620	377960	1434603386537
1292316	211418	1434603443724
880513	433441	1434603981334
52860	112461	1434604278931
1076611	73913	1434604636589
896274	262162	1434604842949
559722	16710	1434605333669
547834	182302	1434605470581
1224381	290999	1434605644711
553179	428268	1434606093516
553179	107503	1434606094253
978636	293363	1434606258140
213393	310233	1434606345470
1195211	210822	1434607138581
617793	429846	1434607140528
617793	417621	1434607140544
617793	401122	1434607140544
479891	305656	1434608816590
559722	255614	1434608840052
436662	139332	1434619901679
233156	144635	1434624310339
1321824	436549	1434631157225
240998	37403	1434633216429
240998	26900	1434633216444
240998	326457	1434633216460
917059	339638	1434634647375
849872	158569	1434641581035
849872	259710	1434641581035
120036	249768	1434642555637
986764	111530	1434642905702
1161163	26284	1434643555630
1161163	33139	1434643555630
1161163	119736	1434643555630
773217	363578	1434643833573
85734	140861	1434644047671
1295178	11976	1434644130979
1295178	445459	1434644130979
895999	2657	1434644293737
1300763	92602	1434644386386
240998	90897	1434644397691
240998	301718	1434644397832
240998	309438	1434644397832
240998	402462	1434644397847
684514	30024	1434644731709
1243953	312699	1434645269776
693709	367230	1434645372175
825321	199989	1434645470265
85734	337395	1434645565372
85734	66587	1434645565372
684514	465511	1434645935922
684514	123541	1434645935922
684514	140527	1434645935922
346597	425458	1434646023869
346597	52212	1434646023931
346597	255908	1434646023931
346597	137932	1434646023931
462756	442721	1434646542202
684514	368841	1434647216477
1102275	80435	1434647532268
250943	222604	1434647584013
1182649	82586	1434647592915
1161163	122873	1434647610282
684514	38965	1434647657019
502974	82278	1434648169218
803139	198070	1434648233767
684514	190000	1434648260188
890290	397519	1434648363068
1346314	317744	1434648612458
325061	162375	1434648712222
319380	368841	1434649351393
684514	136724	1434649691830
719538	458271	1434649793109
760986	104663	1434649887728
1167457	110403	1434650325059
888881	43101	1434650557634
888881	285412	1434650557681
888881	272926	1434650557697
1161163	321257	1434650707000
754579	424017	1434650783708
455628	443030	1434650882703
1123995	222082	1434651106448
684514	459990	1434651625015
138131	346436	1434652151146
684514	243980	1434652239654
1051557	397642	1434652840981
138131	218385	1434652846483
138131	300823	1434652846514
683346	144635	1434653035162
1105004	195852	1434653196658
1010812	316753	1434653502308
1043678	202534	1434653631287
684514	234255	1434653634340
576828	220136	1434653905247
684514	144704	1434653960797
89656	8347	1434654241371
936674	133814	1434654277319
684514	334094	1434654852623
899857	233	1434655037923
575741	274798	1434656316546
513479	111912	1434656359981
1037441	126623	1434657968646
1403935	316472	1434658132186
527872	362506	1434658249658
527872	202634	1434658249737
777857	254324	1434658509047
186445	273747	1434658567299
673841	17478	1434658651227
1155466	416017	1434658838902
225865	7943	1434658925434
836635	4959	1434659351834
1067646	311336	1434659633554
1035684	251067	1434659971245
1177041	243247	1434660568397
529925	268431	1434660777869
529925	390934	1434660777885
217214	167871	1434660993215
450950	364640	1434661102992
684514	293053	1434661534223
836635	146797	1434661690634
765630	464731	1434661784273
1269056	217483	1434661840563
402529	200793	1434662281835
975683	360877	1434662333329
695025	303870	1434662495703
695025	300536	1434662495750
695025	246555	1434662495750
1204153	76022	1434663231524
112323	11279	1434664406923
1365841	276282	1434664428932
509343	204080	1434664507824
509343	294531	1434664507824
1045580	11670	1434664632319
684514	33877	1434665662160
836635	436115	1434665856334
535091	187949	1434666073472
397091	339703	1434666649949
684514	148855	1434667511779
366911	324209	1434667649682
639061	132776	1434667891119
551411	60479	1434667897661
551411	196398	1434667897661
684514	237019	1434668513249
615931	370037	1434669355125
765630	372397	1434669517586
684514	301721	1434670228494
684514	255725	1434670228494
765630	286731	1434670448219
830069	45583	1434670885944
831443	89415	1434671660293
693648	190172	1434671678166
693648	63212	1434671678213
138131	369158	1434672797273
138131	441966	1434672797273
836635	322619	1434673000815
684514	44137	1434674100968
1115272	366809	1434674830042
684514	12217	1434675855215
213910	355186	1434677030957
109095	153767	1434678341237
138131	399592	1434679580756
998808	423269	1434680367202
978909	176309	1434681662798
978909	43354	1434681662829
978909	429319	1434681662829
271884	290317	1434682128809
104522	441645	1434683231202
288061	298828	1434683265292
171457	454818	1434683969212
283568	179290	1434685030549
1227097	126674	1434685495776
1173255	381613	1434685866944
1173255	377960	1434685866944
244853	199018	1434686276388
244853	194562	1434686276481
244853	216556	1434686276497
244853	156644	1434686276513
546406	293097	1434688306514
204995	215704	1434688363975
724423	84973	1434689570035
165718	237019	1434689640568
107944	13224	1434690144226
870683	349470	1434690768702
769006	461686	1434695268146
595159	416017	1434698019491
532444	112706	1434711691881
58074	347414	1434718002673
1202511	187949	1434720229736
804842	328025	1434721832841
61334	382884	1434722734585
491657	417927	1434722886227
55697	139769	1434725830262
1150086	137697	1434726930754
955924	456792	1434727361525
1165148	243566	1434727555878
528934	362659	1434728261568
530559	132600	1434728262429
198153	51483	1434728265055
548772	332333	1434728833945
453287	437804	1434728843413
837352	352577	1434730529775
1150086	196536	1434730732622
387929	289844	1434731087056
548772	274604	1434731822225
684514	78496	1434732478559
76757	21013	1434732549758
76757	70929	1434732549805
76757	448453	1434733715111
76757	320	1434734011664
530559	302478	1434734071313
732232	316907	1434734227824
1150086	329104	1434734256761
1150086	370984	1434734256761
548772	371390	1434734572930
548772	393142	1434734572930
548772	91152	1434734572930
218640	278843	1434734603150
792642	77733	1434734711050
536257	234051	1434734720057
551411	223491	1434734792845
551411	165876	1434734792845
551411	445224	1434734792845
551411	173253	1434734792845
684514	416017	1434734798104
895999	157217	1434734913923
1150086	438412	1434735413947
1150086	106547	1434735788740
618368	411482	1434735846650
1221125	131787	1434736193566
11508	186228	1434736912254
684514	441966	1434738078812
667085	285055	1434738127977
569504	439770	1434738995829
1082822	271101	1434739560808
52674	291394	1434739801047
828308	255725	1434739955508
407750	242521	1434740301969
684514	330889	1434740431697
884928	258822	1434740510798
884928	383487	1434740510876
975703	466319	1434740724243
975703	404977	1434740724243
397522	296536	1434741256438
548772	362659	1434741261587
958461	33907	1434741295226
958461	8681	1434741295273
989759	148103	1434742777122
530559	268081	1434742839748
1150086	177636	1434743275654
76757	16158	1434743398235
1150086	428067	1434743632273
56312	222888	1434743765312
530559	235771	1434743989966
1150086	396265	1434744427188
1393113	124272	1434744461166
76757	332821	1434744707168
1150086	387622	1434744966176
530559	284871	1434745432881
448398	284871	1434745756604
448398	280676	1434745756604
1165148	204494	1434745826980
1020737	132423	1434746335100
1020737	16344	1434746335100
1020737	187848	1434746335100
1020737	304558	1434746335100
1020737	173365	1434746335100
1150086	68100	1434746468131
1150086	366177	1434746468131
76757	256432	1434746541404
530559	315571	1434747731610
359742	46444	1434748112759
12295	86452	1434748151501
76757	242521	1434748303222
444847	175605	1434748608136
444847	186573	1434748608152
76757	119736	1434749026274
76757	268081	1434749026274
912214	242521	1434749217856
1021744	461311	1434749420024
304325	322342	1434749484286
62679	184620	1434749924251
848427	334947	1434750054599
848427	67434	1434750054599
53982	73593	1434750268631
53982	289021	1434750268631
130917	150100	1434750599387
76757	53636	1434750775398
426208	265703	1434751047833
76757	281854	1434751342707
76757	81434	1434751342723
76757	328298	1434751342723
131578	242521	1434751826490
1312018	204902	1434752012319
1150086	66737	1434752227864
1077320	150479	1434754149422
684514	444363	1434754639571
684514	397692	1434754639571
548772	310756	1434754833309
76757	161925	1434756078990
548772	128182	1434756416725
548772	242981	1434756416804
922967	275559	1434756625136
965471	162745	1434756818483
76757	86675	1434757737078
1140886	218794	1434758198324
1140886	65215	1434758198404
1140886	223027	1434758198576
1140886	461686	1434758199438
1150086	380014	1434758541577
1180110	372772	1434762245525
1007362	301070	1434762245745
1329673	26634	1434762304050
285368	272527	1434762875854
285368	40870	1434762875870
1150086	130451	1434763128131
769337	409804	1434763163950
548772	158448	1434763518826
501184	209184	1434763610114
501184	125925	1434763610114
548772	343848	1434764998079
799471	324290	1434765424290
1105978	5470	1434765441755
124102	235047	1434766169117
1072332	444006	1434767679327
825575	114953	1434769010667
968647	191042	1434770895792
968647	264152	1434770895792
968647	28161	1434770895792
968647	448124	1434770895792
452114	268081	1434771229523
1086075	272976	1434771708902
1305593	46789	1434773329277
1322322	141956	1434774103571
903316	176661	1434774337340
1356035	294137	1434774494161
567388	340375	1434779814488
604740	250643	1434780204483
604740	3146	1434780204483
1016574	320914	1434780482956
1149804	272455	1434780610761
1395724	389838	1434781150406
1167457	210373	1434811059858
1167457	29539	1434811059936
1167457	134108	1434811060250
1167457	210408	1434811060375
1167457	216266	1434811060406
1167457	261316	1434811061273
1167457	236914	1434811061883
1167457	372834	1434811061883
1167457	337512	1434811061945
1167457	410587	1434811062071
1167457	451388	1434811062180
1167457	76815	1434811062730
1167457	297884	1434811063486
1167457	210975	1434811063564
918277	33907	1434813899092
1032394	459701	1434814804039
684514	301462	1434816263055
387466	368766	1434816857890
387466	12357	1434816857905
497761	187934	1434817893712
497761	456056	1434817893727
383168	219300	1434818299672
835215	15564	1434819228333
1150086	373064	1434820851656
1063775	283883	1434820939912
1371376	58752	1434821104716
548772	382885	1434821506165
1236721	198903	1434824243805
1337710	66480	1434824937237
1275371	63775	1434825230010
684514	306505	1434825325277
684514	227053	1434825325277
641815	382885	1434827217605
548772	115258	1434827274952
684514	80196	1434827343161
1150086	162926	1434827565980
765630	331910	1434830131752
1265602	60500	1434831172079
892697	66737	1434831313537
684514	199233	1434833074725
919028	345279	1434833236983
919028	59635	1434833236983
919028	182539	1434833236998
919028	287279	1434833236998
919028	245400	1434833236998
1150086	118914	1434833256209
397738	400533	1434833373840
397738	458882	1434833374001
530559	271887	1434834032010
548772	288525	1434834222696
548772	148478	1434834222743
684514	303833	1434834410229
684514	94437	1434834410229
1320211	258089	1434834774043
1320211	351861	1434834774152
1150086	259105	1434834795684
31314	29656	1434834995803
684514	182086	1434835068650
16945	383001	1434835149993
548772	2416	1434835163553
548772	174719	1434836604910
548772	321089	1434836604910
765630	227861	1434836810351
1122758	452720	1434836829530
1122758	13193	1434836829562
1316555	289984	1434840631298
1167927	187934	1434841488238
1167927	255614	1434841488238
1169882	345034	1434842973650
148192	286944	1434843950147
684514	149110	1434844183302
291482	259467	1434847091870
291482	336131	1434847091886
291482	333986	1434847091886
1150086	161925	1434847607614
131954	93705	1434849266274
986288	255947	1434849474698
1180838	170262	1434850647901
1150086	22351	1434850671182
530559	458277	1434850698880
530559	223491	1434850698880
185790	131118	1434850828413
185790	154955	1434850828429
1311802	286293	1434851194108
1138722	464895	1434851908139
1122429	199668	1434854480453
869544	456005	1434855154799
71192	279316	1434857504216
491323	286044	1434857809558
491323	117659	1434857809605
458095	48030	1434857996937
84275	52928	1434860099744
552261	461686	1434864821146
888829	52928	1434865416328
945612	301656	1434869443603
945612	350525	1434869443603
945612	152644	1434869443603
712608	20218	1434869960192
55609	262099	1434885913044
915594	379520	1434886042617
71272	372603	1434888586403
71272	446500	1434888586403
676713	390984	1434898493171
836635	40140	1434900036291
743319	207125	1434901361190
220296	116974	1434902044323
1190446	120410	1434902121857
1190446	367490	1434902121857
1041001	115923	1434904429594
836635	104432	1434904660711
138131	390934	1434905731955
138131	58719	1434905731986
794126	450616	1434906340372
794126	379671	1434906340418
109246	296795	1434908337885
1033428	421739	1434909638372
762163	84973	1434909656700
1125958	38680	1434909932681
765630	165302	1434909985716
347937	324534	1434912193715
368819	433567	1434913491835
138131	259822	1434916215561
836635	4001	1434916296969
756473	432357	1434916396788
765630	332531	1434916449421
836635	466614	1434918487765
138131	373318	1434919062684
518294	243167	1434919637096
138131	166683	1434919683330
1386264	308991	1434919685283
410486	235700	1434919848193
138131	336861	1434920145422
90093	368337	1434920856015
1346891	139243	1434921456043
701119	465833	1434921485919
1010711	290999	1434921585443
1010711	322717	1434921585443
1010711	268081	1434921585443
666162	153666	1434922675835
1018216	277119	1434922724629
776325	440826	1434922965132
1140205	66737	1434923350247
836635	386636	1434924249019
877963	358837	1434925139989
800917	146630	1434926027125
872187	26210	1434927714539
809384	444931	1434928115559
809384	79524	1434928115559
933174	121489	1434929186494
933174	310337	1434929186526
836635	381934	1434929466869
215474	268081	1434931007153
38878	312613	1434931699972
424452	85842	1434931961626
765630	234255	1434932731511
836635	5675	1434933053925
1221736	350191	1434933122867
836635	433649	1434933775010
314377	447215	1434933873292
68449	303790	1434934628064
154970	375332	1434935682316
611804	16344	1434935932118
611804	285154	1434935932118
611804	422376	1434935932118
590931	73200	1434936307831
97992	257040	1434936489730
313267	77708	1434936706926
846617	51969	1434937507788
846617	316024	1434937507803
1117079	292444	1434938667856
138131	442837	1434938742429
836635	132600	1434939546759
1765	330469	1434939576914
461088	419415	1434939742298
314555	72777	1434939806205
138131	117551	1434940246323
836635	48030	1434940256902
836635	21320	1434940990209
1087295	117659	1434941508849
117934	307279	1434941579302
117934	164538	1434941579302
117934	55544	1434941579302
161617	46232	1434941905148
161617	309372	1434941905148
161617	221550	1434941905164
765630	292952	1434942211843
778098	140262	1434942809571
1257331	230616	1434943565913
536478	143011	1434944836001
211887	261589	1434945366737
459986	274435	1434945914894
405816	300559	1434946520194
133120	132347	1434947844844
294978	317744	1434949600739
1204351	382885	1434949725671
1076366	339275	1434951155953
474257	261589	1434952651910
1076366	285072	1434953492226
1076366	376203	1434953492257
1076366	244783	1434953492272
1076366	41925	1434953492272
1076366	38623	1434953492304
1076366	366993	1434953492335
1126836	336559	1434954299287
9099	330786	1434958836190
735763	171427	1434959377421
1377734	389397	1434959500277
661164	382885	1434959582647
591631	322666	1434969015730
135201	314217	1434975075257
820902	198665	1434983577698
823664	387869	1434984014288
1205233	15844	1434984551596
585358	256053	1434985487211
34665	310944	1434985838755
1150086	382885	1434986374072
454907	448453	1434986462685
1015139	12217	1434986615714
1150086	182539	1434987880035
1220455	110054	1434988607474
1150086	178837	1434989349047
76757	23762	1434989599815
1159847	329587	1434990533997
79721	91676	1434990934626
373182	139243	1434991061858
1150086	361152	1434991311704
1320249	358348	1434991645657
638506	374092	1434991682613
751054	315756	1434991836485
957284	223203	1434991955064
1150086	223203	1434992202594
836635	303828	1434992223302
76757	353433	1434992282591
640892	133224	1434992867694
359145	45330	1434993043907
1058705	442575	1434993819248
238442	20395	1434993919368
1056881	17478	1434994407135
76757	115258	1434994424391
1008540	271321	1434994815620
836635	113233	1434994965153
924020	247326	1434995030845
1260447	226374	1434995100777
1027357	254196	1434995412228
36310	181527	1434995751926
875263	312781	1434995929403
141889	254432	1434996057560
1317031	48316	1434996209009
1281324	435460	1434996225777
138131	286731	1434996455977
765630	134118	1434996550516
1164596	138289	1434996553811
1164596	239774	1434996553811
1164596	1684	1434996553811
1336520	254285	1434996769861
898096	134330	1434996871258
138131	118504	1434996977936
836635	168927	1434997304547
833834	354709	1434997661272
76757	62950	1434997700101
205085	26515	1434997817271
1085971	262098	1434997974309
1385333	106547	1434997990714
865620	308648	1434998021166
1150086	248711	1434998035822
836635	69783	1434998232416
531869	200242	1434998269127
769790	329279	1434998313473
793374	313722	1434998353473
159004	302329	1434998404640
793374	386126	1434998559125
542498	246555	1434998693342
542498	300536	1434998693357
542498	303870	1434998693357
1273329	279944	1434999133913
1322788	215503	1434999243581
43605	17724	1434999301362
765630	376944	1434999488276
430907	448091	1434999700673
946269	280495	1434999749576
1150086	248262	1434999842375
3258	353548	1434999874230
3258	19278	1434999874325
1185078	18573	1435000279768
507351	137974	1435000394345
336088	206241	1435000545874
895999	257655	1435000818904
836635	206241	1435001038404
347996	435073	1435001093885
1366782	174417	1435001589294
1125465	262982	1435001895696
1390313	404342	1435001991468
836635	369150	1435001993847
836635	353364	1435001993863
836635	260621	1435001993863
765630	118551	1435002096811
765630	440129	1435002268848
76757	244636	1435002614774
1135907	161660	1435002836028
1025839	144540	1435002957427
765630	214271	1435003045132
546612	2455	1435003167043
818589	125337	1435003390239
440289	438759	1435003473072
340941	51629	1435003878849
777365	46156	1435004065112
421440	89775	1435004241407
1256475	177257	1435004376222
76757	108021	1435004828377
76757	340377	1435004828409
76757	458271	1435004828409
76757	443914	1435004828409
765630	257655	1435005015984
160095	418690	1435005226170
306462	362659	1435005413074
321418	422044	1435005798279
76757	195423	1435005858546
1029755	461686	1435005875978
1029755	270938	1435005875993
836635	169679	1435006052880
1288067	67533	1435006283602
1058490	402696	1435006491202
76757	10716	1435006739285
1150086	412486	1435006803772
948047	329028	1435006852999
310425	129279	1435006964576
687940	324167	1435007437652
1370651	287080	1435007580465
76757	191303	1435007606887
756442	98178	1435007629649
311886	149965	1435008347540
1150086	118551	1435008410626
851653	170283	1435008458921
765630	149049	1435008515098
836635	402225	1435008554283
605832	7943	1435009043581
765630	394809	1435009147553
1150086	434838	1435009855464
119328	132683	1435009914613
841511	105700	1435010175341
1404991	250640	1435010291668
1404991	166148	1435010291699
1404991	233695	1435010291715
327414	185017	1435010294560
327414	59003	1435010294607
327414	50221	1435010294623
1150086	202983	1435010453283
255389	115698	1435010615439
836635	444006	1435010675482
76757	386527	1435010995453
506763	362958	1435011046460
379844	100393	1435011302968
1071262	280476	1435011500976
76757	98012	1435011778149
1223878	200278	1435011787369
1223878	359863	1435011787431
1223878	212438	1435011787431
1235136	55925	1435011952619
1375611	70148	1435012139569
1233001	151410	1435012226758
76757	206970	1435012249851
1196942	6409	1435012813526
1150086	304877	1435013314143
122700	336228	1435013445270
1150086	72911	1435014016255
1150086	459354	1435014016380
1068780	454679	1435014253949
321061	213280	1435014400742
321061	275150	1435014401135
684514	262098	1435014496702
371760	259105	1435015053819
1060420	372523	1435017023398
1297469	389158	1435017035493
76757	208529	1435017289222
765630	220513	1435017962411
765630	244027	1435017962411
765630	31625	1435017962411
765630	2641	1435017962411
765630	229821	1435017962427
765630	158808	1435017962427
765630	323381	1435017962693
765630	412416	1435017962693
765630	200114	1435017962693
765630	91357	1435017962693
765630	116968	1435017962693
765630	308053	1435017962693
765630	14671	1435017962911
765630	63212	1435017962911
765630	309440	1435017962927
765630	184331	1435017962927
765630	300559	1435017962927
800578	282806	1435018112865
677318	343151	1435018307443
677318	360790	1435018465906
1338933	434289	1435018649853
765630	4001	1435018830839
13151	179535	1435018992228
13151	265966	1435018992243
13151	339808	1435018992243
765630	444697	1435020328434
133645	200180	1435021240333
1150086	57686	1435021344806
1150086	260256	1435021344993
836635	55543	1435021497758
846194	261673	1435021629188
24142	150215	1435022366134
303182	257040	1435022945698
516784	172393	1435023211215
600511	58638	1435023413960
996891	64951	1435023423697
1378683	133517	1435023979298
72828	161623	1435025279481
26189	429846	1435025432383
235387	321712	1435026968540
267822	285398	1435027325474
805254	17478	1435027674625
1258744	288105	1435028042878
783756	105471	1435028086462
783756	282868	1435028086509
783756	459990	1435028086509
783756	239480	1435028086509
765630	407078	1435028520339
765630	281211	1435028520355
440213	25375	1435028755883
327098	85156	1435028763504
1019094	218126	1435028981429
862280	246997	1435029061109
770188	78496	1435029618362
885199	310514	1435030779297
677046	407608	1435030842947
1121064	151618	1435030936348
1381498	432748	1435031972086
201024	392162	1435034654525
300055	132683	1435034782795
63475	114389	1435035267762
597906	279457	1435035526878
673028	82278	1435035979296
557212	287007	1435037054970
563448	445105	1435037693977
43804	200793	1435039135671
929721	171962	1435039468572
1074315	334094	1435039592387
348256	67434	1435039856327
1338125	273342	1435040709878
458108	447704	1435041524172
683548	335331	1435041649708
658473	243980	1435041725980
535410	49947	1435043434425
535410	357383	1435043434475
535410	108343	1435043434477
535410	379953	1435043434483
83823	317557	1435043591627
1070509	237704	1435047026616
1260396	181948	1435054295304
580135	342263	1435062566540
1143222	303776	1435066158750
679892	309557	1435069950318
1127697	445486	1435070553246
674207	58638	1435071048135
865638	312728	1435071324509
154217	296057	1435071452337
154217	321089	1435071452446
1130809	23144	1435071858752
78383	175356	1435073084108
765630	58638	1435073240241
277488	148103	1435073790194
765630	48030	1435073831354
542453	313007	1435073868195
542453	397642	1435073868273
111325	187374	1435074245054
76347	264379	1435074321180
684514	465019	1435074407956
530559	282385	1435074880193
684514	371008	1435074987518
834736	66480	1435074987606
899857	426947	1435076376060
899857	262477	1435076376076
1075423	359273	1435076393853
1341795	233834	1435076486857
684514	459546	1435076597698
684514	355424	1435076597698
1357083	360549	1435076792671
527789	170262	1435077174076
528547	291728	1435077271670
393239	84810	1435078072498
684514	368260	1435078596792
76757	39773	1435078708620
1356496	348053	1435078931235
1356496	464385	1435078931235
1356496	31611	1435078931455
610105	234215	1435079139754
237434	448220	1435079631934
76757	233644	1435079656299
700847	274435	1435079711559
1146647	281211	1435080433886
147585	25189	1435080579582
684514	86633	1435080592032
76757	408504	1435080872635
684514	445776	1435080930716
437102	272667	1435081073558
220911	258335	1435081103701
658278	216508	1435081152073
658278	422905	1435081152276
721641	123975	1435081210513
41903	303776	1435081313155
361960	450082	1435081729692
684514	206241	1435081901449
905308	16344	1435082224489
68557	357779	1435082288934
68557	257410	1435082288949
664689	228690	1435082546906
246235	283573	1435083067601
1172980	360639	1435083275892
1172980	281480	1435083275892
684514	76615	1435083625646
76757	312251	1435083774603
225053	9199	1435083821490
1075423	358845	1435083986048
1134975	346067	1435084094329
684514	287356	1435084149120
1101917	381503	1435084152222
765630	260256	1435084269131
765630	125660	1435084269133
851228	116624	1435084293234
355334	46109	1435084314240
1075423	236512	1435084512884
65124	3445	1435084583650
76757	385520	1435084868951
76757	364875	1435084868951
76757	444899	1435085082424
1197875	129705	1435085534506
144730	358348	1435085723195
684514	390966	1435086027605
76757	302066	1435086099108
530559	214271	1435086221485
76757	459717	1435086582699
684514	368700	1435086650205
684514	399983	1435086650205
1187102	414221	1435086716727
76757	400321	1435086952274
1119697	212216	1435087374060
445175	409804	1435087829683
115417	299677	1435088017161
76757	235905	1435088020370
530559	450627	1435088178155
765630	9629	1435088225697
751033	123975	1435088461072
751033	387451	1435088461119
676464	451024	1435088472536
76757	387478	1435088562768
715832	31078	1435088991379
715832	217538	1435088991426
76757	322211	1435089018530
985691	148103	1435089132751
721749	331147	1435089408000
1075423	389814	1435089906556
76757	241752	1435090032934
193126	378850	1435090391308
1097646	149095	1435090449019
1097646	124556	1435090449019
860228	383488	1435090670704
1017859	212351	1435090754930
467433	389814	1435091031691
684514	210087	1435091192224
24166	175086	1435091379118
1110237	30155	1435091458468
345850	291403	1435091873986
1401333	68902	1435092400012
1401333	146630	1435092400012
206238	250019	1435093001033
741951	295075	1435093194683
1121909	291060	1435093645047
684514	412981	1435093823618
808508	387947	1435094475086
1251749	119942	1435095268137
76757	327408	1435095342128
769016	362760	1435095440093
684514	212652	1435095511623
79279	23762	1435095683238
1075423	72715	1435096269836
1075423	360033	1435096269836
1075423	57247	1435096269836
1075423	376151	1435096269961
49384	31976	1435096314754
940955	94468	1435096586100
932203	407370	1435096730111
1272551	335235	1435096784810
825226	450404	1435096913617
76757	168224	1435097454688
76757	380438	1435097454688
684514	184488	1435097974587
140568	278893	1435098030005
478518	12217	1435098177742
478518	120336	1435098177789
76757	396750	1435098432399
766486	93493	1435098548284
1316130	287287	1435098580203
222046	175746	1435098814495
222046	109583	1435098814904
791048	173274	1435099115049
484451	41007	1435099218062
548772	225279	1435099736321
732504	262098	1435100329306
684514	290999	1435100336557
548772	43239	1435101237087
684514	93650	1435101358638
76757	177695	1435101523030
1094389	194830	1435101680443
1301225	139243	1435102000194
1183769	443103	1435102547878
809109	206527	1435102582233
809109	316010	1435102582248
932203	170665	1435102919739
1013440	253775	1435103041844
122728	441751	1435103230581
76757	104560	1435103660371
76757	382885	1435103660418
76757	33993	1435104143571
1013440	165362	1435104327410
684514	420960	1435104346324
76757	136971	1435104505775
548772	34843	1435104558958
548772	389814	1435104558973
1075423	440212	1435104626956
684514	52733	1435105081579
548772	383496	1435105432118
76757	323084	1435106061485
1270480	260732	1435106226666
1051698	390805	1435106246304
684514	116481	1435107810566
105283	256721	1435108637558
1304307	391484	1435108934414
492470	161623	1435109534032
855383	74833	1435109618442
684514	458919	1435110301967
1048836	218576	1435110706861
1075423	405714	1435110719152
1075423	345373	1435110719169
935667	415781	1435111127677
856949	253084	1435111334992
976217	270224	1435111580055
1075423	227318	1435111650842
298140	153421	1435112447841
1285176	134436	1435113567463
1342608	413870	1435114358472
836799	220410	1435117096181
529312	153767	1435118511751
1112510	327799	1435118514307
1136644	323084	1435118839066
814238	215503	1435121065835
728944	20218	1435121703805
818645	389814	1435123631888
1251848	303932	1435123837933
127366	420960	1435125587285
221046	333093	1435125739418
486681	116631	1435126415450
125197	347014	1435127257987
182047	244494	1435127410324
171743	268883	1435127657606
115977	309778	1435128897634
300118	157459	1435130342368
195807	42002	1435132965860
165696	382885	1435148589801
695747	253452	1435148822187
597416	259227	1435157294454
548772	291152	1435158943081
243636	154704	1435159331251
1184275	225279	1435159506712
548772	353548	1435160064228
243636	423897	1435160203317
548772	149253	1435160492995
619835	74511	1435160879423
619835	110115	1435160879438
619835	222393	1435160879549
619835	391031	1435160879564
619835	318746	1435160879568
185790	379796	1435160940994
548772	149197	1435161164385
1015139	159813	1435161915286
288665	232085	1435162431384
64763	294210	1435162693151
64763	44759	1435162693151
978755	359336	1435162721568
138992	331311	1435162827807
548772	303245	1435162842175
320547	83730	1435162862682
952246	149253	1435163011001
1330305	315543	1435163059906
275846	398489	1435163062207
952246	443795	1435163157869
1248740	74833	1435163522384
782343	437900	1435164206636
952246	108618	1435165231570
852875	283861	1435165266944
765630	54292	1435165399326
316216	23762	1435165418033
1015139	196660	1435165428342
825321	215178	1435165986340
986577	73110	1435166007086
986577	43831	1435166007118
986577	14853	1435166007133
1194567	49257	1435166128201
1155647	341286	1435166570058
1155647	68783	1435166570058
1155647	83662	1435166570074
1015139	465522	1435167335813
1046101	180959	1435168701785
684514	265113	1435169628764
836635	307201	1435169804113
952246	370180	1435170173925
684514	450726	1435170846361
1150514	187413	1435171235704
952246	146295	1435171425951
1250316	420470	1435171776971
1250316	79714	1435171776971
1345109	393028	1435171966051
945223	70868	1435172021687
1222464	68607	1435172373560
269879	273943	1435173397471
765630	393014	1435174107742
877421	401285	1435174449932
564689	197862	1435175054385
765630	247356	1435175390743
969326	355396	1435175397626
969326	207734	1435175397626
686039	77539	1435175659605
686039	23250	1435175659605
686039	242007	1435175659636
1228883	384470	1435175693795
952246	260621	1435175814376
952246	16063	1435175814376
952246	383548	1435175814470
428853	312717	1435175846338
684514	187992	1435176199451
313179	218626	1435176638546
299094	27190	1435176670076
677299	83730	1435176683361
958461	303855	1435176904468
958461	205111	1435176904484
958461	403240	1435176904484
952246	400810	1435177074834
313563	13119	1435177422138
1118449	199726	1435177443818
952246	453043	1435177678572
613701	461538	1435177754574
896347	69333	1435177859352
952246	227311	1435178207617
684514	408218	1435178299188
521261	453043	1435178448810
952246	67247	1435178555812
684514	257200	1435178724607
978294	254432	1435179180230
174494	20195	1435179645363
718461	314789	1435179756415
684514	125318	1435180042646
36250	133247	1435180044404
548772	11670	1435180065861
330412	215916	1435180867520
330412	456471	1435180867710
852055	290841	1435181046647
852055	23762	1435181046647
756583	54435	1435181677636
1402860	175940	1435181885265
560785	260901	1435182156591
765630	192144	1435182348439
245608	89775	1435182739651
684514	443506	1435183190388
1273126	210087	1435183249670
1261200	55556	1435183440882
1196189	338660	1435183614368
583525	193518	1435183825767
583525	217605	1435183825769
1000454	338208	1435184319923
684514	40140	1435184574460
548772	177179	1435185071607
366364	345156	1435185597106
542731	290154	1435186238231
949626	383548	1435186405507
1174308	230892	1435186630028
1052785	266861	1435186797566
952246	416017	1435187011698
1040574	398634	1435187185818
1040574	909	1435187185880
1017375	301063	1435187598108
548772	17478	1435188532756
521563	247356	1435188554526
765630	160349	1435188882330
684514	175560	1435189164497
765630	362850	1435189634397
47004	260719	1435189721842
952246	140934	1435191171965
626237	219427	1435191439158
49158	88167	1435193287929
419532	214757	1435195245620
200442	287588	1435196093213
200442	461180	1435196093259
697413	221501	1435197517269
697413	55264	1435197517300
653891	238447	1435197580825
755413	181227	1435197864412
299518	93414	1435199191077
548772	79955	1435199892966
765630	48987	1435200029050
376557	351464	1435200115846
427504	442686	1435200381567
836635	358348	1435200589724
615913	200625	1435200845147
693672	71684	1435201865667
1004543	129624	1435202170596
575493	212216	1435202277302
1129347	63873	1435203501529
1129347	147684	1435203501560
36502	176605	1435203738576
36502	1423	1435203738639
36502	220836	1435203738639
1210476	407078	1435204322836
121179	449912	1435205198190
113028	227790	1435206598258
594746	210087	1435206652533
812122	70387	1435207158606
150928	414078	1435208181058
208452	272969	1435208205701
89237	282933	1435208435542
343950	204980	1435208656665
24722	65992	1435209346502
24722	411198	1435209346518
24722	172532	1435209346518
763153	198921	1435209394633
917500	181012	1435211068298
917500	181939	1435211068298
917500	207922	1435211068313
1102940	170262	1435212214185
990984	37863	1435212655341
825030	367664	1435214859857
830793	367664	1435214865823
632358	47737	1435216001295
820155	436694	1435237334325
820155	412656	1435237334325
820155	211451	1435237334356
689209	358986	1435237591876
798738	409983	1435238182978
1060743	277029	1435239692884
57111	387780	1435239994050
196181	242819	1435242436404
196181	89247	1435242552623
41098	84321	1435244270085
1187124	14427	1435244343629
314809	418099	1435244344039
52940	309821	1435244863026
1150086	379573	1435245029543
179772	78787	1435245589351
179772	234869	1435245589351
179772	197077	1435245589351
122126	302307	1435245615428
1351230	397642	1435246479246
1351230	49257	1435246479293
1264709	341080	1435246519208
962056	312728	1435246739742
349186	224325	1435247388398
1150086	148478	1435247704181
684514	73917	1435247770876
846650	91093	1435247888918
895999	50159	1435248056037
684514	335938	1435248170758
335188	315543	1435248483799
66052	174074	1435249238117
684514	30089	1435249434044
548772	14427	1435249723466
684514	142510	1435249813553
981240	174189	1435250107355
1143379	72958	1435250256164
300259	257040	1435251642132
127425	143000	1435252098759
1329147	287536	1435252134599
1126569	454301	1435252167942
248810	424421	1435252216058
1070506	98498	1435252275967
1243613	283916	1435252344248
684514	62549	1435252388425
1150086	236512	1435252973737
1058268	104560	1435253553642
1058268	382885	1435253553705
149166	248630	1435253564953
1005397	25332	1435253658996
1027310	2416	1435253943517
1150086	15744	1435254329640
684514	414654	1435254330851
1110455	153520	1435254535852
1110455	40140	1435254535931
138131	69101	1435254721258
116272	170262	1435254939921
635862	324290	1435255123597
635862	209593	1435255123659
156700	17108	1435255189551
405156	195809	1435255444842
405156	285637	1435255444936
1150086	61292	1435255737255
366799	344723	1435256138014
294981	357474	1435256219660
647183	34702	1435256433310
684514	446934	1435256539845
307488	176258	1435256954346
1150086	376974	1435257191041
548772	17379	1435257605502
684514	204209	1435258055777
21079	60323	1435258180636
786406	89262	1435258363317
339811	379841	1435259369852
434601	178484	1435259575190
548772	47044	1435259658826
148453	389814	1435259930719
222046	212091	1435260050456
222046	349604	1435260050456
222046	398436	1435260050456
610182	405694	1435260142476
981245	374053	1435260171310
1214191	418116	1435260212618
1214191	247356	1435260212634
629925	391917	1435260487428
548772	126623	1435260578788
1150086	311931	1435260798217
700303	388536	1435260878711
564775	192491	1435261022916
548772	447215	1435261108637
138131	214415	1435261134023
1384144	48731	1435262266462
31149	198903	1435262354489
138131	175652	1435262545335
647289	104793	1435262844004
418591	32771	1435263259130
684514	129490	1435263405553
138131	146100	1435263465853
684514	60980	1435264216187
1282441	383496	1435264723907
1150086	113641	1435265181626
561236	60980	1435265825158
447407	83155	1435266039026
548772	119736	1435266251453
548772	417927	1435266251593
709834	91231	1435266259751
709834	161613	1435266259766
1150086	164683	1435266506711
138131	111240	1435266607821
754989	298560	1435267059702
428516	153504	1435267301488
1291791	159780	1435267439949
506843	208692	1435267559891
1079996	292098	1435267750198
548772	89775	1435268617712
548772	322342	1435268617822
953833	30094	1435269142790
373850	342159	1435269149812
138131	174074	1435269591523
138131	307728	1435270147240
1273306	445105	1435270273846
1166580	436694	1435270456567
119770	182250	1435270529393
1193786	74787	1435270563038
684514	200370	1435270636852
684514	360378	1435270636852
371606	367588	1435270749037
1153460	30139	1435271211207
243025	227653	1435271353646
447405	369158	1435271797194
447405	301721	1435271797194
447405	216266	1435271797194
447405	267050	1435271797273
42326	69174	1435272763128
401663	320159	1435272856789
901221	74009	1435272981132
548772	445059	1435273995795
1317771	357925	1435274258910
1098310	20463	1435274609234
366799	316753	1435275137031
855383	177257	1435275510094
161047	74264	1435275581130
1232385	377216	1435275694415
138131	135004	1435275888598
548772	177615	1435275965816
706387	130371	1435276474227
354447	193488	1435276628059
354447	41295	1435276628059
548772	236512	1435276863260
443200	69101	1435276923775
1190861	169163	1435278107888
360945	150398	1435278170595
1266096	270320	1435279207319
791118	339703	1435279568745
503671	382885	1435279631447
134290	365015	1435279738679
916024	397449	1435279923843
548772	368074	1435280194139
1150086	46671	1435281095897
684514	37589	1435281933108
622717	211418	1435281955328
605095	312728	1435282500683
548772	173223	1435283100444
548772	433697	1435283100444
548772	245810	1435283100587
548772	442150	1435283100587
548772	242372	1435283100587
969827	427128	1435283841267
969827	251798	1435283841267
969827	155942	1435283841314
969827	432705	1435283841314
1120642	190000	1435284611749
152420	99675	1435284958859
152420	338262	1435284958859
152420	256655	1435284958859
152420	268659	1435284958875
1004110	291767	1435287284249
323507	383149	1435287391265
347756	436414	1435288173033
347756	66078	1435288173049
905500	414654	1435288563975
905500	167126	1435288689866
673007	217003	1435289748461
1234428	226192	1435290442035
1010592	325706	1435291253685
50555	2416	1435292041066
1385029	382885	1435292980311
1253754	27127	1435293774843
665308	86191	1435294370463
665308	342538	1435294370478
1071308	446047	1435294458767
1276854	58846	1435295112875
1276854	293808	1435295112890
1071308	295026	1435295333977
843382	7943	1435297078609
118831	23054	1435299387446
976601	11311	1435300114417
420572	198903	1435300148446
754046	264183	1435300331929
926821	382885	1435301148838
558000	301990	1435301742040
1184848	2416	1435303383844
562813	312728	1435304930185
562813	184903	1435304930232
783088	83837	1435304972120
105164	385475	1435309001434
300384	396732	1435314151291
181771	133415	1435325664471
282289	160785	1435327714910
382721	71220	1435328008866
499910	16417	1435328373947
621942	82229	1435329598565
16975	413241	1435329714878
1400958	409804	1435330552696
1075423	382885	1435331387269
548772	127995	1435331587093
1165346	368113	1435331650457
1075423	166306	1435331999061
1075423	12217	1435332279415
527033	101718	1435332652217
548772	367219	1435332707315
548772	261589	1435332707315
548772	157121	1435333839594
342381	253150	1435334280159
137110	129121	1435335209889
805790	74750	1435335354497
201690	350384	1435335471948
776927	314201	1435335644623
723877	178416	1435336235002
899494	389814	1435336385379
805790	73789	1435336470610
836635	238942	1435336738241
836635	65346	1435337029000
548772	375150	1435337555884
521563	162745	1435338030065
433583	206930	1435338658940
433583	418277	1435338658955
433583	414241	1435338659002
433583	152644	1435338659002
433583	323030	1435338659002
349352	317744	1435338963654
98887	75195	1435338992664
1150086	167126	1435339032241
836635	44648	1435339358528
1356614	165337	1435340014092
836635	308967	1435340111110
1042112	259227	1435340143135
892771	31640	1435340252066
1328780	257575	1435340376480
602688	231482	1435340465453
836635	17478	1435340471680
23076	434289	1435340905895
729517	353237	1435341193713
401220	380218	1435341349408
1075423	400988	1435341522558
1024199	448839	1435341565617
1024199	367664	1435341565621
1025490	278679	1435342232544
1337665	464803	1435342401754
1337665	119586	1435342401754
1357083	391156	1435342788110
1015139	51969	1435343221368
138131	351027	1435343692826
1075423	83569	1435343726350
1005779	234299	1435343954383
1075423	7943	1435344319084
1276055	332302	1435344478104
458267	198903	1435344872042
1075423	203090	1435345439896
1039976	45377	1435345705925
175586	83791	1435345829491
30812	191547	1435346035680
142649	237960	1435346869336
1032	243949	1435346930661
548772	212917	1435347266253
548772	185167	1435347266378
836635	76941	1435347883346
1237668	162536	1435348374206
1075423	119736	1435349235872
1075423	385355	1435349235872
1287798	409804	1435349384834
401899	369933	1435349530712
187327	173991	1435349661022
1128161	350384	1435349741123
343412	255614	1435349877436
135511	410616	1435350210573
138131	369933	1435350469248
1034371	369933	1435351608499
1313330	55253	1435352009408
1313330	392655	1435352009517
39480	150547	1435352073791
39480	145721	1435352073807
39480	151385	1435352073807
39480	288887	1435352073823
106470	272667	1435352214738
739647	385355	1435353193633
138131	127939	1435353213349
686854	257200	1435353415236
686854	19278	1435353415299
222046	173780	1435353892222
358631	65273	1435354247148
134524	381262	1435354492278
1184363	146492	1435355397018
1015139	369933	1435355673137
1075423	167543	1435356304201
836635	386724	1435356738600
376591	257534	1435356946473
335184	335235	1435358006990
1075423	242981	1435358385803
1053089	248605	1435358453097
1150086	1152	1435358556118
752309	435152	1435360197516
851416	279473	1435361009506
328911	175818	1435361468447
1309268	186352	1435361611110
836635	283405	1435362060372
428251	51642	1435364109069
672896	461686	1435364260304
138131	201671	1435364428331
1325176	122456	1435364826352
138131	290003	1435365267124
316850	380061	1435365667943
316850	204023	1435365667943
204392	15903	1435367254148
433583	189313	1435367625259
1364037	64099	1435371054508
1364037	385778	1435371054524
1075423	125016	1435371368048
279677	113535	1435371429865
211300	365787	1435371552149
744243	42837	1435372119011
744243	45216	1435372119011
836635	231092	1435372216036
106515	267663	1435373929842
881365	165337	1435374078818
226726	444603	1435376218046
1302590	109109	1435376470575
335768	90931	1435376880447
471485	315545	1435381695074
562364	150215	1435382313521
562364	11976	1435382313521
365845	92668	1435382523800
1398505	216486	1435385052670
771571	126522	1435387637694
771571	174783	1435387638851
623908	448690	1435416926389
1075423	74296	1435418430296
672339	287647	1435418819364
1176501	89044	1435419746899
439737	27537	1435420349086
569356	74952	1435420908402
317198	228324	1435421761949
634766	424193	1435421861337
634766	214519	1435421861337
1075423	234494	1435423197826
456000	195270	1435423408520
745802	260452	1435425409055
530559	55925	1435427096715
1172935	299440	1435427306116
1075423	101128	1435427380475
530559	210122	1435428757193
530559	39686	1435429010801
1029750	190261	1435429564885
371606	268081	1435429650867
371606	49257	1435430568970
1283513	47297	1435432587671
1365602	314201	1435432605679
371606	29940	1435433334951
4115	98467	1435433556446
371606	259059	1435434115479
216994	100944	1435439079611
867768	218033	1435439407759
530559	84310	1435439726261
779056	418606	1435440158408
21712	395273	1435440961257
21712	153874	1435440961257
21712	349470	1435440961288
21712	268006	1435440961288
21712	372617	1435440961288
21712	16344	1435440961288
530559	377286	1435441463979
1075423	380810	1435442848782
1075423	77733	1435442848782
1075423	248127	1435442848782
1328192	205552	1435442949097
920156	2836	1435443239947
530559	280342	1435443843865
511438	167126	1435443887181
739495	408179	1435444004953
504634	309080	1435444486171
371606	428879	1435445128161
1075423	113233	1435445187127
1216792	134790	1435445209306
1345275	445776	1435445309501
530559	455223	1435445449696
328364	133224	1435445682474
530559	302810	1435447483986
1111195	118752	1435447869506
1075423	369194	1435448610599
530559	442131	1435449035300
530559	461180	1435449035316
1361978	461180	1435449601170
769032	242905	1435449654348
530559	456895	1435451532845
13455	48030	1435453041254
13455	381766	1435453042732
620989	331725	1435454889675
463060	458046	1435455708692
1001365	454856	1435456579968
1001365	69261	1435456579968
1001365	211157	1435456580015
57739	249148	1435457077383
530559	150547	1435458232855
901007	431858	1435458778165
505455	70314	1435459359290
100459	444006	1435459743033
100988	377454	1435461035955
100988	104815	1435461035955
715210	164344	1435462351079
1384833	54435	1435464907915
664127	167918	1435466306506
276382	253286	1435467632306
1113547	48030	1435467835102
1357344	272370	1435468171653
1276300	247698	1435468451468
1355935	435755	1435468758058
185928	253286	1435469873562
329190	65420	1435471271773
329190	90238	1435471271773
823705	324391	1435477169081
999814	36130	1435503793381
1220372	32450	1435504041692
1220372	407344	1435504041708
1005052	90931	1435506360628
1150086	191763	1435507371956
1150086	170353	1435509525521
455429	104342	1435509683815
48703	193518	1435511243713
836635	193828	1435511309963
530559	289633	1435511523640
836635	433264	1435512525181
530559	225420	1435513786457
371606	128513	1435513911411
836635	198637	1435513937260
400159	105875	1435514783669
400159	263993	1435514783669
371606	90931	1435515031688
836635	406412	1435517429287
1118397	354151	1435517659979
1150086	406543	1435517979242
130293	464960	1435518394614
1239490	90389	1435519062595
1150086	7943	1435519272570
578239	327799	1435519366124
514943	398343	1435519650803
385414	340093	1435520188683
1008793	187138	1435522995133
836635	266085	1435523588564
647011	351074	1435524355847
1012836	458637	1435524709198
239564	248127	1435525162183
239564	148034	1435525162183
239564	217585	1435525162198
239564	132507	1435525162214
836635	439194	1435525421402
1255826	445486	1435525487531
1150086	66480	1435526126208
39272	48030	1435526934599
836635	311464	1435527261865
836635	92979	1435527261865
1024325	275703	1435527266881
675368	311464	1435527589190
371606	425094	1435528106851
331610	129220	1435529113906
713967	99675	1435529356326
461414	243606	1435529661827
1243048	89766	1435530181545
700110	429846	1435530882228
1330764	96882	1435531306929
989023	38932	1435532560217
86982	324290	1435532690729
836635	268530	1435532864665
1368638	100282	1435533936961
770015	49384	1435534246594
761181	81763	1435534543193
761181	87856	1435534543193
761181	206298	1435534543193
1150086	316472	1435536133426
317601	279316	1435536961790
130293	246090	1435537280064
300941	303229	1435537292334
530559	112709	1435537622980
1150086	218962	1435537648805
530559	330469	1435538641805
530559	16509	1435538641805
303706	119586	1435540344231
537127	132168	1435540968915
1296680	90931	1435542520426
504656	232172	1435542640891
504656	422561	1435542640922
530559	161371	1435542860426
395411	322620	1435543015510
695074	104342	1435543595312
610115	17478	1435543879514
1150086	378637	1435543993243
294088	122529	1435544965855
917500	160015	1435545076288
521580	115258	1435545502952
389058	34148	1435545747621
389058	279316	1435545747621
574213	151061	1435545814868
574213	90487	1435545814868
1009613	367374	1435546561413
1009613	193518	1435546561429
264883	272733	1435546883856
861638	239691	1435546912295
1077968	193304	1435548050647
1077968	278363	1435548050647
1077968	206937	1435548050678
1077968	30155	1435548050725
667707	458637	1435548602803
592555	48030	1435548668975
236158	161666	1435549355066
34667	284455	1435550153582
118129	247059	1435551016980
118129	201742	1435551016980
118129	45731	1435551016980
1161252	104560	1435552074235
1161252	44631	1435552074252
1366329	73093	1435552325337
387388	48030	1435552622896
387388	239564	1435552622912
1398725	34657	1435552770479
392826	378637	1435553827315
1350315	197709	1435555799892
331980	90931	1435556234793
615250	313007	1435556627425
93978	157441	1435557817720
809888	268113	1435558102611
419333	227095	1435559086617
370053	282385	1435569503215
235067	238394	1435581674841
703762	39854	1435582952947
235606	70237	1435587010436
1165524	230040	1435589715542
1036286	135864	1435590700443
684514	429707	1435591824243
480000	156468	1435591982924
138131	208505	1435592333777
684514	371756	1435592522511
204496	20092	1435593154374
836635	198995	1435593196101
836635	1261	1435593196101
1291043	126810	1435594634425
836635	159344	1435594675677
801026	7943	1435594802044
684514	27537	1435594885944
958461	130822	1435594976477
769985	112277	1435595064892
684514	412041	1435595159032
148402	238321	1435595355383
836635	248512	1435595444829
684514	428393	1435595526435
684514	410951	1435595526435
933910	48030	1435596447079
684514	43404	1435596723568
181972	423315	1435597353616
1377712	78915	1435597460832
684514	406543	1435597719035
836635	155354	1435597948352
222534	399531	1435598575529
684514	231655	1435598583777
437984	83882	1435599124780
304854	324290	1435599128525
1118004	14428	1435599213372
684514	342264	1435599409599
684514	29940	1435599409599
804113	411572	1435599727145
892464	73311	1435599846537
684514	184799	1435599958362
226088	221290	1435600119958
416697	257420	1435600405270
684514	176547	1435600769645
774758	390734	1435600849555
1171831	372568	1435600953673
1171831	114913	1435600953673
121214	312060	1435600988567
684514	134118	1435600998367
568481	459631	1435601122872
413758	426635	1435601659577
413758	321089	1435601659687
684514	451335	1435601761843
996879	85334	1435601802567
996879	186702	1435601802567
371606	25091	1435602220812
684514	36117	1435602479863
684514	348677	1435602479988
684514	391289	1435603158181
944307	434273	1435603543253
944307	219162	1435603543253
296024	236512	1435603685015
1248805	273872	1435603806667
373906	265165	1435603891198
684514	437371	1435604299894
707844	436694	1435604842024
371606	319092	1435605235217
684514	441668	1435605348344
116997	307428	1435605422650
908446	307981	1435605569858
1250902	17379	1435606211275
1250902	437371	1435606211291
836635	232406	1435606383482
748001	168360	1435606486356
885909	396575	1435606631944
254893	69533	1435606910794
1384234	71380	1435607157446
1006407	255161	1435607933071
1006407	272370	1435607933102
1336983	5143	1435608700337
344688	4117	1435608837868
836635	161623	1435608875352
371606	204820	1435608944118
996879	361656	1435609078913
996879	97348	1435609078913
996879	371390	1435609078913
1084265	274798	1435609202393
1323354	340921	1435609924384
853747	392300	1435610563548
1019032	32499	1435610742173
1372364	142240	1435611067142
1372364	316753	1435611067142
1132349	338148	1435611166640
202290	432409	1435611611045
371606	253286	1435611706177
1330823	308779	1435611757883
853747	437106	1435612057309
684873	101652	1435612537337
684873	210002	1435612537337
385071	269088	1435612610317
758725	426174	1435612712741
836635	416017	1435612916140
37288	119586	1435613568524
90565	179813	1435613740450
147290	446522	1435613871246
1374146	257200	1435614828596
45870	407058	1435614994306
45870	357054	1435614994306
996879	163829	1435615010644
1041986	265113	1435615299184
1342222	197049	1435615576467
268999	257575	1435615796279
1261090	61303	1435615864972
98364	365512	1435615898760
1336835	28789	1435616175450
1336835	132633	1435616175450
1336835	349318	1435616175450
1178494	869	1435616423428
1178494	266900	1435616423444
836635	37068	1435616427259
454808	190745	1435616822815
1355454	281212	1435616852316
996879	46156	1435617232928
344271	23762	1435617374337
179034	325189	1435617661545
64444	375107	1435617777354
17591	224182	1435618537405
17591	458140	1435618537421
836635	277627	1435618796943
836635	115826	1435618796943
371606	220797	1435619135883
883069	307062	1435619469986
883069	375894	1435619470048
917594	317356	1435619556783
168684	303833	1435619634464
1171920	46130	1435619649878
1171920	213834	1435619649878
371606	272370	1435619684680
1035426	101718	1435620186790
1197341	402415	1435620212912
1341603	283283	1435620919904
346132	282528	1435621540219
1170441	356024	1435621828690
1333167	114879	1435621969642
249053	159780	1435622016101
475204	431417	1435622817963
475204	274345	1435622817963
920899	112917	1435623346582
215257	329615	1435623684623
955335	51768	1435624604436
219332	20407	1435625151087
1070029	213834	1435625278018
1070029	152644	1435625278033
1070029	190172	1435625278033
118543	443865	1435625508988
1362799	23762	1435625675565
1175636	69799	1435625822806
996879	353111	1435625831011
371606	393123	1435626003492
177537	145403	1435626322540
371606	133001	1435626715573
371606	439875	1435627016224
836635	147879	1435627546357
1314820	8638	1435627828768
316968	195423	1435628444414
138131	264179	1435629746331
353930	387780	1435630171891
371606	231482	1435630672110
138131	457045	1435630703780
138131	128569	1435630703795
836635	187494	1435631162483
836635	95981	1435631162561
277476	420960	1435632740876
996879	119736	1435632851330
996879	458637	1435632851330
1097897	380527	1435632884029
635778	448220	1435633004026
354766	329729	1435635623450
354766	184370	1435635623450
354766	1895	1435635623450
909282	460990	1435636069760
1152259	296246	1435636809447
822553	184331	1435637508071
230233	403039	1435637537569
1290200	301990	1435637948238
1124964	157576	1435639299395
1124964	276056	1435639299395
1124964	274243	1435639299395
1124964	161506	1435639299395
798441	302242	1435639589066
1073844	310894	1435639690407
494576	398489	1435639826429
275823	365889	1435641510216
1256074	177516	1435641616879
1074449	153778	1435642602992
204341	343256	1435642873580
836045	459546	1435645236102
836045	19278	1435645236149
1086334	104254	1435646364058
288488	282446	1435647614048
288488	36039	1435647614048
1081220	213834	1435647662271
1081220	227869	1435647662311
908278	450082	1435648091039
1267546	400859	1435650862415
1267546	104752	1435650862415
646035	136553	1435651875697
182582	306551	1435655252780
990216	109308	1435655455774
990216	379953	1435655455774
990216	243910	1435655455962
1138103	437756	1435656875897
864848	281212	1435662135413
980867	300594	1435671943324
1305792	171653	1435676389066
996879	287449	1435677759079
1150086	227211	1435677815617
1368582	148146	1435678252979
153780	181188	1435678306806
1150086	377018	1435680446081
248679	44631	1435681327691
780733	150809	1435681593351
959326	221290	1435681891474
248679	376834	1435682045033
1150086	210984	1435682289334
1126569	238822	1435682385028
684514	328631	1435682486059
1132655	238822	1435682815951
819520	352042	1435683119216
825224	385261	1435683486813
825224	187226	1435683486813
943572	294676	1435684372549
1207835	190920	1435684552185
1207835	194270	1435684552201
290356	63489	1435684661759
1150086	235880	1435685409671
1150086	116968	1435685409765
366706	192245	1435685484347
996879	86824	1435685709453
1244638	352441	1435686108218
1244638	426520	1435686108218
248679	404213	1435687492846
248679	444931	1435687492846
722862	254196	1435687580223
899857	45649	1435688111621
374927	341009	1435689705168
248679	345086	1435690131596
152891	137454	1435690520727
248679	230605	1435690607151
935588	243980	1435691025012
1007184	233893	1435691155041
1113417	455829	1435691392836
1113417	32937	1435691392836
138131	76491	1435691704497
350839	120941	1435692015386
934244	301602	1435692017080
1150086	192491	1435692527149
248679	416017	1435692564056
1090044	205756	1435693392802
1203145	292444	1435694047609
3896	407518	1435694303928
156391	369197	1435695660104
1150086	8347	1435696532597
905280	234255	1435697183954
783254	265625	1435697245777
1226883	210984	1435697367371
979535	416017	1435697540617
1150086	264736	1435698194775
278041	199910	1435698316361
566951	23626	1435698356467
566951	407947	1435698356498
566951	349453	1435698356529
566951	214357	1435698356545
956280	300068	1435699007126
248679	71733	1435699510182
248679	348352	1435699510182
248679	342789	1435700245691
248679	98387	1435701575698
1150086	117677	1435701973365
689115	336319	1435702564208
689115	176492	1435702564208
689115	233517	1435702564224
909547	118440	1435702964975
996879	422561	1435703577163
683796	105187	1435704533617
683796	332531	1435704533617
181723	315543	1435704736186
1150086	169003	1435704783351
1150086	219550	1435704783351
1150086	58638	1435705449131
924939	119396	1435705500031
138131	428446	1435705636226
996879	359336	1435705839529
550414	273754	1435706125334
434563	80435	1435706912139
671906	362819	1435707329862
996879	448453	1435707333793
1300863	58726	1435707569180
610859	81453	1435707594420
1055133	208888	1435708026342
73029	159780	1435709197723
94463	289249	1435709383349
94463	257040	1435709383349
184607	451785	1435709399860
569401	161623	1435709888444
886905	136236	1435710404416
691268	352705	1435713333483
996879	403969	1435713495482
1150086	37254	1435714127975
789945	384616	1435714132895
1150086	94019	1435715244461
1150086	230376	1435715244461
1169956	12765	1435716322049
1333481	116624	1435716486042
138131	362807	1435718190554
824119	166437	1435719057658
1132989	129643	1435719973903
627358	73602	1435720381898
853874	389321	1435720822861
582423	267872	1435721036751
691013	374784	1435721246136
596140	123212	1435722973417
1334582	408218	1435724868096
1084677	234958	1435728023442
1084677	11198	1435728023458
459332	241826	1435728368135
947389	315545	1435728390131
947389	279831	1435728390131
947389	415224	1435728390147
947389	86665	1435728390163
689091	329857	1435728926873
656602	437900	1435729519389
1317418	233298	1435729595427
638736	88985	1435729603713
74404	220003	1435729709242
502646	148484	1435729769301
967877	271121	1435730403594
883355	265934	1435730818098
430099	334662	1435731396109
963194	29196	1435737632415
1197857	221058	1435737982118
365136	224586	1435756795308
469785	203217	1435756843839
319457	300594	1435760230071
881734	101718	1435760421314
776534	20388	1435760552354
347598	255093	1435760692987
347598	206218	1435760693049
795448	56618	1435761597348
531957	24728	1435763065081
446718	429907	1435763177735
1150086	124827	1435764154508
998729	207125	1435764156544
996879	222502	1435764347870
1302668	265113	1435764385452
684514	257575	1435764528357
1150086	390934	1435764784594
1063648	364566	1435764963099
129434	269088	1435765288946
684514	359949	1435766014436
684000	67013	1435766166228
1361470	262521	1435766697264
684514	18726	1435767471280
1150086	429452	1435768061371
340753	67304	1435769011446
336360	138427	1435769617322
1150086	171936	1435770282058
996879	321850	1435770298210
248679	446196	1435770448710
248679	175859	1435770448710
248679	19545	1435770448710
367079	441953	1435770983519
220404	158498	1435771065711
112855	444741	1435771124914
684514	44582	1435772050463
1270093	101718	1435772127706
248679	188148	1435772209054
684514	259078	1435772433180
556054	400810	1435772660602
104058	19545	1435772783064
104058	175859	1435772783316
104058	446196	1435772783332
1181719	234887	1435772814479
954026	459911	1435773045933
248679	111240	1435773060872
868499	302242	1435773127278
785643	135446	1435773536561
684514	260957	1435773901748
1150086	325508	1435773983339
360742	166691	1435774511862
1150086	6692	1435774708730
910083	284547	1435774721900
949126	293880	1435774741052
996879	338395	1435774985108
996879	329321	1435774985139
684514	457045	1435774990103
684514	6990	1435775260098
62694	48030	1435775404659
784543	413896	1435775701379
935908	25812	1435775981905
1305946	303790	1435776375939
1400416	403253	1435776444501
476132	157725	1435776630131
1362583	18182	1435776832528
554612	305792	1435776898152
964317	270020	1435776979142
1242255	8122	1435777079134
346597	426220	1435777097757
346597	453427	1435777097841
346597	220355	1435777097907
346597	133472	1435777097963
1083127	226647	1435777245318
62990	96085	1435777311434
1150086	436694	1435777404858
1046944	220793	1435777797683
1150086	64834	1435778152939
1199945	294245	1435778183331
684514	116624	1435778753322
63156	227318	1435778902699
330865	417927	1435779143988
330865	242314	1435779143988
330865	105870	1435779143988
880629	48141	1435779993402
426226	15938	1435780140112
248679	441074	1435780448102
1233976	351397	1435780656706
996879	141090	1435781020370
1091732	434277	1435781181867
996879	280888	1435781469401
878699	133647	1435781560159
248679	218879	1435781905247
670551	259078	1435781913886
20389	297858	1435782099093
386796	220599	1435782163478
874288	126354	1435782308065
1250332	272069	1435782434473
496796	374996	1435782706221
774788	17478	1435782765773
779397	240970	1435783332818
1150086	461520	1435783462479
248679	415810	1435783565756
1244177	11226	1435783617562
599222	178274	1435783700900
53925	265350	1435784209856
1150086	343861	1435784296035
248679	324290	1435784509157
1150086	869	1435784717139
966859	75195	1435784727076
1343868	232350	1435785079610
698812	464404	1435785418472
698812	359861	1435785418472
698812	276886	1435785418550
698812	54558	1435785418566
408762	211418	1435785775755
1150086	355099	1435785892714
684514	324290	1435786210534
530559	230842	1435786400910
480552	255902	1435786688383
1150086	352290	1435786800153
684514	458575	1435786855310
379562	316472	1435786926324
1198949	145298	1435787235570
388441	248605	1435787615417
507743	139435	1435787920386
1103897	211418	1435788091136
856826	450082	1435789290369
171135	395161	1435789396618
171135	46841	1435789396633
171135	452575	1435789396633
530559	268883	1435789619551
945545	36156	1435789647538
660893	119639	1435789866290
1150086	99611	1435789984824
199297	134762	1435791068571
684514	382288	1435791142475
996879	314952	1435791224452
960340	137390	1435791861915
1150086	217935	1435792666944
684514	169571	1435792797507
468595	112417	1435793594369
1090665	465455	1435793684223
104058	291898	1435793943357
104058	118932	1435793943388
598497	277609	1435794095217
1333733	445486	1435794340486
1045290	13280	1435794597228
213137	133224	1435795046604
726129	136700	1435795341950
807918	92668	1435795471712
1150086	338660	1435796264705
857013	340375	1435797093501
372609	339808	1435797817416
441688	267593	1435799974107
767448	133042	1435800830560
382750	17812	1435801275821
996879	72640	1435803741375
645507	425899	1435803960511
906703	210043	1435805961696
493601	183313	1435807687901
1074470	18726	1435808710114
1133108	374941	1435808921449
1308813	396303	1435810110241
1308813	291416	1435810110241
1060241	224586	1435811047359
1005010	464731	1435811429429
1316061	248063	1435812183712
1316061	86759	1435812183712
1316061	109615	1435812183712
1294231	145403	1435812385788
308563	338660	1435812567662
222575	148360	1435813492045
895547	409804	1435815175640
1372912	70035	1435816409499
214957	398115	1435817880345
370154	268772	1435819585321
1046904	232131	1435821584585
265568	157459	1435824369339
161675	268883	1435829679673
680669	312728	1435837125826
671304	55911	1435844983648
947112	299908	1435845541661
28308	434652	1435845856831
577397	48105	1435846562014
1302281	400824	1435846847552
1113351	440109	1435848749278
899857	251204	1435849107652
1184315	404793	1435850814343
1184315	109445	1435850814343
988939	202920	1435851394654
836635	8122	1435851843034
1106803	417303	1435851962491
138131	107792	1435852518473
1150086	206241	1435852837378
1113351	351476	1435853461353
271719	238386	1435854317206
259169	126623	1435854702674
334748	323766	1435854793140
1150086	113440	1435854872355
1029094	339665	1435855030657
705542	5821	1435855069895
248679	119736	1435855186848
248679	183511	1435855186848
248679	340960	1435855186848
693688	11316	1435855231189
511708	254324	1435855741409
248679	184505	1435856076099
248679	337161	1435856076115
248679	421943	1435856076115
1150086	337196	1435856327630
1150086	75597	1435856327630
684514	138827	1435857290044
636918	46407	1435857538998
248679	12217	1435857654131
540284	357659	1435857665108
781101	316753	1435858057340
781101	463331	1435858057340
86082	416017	1435858544081
192030	270527	1435858996776
1150086	438338	1435859410670
684514	364262	1435859519490
684514	450156	1435859519490
684514	361748	1435859519490
211550	223829	1435859607176
1331678	299346	1435859788563
561311	440248	1435859952034
705542	23477	1435860159633
684514	234294	1435860424516
1064435	180965	1435860580536
684514	29683	1435860688281
1256617	251248	1435860850724
377699	169256	1435861223017
812069	40970	1435861303631
1096330	453646	1435861453427
643357	48105	1435861862212
312771	461686	1435861972656
1034756	123212	1435861984038
684514	109317	1435862215440
1150086	157437	1435862648914
84928	399031	1435863224796
248679	302321	1435864160627
684514	330840	1435864397895
643771	278396	1435864693819
1177212	65273	1435865652276
7244	175662	1435866062999
626837	367664	1435866077022
1056030	72093	1435866463838
682067	200035	1435866482742
682067	72422	1435866482742
1150086	175100	1435866499108
390023	337161	1435866520088
390023	184505	1435866520103
390023	421943	1435866520103
705542	436379	1435866527780
908905	450020	1435866543315
237326	420463	1435866717364
237326	396007	1435866717364
1022415	160628	1435866821531
1150086	237019	1435866897127
1369885	241752	1435866925249
684514	318106	1435867582726
268430	259347	1435867891264
807288	268883	1435867904046
836635	191223	1435867999341
836635	13280	1435867999341
31557	72252	1435868814141
223283	456602	1435869429425
1106764	51360	1435869505818
1150086	12233	1435871109563
493239	44045	1435871842606
248679	461614	1435872085631
1121454	98875	1435872191830
648603	184626	1435872213213
927756	106299	1435872287769
927756	395273	1435872287769
684514	138427	1435872558811
1150086	45628	1435872771420
684514	319855	1435872802056
248679	418744	1435873386316
1273306	46232	1435873709461
970404	268417	1435874040743
292806	363030	1435874705056
684514	455010	1435875597133
411182	274056	1435876183622
707112	387747	1435876645811
353262	245015	1435877131570
1070938	220836	1435877749128
1083036	282385	1435877858776
430913	29196	1435877980305
45825	90910	1435878906120
45825	399503	1435878906135
836635	127879	1435879395346
836635	125068	1435879395377
431941	246532	1435879436004
1144735	11989	1435880135822
839496	345308	1435880228835
836635	153889	1435880602511
383676	457995	1435881098090
684514	396378	1435881744148
684514	453564	1435881744148
836635	293304	1435882689601
1405831	7943	1435882804793
200824	38336	1435882879727
684514	103156	1435883390208
982670	73001	1435883740764
344727	427541	1435883809786
344727	211451	1435883809801
705542	444712	1435885284513
415923	232085	1435885323275
684514	17766	1435885712840
836635	377863	1435887254405
770189	110529	1435887431349
204097	436172	1435888111222
929807	464731	1435888138791
430913	446820	1435888798887
705542	354585	1435889554902
1342394	220357	1435889682751
552571	72210	1435889903267
1369956	379739	1435890234307
903580	283916	1435890770084
1128828	367664	1435890994886
1211623	449912	1435891000819
1098767	25148	1435891259192
711901	452045	1435893603518
1081894	4001	1435894754344
1363232	171814	1435895139187
286923	399192	1435896085277
351979	124583	1435896593811
467899	372941	1435898423243
467899	416769	1435898423306
806308	17478	1435900655320
1086034	164344	1435900764510
299259	153889	1435901942289
811818	140661	1435901957481
770983	283620	1435902077076
770983	157846	1435902077092
412758	304628	1435902479773
1268742	247948	1435902580025
1311727	7341	1435903782493
1311727	217642	1435903782681
387931	200191	1435905663110
397620	165415	1435908459305
448326	199732	1435909621091
639826	184419	1435913461443
1098888	209184	1435915183296
1321212	249469	1435916191795
567087	214271	1435929051713
179314	250224	1435933017590
179314	241950	1435933017605
179314	221749	1435933017621
463202	190076	1435933099336
705542	12217	1435937115370
547506	464731	1435938261165
126834	453192	1435938478292
126834	339545	1435938478292
126834	291609	1435938478292
1141285	268263	1435938969435
1189783	104793	1435939170571
705542	342727	1435939407411
836635	465472	1435939939716
705542	225028	1435940446777
705542	241149	1435940446777
705542	221980	1435940446808
705542	43487	1435940446808
684514	284648	1435940500217
836635	217278	1435941140090
705542	399592	1435941612716
384126	190534	1435942026438
384126	107460	1435942026453
384126	398714	1435942026453
384126	211300	1435942026469
384126	10457	1435942026469
384126	138456	1435942026485
563565	163443	1435942369975
1142299	257534	1435942951164
222046	281103	1435943053694
222046	321089	1435943053772
641020	121978	1435943422894
836635	164454	1435943759139
1143173	421884	1435944114985
335628	424354	1435944157431
163700	406025	1435944235062
547506	75994	1435944474404
547506	119736	1435944474404
702147	420960	1435944633053
836635	419194	1435944897919
483194	166306	1435946041348
838086	256721	1435946090199
1297062	456056	1435946780969
1297062	287871	1435946780969
899857	42997	1435947221975
1128479	121978	1435947282413
1016496	49347	1435947623490
1022003	32888	1435947745902
1022003	413313	1435947745965
1022003	71510	1435947745996
1297062	295127	1435948368175
816144	460668	1435948755893
982670	174724	1435949008940
982670	321089	1435949008973
387538	185616	1435950330312
887615	276013	1435950470100
506800	459174	1435950797154
65927	29757	1435951178134
1297062	206960	1435952284812
1297062	338689	1435952284812
588483	225750	1435952770595
547506	179784	1435953302523
457097	42002	1435953651358
32432	339703	1435953745950
913869	57245	1435954735528
547506	169003	1435955512927
1297062	301278	1435955758988
23076	301278	1435955874682
836635	320914	1435956061089
1111735	42819	1435956557129
1054607	199018	1435957607107
547506	219755	1435957652520
547506	380747	1435957652520
1126569	1022	1435957817417
953625	140861	1435958306551
836635	359439	1435959426206
1368652	250153	1435959503909
213518	238005	1435959534263
430913	428534	1435959779821
461700	365617	1435961105332
1359248	220513	1435961515080
1395025	255885	1435961749700
1389639	430240	1435962351870
836635	200457	1435962650961
1125577	122604	1435962956248
1060458	129292	1435963931127
150421	261589	1435964003379
72254	201955	1435964095955
72254	292749	1435964095955
271410	73282	1435964757902
1297062	129560	1435964862527
708596	271930	1435965087950
949648	283916	1435965599541
599599	377525	1435966681664
880099	295746	1435966878387
178902	92302	1435966981900
178902	348258	1435966981900
178902	152664	1435966981900
178902	463331	1435966981900
178902	382958	1435966981916
548730	25535	1435967341572
109433	313887	1435967541934
218081	192213	1435967615033
1053100	243406	1435968056352
836635	243143	1435968997688
836635	15616	1435968997704
1297062	166100	1435969376559
1297062	231482	1435970006939
11333	166100	1435971598674
836635	425758	1435971699879
902561	437827	1435971728246
1297062	105875	1435973444902
899898	333183	1435973527692
684514	417059	1435973812162
998681	129624	1435974061139
492796	92466	1435974436074
492796	305588	1435974436106
681101	58732	1435974680125
143059	8847	1435974702103
143059	186094	1435974702166
143059	324954	1435974702228
1154710	55556	1435975245425
836635	211732	1435975654830
1202066	251813	1435976152738
1202066	379520	1435976152738
924711	96375	1435979513238
154959	464895	1435979545561
318471	390591	1435980734869
718052	454944	1435981278757
634352	450778	1435983602905
1389672	83995	1435984875093
268657	438182	1435985129547
268657	181365	1435985129563
1008461	215503	1435990204468
438222	132893	1435991620553
524146	362339	1435992456312
524146	154385	1435992456359
937219	306695	1435993707201
1144857	379015	1435993962813
1144857	379796	1435993962813
1144857	144213	1435993962813
1144857	175214	1435993962828
1144857	457223	1435993962828
1144857	326213	1435993962844
1144857	130113	1435993962875
1130813	11989	1435994113544
860075	304332	1435995895188
860075	408103	1435995895251
860075	390092	1435995895329
1368493	48184	1435999373238
1368493	119442	1435999373316
1368493	361945	1435999373316
1368493	226870	1435999373332
1368493	351125	1435999373332
1080678	339606	1436018333789
119168	81319	1436022295609
1347891	279815	1436026462861
26761	83570	1436026571033
666443	144150	1436027283723
836635	268982	1436028996186
836635	368843	1436028996202
836635	309605	1436028996202
700623	74833	1436029514441
1297062	214555	1436030206765
1297062	27944	1436030587657
683140	83825	1436031567265
1300297	318423	1436031906105
1300297	277542	1436031906105
1103176	350103	1436032257073
620292	397300	1436032747330
836635	157725	1436033025689
1297062	272733	1436034783506
823746	277556	1436035282394
146479	410711	1436035410456
415453	408384	1436035470084
415453	214495	1436035667489
1348865	308309	1436035967945
1297062	221900	1436036364708
1297062	397865	1436036364708
343659	12404	1436037547472
1297062	411575	1436037697867
1297062	215868	1436037697867
630039	118894	1436037863915
622240	67329	1436038171111
836635	107718	1436039198337
1001248	91152	1436039590089
705542	19883	1436039874842
814864	291559	1436040437778
814864	428268	1436040437778
814864	18293	1436040437794
814864	294676	1436040437794
1402829	446522	1436040549100
1207286	460991	1436041004788
643004	448494	1436041194615
1326870	419386	1436041286355
1297062	126623	1436045346166
268155	354881	1436045719742
268155	307981	1436045719742
1318306	342642	1436047344936
1134854	236158	1436049125058
1134854	178358	1436049125516
194818	4117	1436049363911
73567	320900	1436049835022
836635	350103	1436050098605
1297062	432357	1436050800080
213276	350103	1436051324930
51613	345086	1436051672413
1297062	237147	1436051892042
1297062	1653	1436051892042
1297062	80519	1436051892042
535835	55305	1436052122386
705542	108740	1436052851402
772453	380440	1436055678695
918412	27127	1436056195388
440136	179601	1436056868257
56541	365889	1436058100608
425131	441852	1436059152541
575731	265113	1436062188839
236392	190070	1436064157826
1255456	22772	1436064594246
346760	61779	1436065874720
646172	28307	1436066335007
289401	272733	1436067684314
1250237	455183	1436067720405
310883	434609	1436068744886
1078208	239564	1436072437232
564442	11989	1436073128209
422291	317557	1436074143637
886494	133183	1436076024123
886494	140156	1436076024123
886494	322875	1436076024123
1069931	390934	1436076530491
595913	334457	1436077495872
786728	167412	1436079899973
391814	266521	1436083556189
464435	259147	1436084558860
285372	221638	1436098049238
1143105	135013	1436110242868
705542	37794	1436110778797
684514	448494	1436111085457
684514	399192	1436111085457
1244651	390582	1436111594366
341188	70480	1436111752870
705542	143931	1436112434811
684514	76428	1436114063062
684514	333140	1436116134795
705542	151471	1436116694467
1270729	322887	1436118107465
185947	92527	1436118447949
54493	170390	1436118585443
126139	456975	1436118964354
705542	388536	1436119096511
242485	339808	1436119770719
358806	68000	1436120635905
1165148	196148	1436121029696
705542	300784	1436123616901
1030351	461671	1436123816762
982605	405770	1436124029941
684514	149458	1436124219622
684514	400376	1436124219747
684514	73894	1436124219747
1297062	212289	1436125834907
684514	50745	1436127440905
18197	317376	1436129848151
684514	292444	1436130190860
327372	101804	1436130565170
658611	19673	1436131108573
658611	193745	1436131108682
658611	49040	1436131108698
658611	114137	1436131108714
684514	167126	1436131208883
1166904	104374	1436131336434
705542	176162	1436131705734
522018	418974	1436131732675
1346665	155079	1436131740996
684514	239608	1436132400698
1297062	465522	1436133037244
1297062	465231	1436133037338
818371	420960	1436133400483
684514	319992	1436133509844
684514	119736	1436133509938
1297062	360378	1436133768250
1297062	174724	1436133768250
1297062	413816	1436133768250
1404797	450455	1436133898614
684514	432478	1436134000279
876241	115328	1436134232973
684514	216508	1436134457830
186080	57389	1436134905713
69072	383001	1436135425204
1169956	130113	1436136623019
916518	80435	1436136962484
1297062	464731	1436137755720
684514	154553	1436137927212
273600	245666	1436138492156
273600	421925	1436138492220
273600	343801	1436138492269
273600	140527	1436138492283
220840	435047	1436139034642
852251	325772	1436139416639
1322520	310556	1436139672074
1322520	252535	1436139672137
1082371	418690	1436139818397
684514	42145	1436140159279
949981	31019	1436140695474
1136498	116675	1436140997410
224773	367490	1436142454304
221055	386607	1436142472243
684514	264829	1436142634050
743832	277556	1436142873485
580540	246532	1436142914636
580540	444363	1436142914636
684514	73297	1436143312745
1297062	434688	1436143818740
767789	227880	1436144072988
547365	11198	1436144318414
1297062	268883	1436145678375
895733	132068	1436146495118
598609	234299	1436146719307
895733	265419	1436146897935
895733	307117	1436146898045
895733	28789	1436146898060
895733	132633	1436146898107
895733	284414	1436146898123
1106846	27926	1436148857897
705542	132714	1436149766332
496628	304113	1436149837786
1398260	220513	1436150133948
1173192	7943	1436152241199
373601	287231	1436152506340
222174	25235	1436152941096
222174	463122	1436152941096
292344	461686	1436153027211
292344	29114	1436153027242
303406	109312	1436153113616
202410	355511	1436154819119
805200	336283	1436155038887
1369176	126236	1436155410369
811031	323046	1436155897261
954619	247307	1436156134827
208539	54435	1436156356794
1224144	116675	1436156494619
499155	267061	1436158664655
173405	454422	1436158809473
231740	308991	1436158850217
758719	338592	1436159067083
561982	437900	1436159403254
347454	287037	1436159499812
853545	186260	1436159624021
1260071	230911	1436159626715
812764	120050	1436160303728
371654	88985	1436162070131
1332357	455804	1436162298286
339944	431728	1436163226221
230526	83280	1436164763170
334079	400207	1436165900347
848371	432748	1436166427419
306738	48030	1436178320115
1230976	73282	1436186622753
504204	441852	1436192718289
1124488	238942	1436192782557
877108	179728	1436194652221
899857	124559	1436194752180
684514	259467	1436195708563
677299	190463	1436196169582
998017	432357	1436196523474
684514	317376	1436197198994
904167	46671	1436197397501
705542	288032	1436197664281
799331	445681	1436197866435
799331	176465	1436197866451
799331	21815	1436197866451
799331	392542	1436197866466
799331	274756	1436197866482
799331	441069	1436197866482
826820	97914	1436197936844
531706	231697	1436198052661
552045	67889	1436198395263
1150086	32450	1436198678756
1205233	216508	1436198798925
1330096	279831	1436198869957
1035678	174399	1436198929544
1095676	40085	1436199407884
1064901	229384	1436199583546
1255322	136529	1436199670086
657556	24871	1436200429476
1077968	347383	1436200441115
563592	254883	1436200492059
374586	188148	1436200707742
537639	62507	1436200711410
537639	210002	1436200711410
998017	427147	1436200724998
111668	238865	1436200728019
684514	427147	1436200754219
601768	463052	1436200764867
601768	288525	1436200764882
601768	171375	1436200764882
601768	182533	1436200764898
601768	451023	1436200764960
601768	142240	1436200764960
601768	372188	1436200764976
601768	293139	1436200764993
601768	201816	1436200765040
490113	9014	1436200810591
1003058	331644	1436201702545
18688	338407	1436201783684
1150086	132507	1436202197093
272853	436686	1436202380779
1109927	368193	1436202524767
742070	220513	1436202869776
799331	223620	1436202995178
799331	401563	1436202995178
684514	222196	1436203584844
1236134	212652	1436203901382
1150086	4537	1436203955016
579742	55556	1436204159576
1155030	301296	1436204807191
1155030	293274	1436204807488
471210	222888	1436204838890
558691	14644	1436204921276
705542	147294	1436205049432
834998	385355	1436205077470
834998	180363	1436205077471
844423	464404	1436205163126
129940	277275	1436205589280
1221273	445106	1436206077718
771659	279092	1436206500554
494464	372169	1436206699259
494464	10034	1436206699274
1150086	148790	1436206723425
1255456	247356	1436207396411
1368659	212006	1436207412465
820002	438484	1436207416407
684514	102802	1436207946134
684514	398899	1436207946150
684514	275692	1436207946166
684514	249079	1436207949109
684514	244525	1436207949218
1150086	259292	1436208187736
300272	143310	1436208330374
1255456	386607	1436208548849
189377	194892	1436208818260
293501	445821	1436209048612
999869	172048	1436209288355
999869	47779	1436209288355
999869	65391	1436209288355
684514	424506	1436209439467
1150086	56441	1436209619950
1255456	316907	1436209816909
684514	26634	1436209830658
927756	303229	1436209954861
895999	372243	1436210141165
572480	367664	1436210734847
1126569	27020	1436210889694
1199130	173365	1436210938696
1199130	31165	1436210938696
475172	399697	1436211299497
475172	352541	1436211299544
475172	390582	1436211299622
475172	372389	1436211299638
1247958	61767	1436211447885
864077	117695	1436211806761
704800	14890	1436212398954
684514	192138	1436212853922
582453	179749	1436213438139
898902	225257	1436213907333
381825	432183	1436213911393
1286722	436360	1436214055072
470316	247698	1436214942998
1150086	126623	1436215295308
1255456	244525	1436215415065
1255456	249079	1436215418029
832904	227790	1436215991913
1255456	82905	1436216152027
1255456	119736	1436216152043
79743	434289	1436216695137
79743	215879	1436216695388
79743	213834	1436216695468
594242	407078	1436217133237
474912	247326	1436217220039
893232	385086	1436217527182
1093456	357054	1436217749968
757355	388657	1436218026863
1399343	383212	1436218127880
1255456	63489	1436218271852
1150086	359109	1436218385244
545365	15938	1436218480297
982231	154802	1436218490190
525170	329119	1436218550659
321571	167728	1436219307374
1150086	263188	1436219461558
1150086	108021	1436219461605
895999	236751	1436220130099
1208219	136815	1436220219743
1015139	12404	1436220420471
1150086	120471	1436220692437
1332700	58638	1436222090523
1075782	248597	1436222400624
1255456	345156	1436222433250
1255456	271889	1436222433266
1150086	193518	1436222721303
1255456	337101	1436222895674
371606	204494	1436223122822
1001771	254326	1436223586257
371606	29757	1436223639710
1150086	23568	1436224390244
1150086	184756	1436224390244
1150086	451027	1436224390260
371606	289096	1436224697015
371606	256280	1436225360675
371606	289298	1436225974333
268994	375951	1436226201888
753987	373600	1436226315000
753987	272455	1436226315000
1049594	229928	1436227051734
1150086	284045	1436227205382
414380	257040	1436227494489
895999	174185	1436227563890
371606	435709	1436227715769
109982	48030	1436227737271
1373942	82707	1436228793309
371606	438092	1436228835393
1148301	436694	1436229031661
406203	52928	1436229116757
1361213	419225	1436229159083
1397340	90631	1436230441517
463408	457045	1436230561422
1397340	99770	1436230575352
626440	218033	1436230664939
1255456	43831	1436230784083
1255456	448507	1436230784161
1150086	450082	1436231026979
672725	78386	1436231183724
1255456	406992	1436231631985
1103835	276240	1436231905606
1248805	259092	1436232640855
1248805	234758	1436232640886
1248805	303058	1436232640918
1248805	279310	1436232640918
176986	442496	1436232691362
232278	228392	1436232735890
382731	414100	1436233147139
1139013	277059	1436234114233
252415	275517	1436236687741
371606	393111	1436237683898
346981	237952	1436238208853
171308	48030	1436238427143
1124499	162863	1436238459477
70570	49990	1436238493054
1125220	93201	1436238985887
728673	83450	1436239818425
1180950	98051	1436240342243
214426	25590	1436240705489
1407398	218917	1436240835969
657378	92493	1436241292407
914651	430546	1436241723938
1134806	393240	1436242301875
957393	325670	1436242329376
1148976	212767	1436243863562
563979	361856	1436244770664
719153	136095	1436245360067
719153	456656	1436245360098
719153	296896	1436245360098
277576	52783	1436246036244
1209995	461686	1436247844887
1209995	124081	1436247844950
34381	416017	1436248094534
557657	53436	1436248097912
262508	389135	1436249458286
643881	375450	1436249680885
1239048	199039	1436250409339
220840	89418	1436256495763
220840	315901	1436256896921
1279799	426174	1436260503852
140115	350629	1436270864764
998017	107630	1436277617687
998017	372756	1436277617703
242985	36130	1436280163037
962819	221290	1436280876776
872690	431315	1436281738124
375760	73311	1436281785435
1191192	447215	1436281800667
611369	124583	1436281996525
1150086	58726	1436282314188
1150086	250942	1436282314188
519839	192569	1436282431464
1165239	461686	1436283115984
635630	346501	1436283427647
675230	359586	1436283459873
1150086	176231	1436283597401
418959	293583	1436283798188
1258911	246532	1436283881231
368033	204023	1436284767730
1336367	463872	1436284870902
705542	284547	1436285361153
547506	171815	1436285440388
803997	287647	1436285935306
536804	99003	1436285943252
536804	252400	1436285943252
536804	388800	1436285943268
536804	259710	1436285943268
536804	255908	1436285943364
536804	150889	1436285943364
536804	58123	1436285943490
581152	378834	1436286088628
581152	192003	1436286088628
581152	259647	1436286088690
581152	211975	1436286088706
581152	185082	1436286088769
581152	307733	1436286088769
581152	93829	1436286088784
581152	297145	1436286088800
581152	222772	1436286088831
371606	430197	1436286330651
678937	330469	1436286742686
678937	444190	1436286742889
678937	297765	1436286742998
547506	210087	1436287152135
1219375	348677	1436287470110
1219375	242878	1436287470188
1219375	196484	1436287470188
1219375	81944	1436287470220
1396871	159624	1436287573790
769903	99647	1436287763052
1309591	57658	1436288143036
1309591	85188	1436288143099
1309591	368692	1436288143099
1309591	44329	1436288143130
1309591	435906	1436288143130
1309591	268563	1436288143130
1309591	431940	1436288143130
1309591	56633	1436288143177
1150086	361496	1436288289122
581183	103462	1436288387868
1135842	432927	1436289113199
1150086	210026	1436289142601
547506	429765	1436289402306
781731	87950	1436289720259
580472	55993	1436290074353
567838	214758	1436290215213
688563	454784	1436290388851
30633	138931	1436290526046
957595	393274	1436290981394
957595	260287	1436290981409
1150086	160949	1436291063268
327734	141795	1436291223393
371606	150547	1436291298479
1203891	292418	1436291389724
61635	56570	1436291871889
547506	124583	1436292050820
547506	444931	1436292050820
49347	39439	1436292219628
371606	294449	1436292291010
1342839	55925	1436293648143
371606	258148	1436294421015
562495	258148	1436294612747
386503	234185	1436295442717
661580	276324	1436295708719
661580	55120	1436295708735
350026	452852	1436295718575
1150086	318750	1436296468246
1229430	318750	1436296955517
456741	368403	1436297096823
456741	7804	1436297096823
585580	279457	1436297306397
904709	217605	1436297502899
642818	202671	1436297679401
985837	153961	1436297694823
985837	248601	1436297694823
985837	101393	1436297694823
985837	461520	1436297694839
985837	73247	1436297694855
167511	214330	1436297797360
167511	310944	1436297797376
167511	143018	1436297797438
387601	354462	1436297899128
2216	308764	1436298484505
1282656	166354	1436298503289
1282656	233734	1436298503298
393972	382958	1436298760332
393972	133907	1436298760738
82318	284260	1436299160493
82318	406775	1436299160493
82318	117788	1436299160493
1308171	140730	1436299173872
547506	316183	1436299274342
547506	81766	1436299274342
547506	116394	1436299274342
393972	16063	1436299875694
393972	202425	1436299875709
393972	198858	1436299875725
993759	320496	1436299982749
547506	463122	1436300098899
1150086	57788	1436300127681
82318	193195	1436300398097
519839	345721	1436300635249
316850	349318	1436300743188
316850	311405	1436300743188
490857	99911	1436300965143
395650	112594	1436301421651
547506	417304	1436301787248
21070	384470	1436301800670
1374616	449489	1436301888624
320993	330469	1436301938392
519839	449391	1436302018579
519839	54698	1436302018579
519839	29940	1436302018610
705542	7372	1436302046907
519839	225148	1436302183206
1150086	170262	1436302189190
154613	370162	1436302458948
308859	401151	1436302790932
547506	250019	1436303132758
1069091	300133	1436303192507
757355	432343	1436303281134
397639	75195	1436303562793
757355	389572	1436304073166
447385	8140	1436304201134
1150086	254290	1436304436284
993032	85199	1436304772229
869101	101753	1436305273208
592916	354511	1436305541087
160561	52653	1436306023245
583089	23054	1436306113374
164002	168046	1436306276171
164002	333272	1436306276171
52484	383212	1436308186624
466869	275485	1436308269100
724900	461686	1436308376622
757355	26900	1436308437520
754523	278363	1436309023947
1208868	421094	1436309093133
518659	28789	1436309137020
518659	132633	1436309137020
518659	280328	1436309137020
518659	147684	1436309137035
652941	38543	1436309898593
151448	173956	1436309927500
1275484	175273	1436310079858
686854	466443	1436310142070
686854	335536	1436310142116
686854	170262	1436310142116
686854	163890	1436310142116
371606	48030	1436310914074
166590	301721	1436312272461
166590	380971	1436312272461
1150086	391484	1436312421255
1233201	316472	1436312862887
546210	203345	1436312954003
11287	90293	1436313113783
371606	416154	1436313197490
371606	169213	1436313197490
371606	297441	1436314246035
904135	58726	1436314290726
705542	393509	1436315215647
376897	427211	1436315365763
377569	132507	1436315375652
1126069	426550	1436316134603
1096075	101279	1436316516447
596232	423043	1436317612099
1232925	299667	1436319470083
1080647	323261	1436319860913
1305292	408504	1436320505895
982049	68280	1436320851611
917360	58916	1436321133625
757355	177257	1436321353633
229868	258690	1436321442235
371606	162863	1436321635938
757355	29082	1436321942319
757355	358482	1436322474193
684128	222465	1436322688096
1236547	261644	1436323574271
289491	294713	1436323830181
519839	314801	1436324820239
519839	181202	1436324820239
495782	201499	1436326217326
340689	23054	1436327105676
1384404	136987	1436327223883
1303368	385735	1436327400399
1281851	442871	1436328155575
1237694	466861	1436328426641
65740	354881	1436328842167
312036	33993	1436328988446
1064422	187934	1436329361388
207157	120089	1436329857514
248411	273822	1436330063188
248411	345694	1436330064285
196902	162536	1436330483723
1039973	227976	1436330691017
835779	58726	1436331141880
995267	349470	1436333995224
1019052	255430	1436334431362
457547	248908	1436337337454
457547	41511	1436337337470
457547	23040	1436337337473
329317	62971	1436338561056
329317	280845	1436338561056
329317	461686	1436338561056
329317	218794	1436338561056
1380247	325852	1436339283753
19832	405290	1436354645348
674830	264521	1436356192548
1014131	183137	1436356306580
816161	90894	1436356366004
597070	288525	1436357765789
858299	307455	1436362899090
1092723	347644	1436363797773
1092723	219133	1436363797773
1242822	308334	1436364765442
388679	357541	1436365315369
703222	172842	1436366646426
763880	268883	1436368073787
78882	408747	1436368272367
951407	237422	1436368276900
650076	329766	1436368289846
1150086	4067	1436368490051
1383142	247948	1436368591058
705542	458009	1436369012389
63274	441042	1436369128995
63274	306492	1436369129026
63274	296614	1436369129026
371606	235971	1436369317329
391814	378211	1436369735273
371606	294242	1436370020852
371606	342530	1436370020852
519839	161213	1436370151351
519839	425359	1436370151351
1150086	64749	1436370304016
896066	132068	1436370325126
896066	132633	1436370325173
582432	232024	1436370422642
555045	349846	1436371080987
1123306	421372	1436371082671
1070560	279757	1436371191836
519839	211132	1436371715480
487295	262923	1436371877487
1333820	92499	1436372165522
371606	149382	1436372261317
371606	236000	1436372986845
734374	370395	1436373100601
447078	220564	1436373155186
371606	354881	1436373624737
371606	90487	1436373624737
125307	361554	1436373627076
1150086	66424	1436374053025
1151703	144507	1436374115089
519839	123650	1436374851409
1097400	254324	1436375319316
1097400	239774	1436375319316
1097400	201569	1436375319316
1097400	348258	1436375319332
1097400	218038	1436375319348
60497	201367	1436375397689
519839	121648	1436375671332
616565	263692	1436375743765
616565	287526	1436375743765
1297062	299222	1436376092310
705542	264521	1436376579080
371606	161623	1436376660271
197366	244541	1436376700699
123533	259455	1436376914612
519839	259266	1436378186164
1150086	349284	1436378193602
804418	465226	1436378345896
371606	288525	1436378374780
371606	244027	1436378374796
356818	339975	1436378493565
356818	333804	1436378493565
1150086	110517	1436378541335
538189	115363	1436378572082
1142081	366859	1436379387469
1150086	213785	1436379486387
565943	114643	1436379506883
728093	416017	1436379638563
371606	77735	1436379679936
1015139	295626	1436379809222
212610	461686	1436380166126
810114	361805	1436380499139
371606	218626	1436380819249
1150086	127631	1436380829515
367862	466109	1436381099831
371606	233734	1436381102065
1150086	436034	1436381149253
1150086	109498	1436381412556
232097	415610	1436382049358
476523	286939	1436382205721
476523	371390	1436382205737
476523	333792	1436382205737
250393	410669	1436382740222
1096840	303695	1436383034029
1138300	456912	1436383420473
163711	92361	1436383470703
163711	427472	1436383470713
163711	153961	1436383470723
163711	91441	1436383470732
163711	43641	1436383470754
1134975	446820	1436383491247
371606	269079	1436383525606
1077585	302399	1436383626930
276207	416017	1436384299659
930609	280888	1436384336223
869576	90129	1436384347916
101175	415020	1436384608494
1040119	17478	1436384644399
1219147	125282	1436384691151
101175	446102	1436384914182
101175	316239	1436384914198
101175	91086	1436384914198
101175	31591	1436384914213
101175	288887	1436384914213
101175	234215	1436384914213
101175	98374	1436384914292
101175	276240	1436384914307
101175	285637	1436384914307
101175	158575	1436384914323
101175	281717	1436384914323
519839	29677	1436385018873
1150086	107025	1436385102533
1277956	337195	1436385269589
371606	337361	1436385374320
371606	186702	1436385374320
371606	119736	1436385374320
371606	352091	1436385374335
371606	249804	1436385374494
371606	77733	1436385374494
121914	142819	1436385444132
1150086	360877	1436385849308
449785	223944	1436385919284
449785	198400	1436385919284
1170127	307455	1436386160715
1170127	11311	1436386160715
1094310	104781	1436386162077
1297062	449912	1436386199925
1033046	17108	1436386318223
873353	189111	1436386510158
873353	85199	1436386510205
873353	195434	1436386510205
519839	109116	1436386610718
1297062	389200	1436386782310
1150086	10040	1436386984628
1203176	238865	1436387617194
528336	185246	1436387632660
528336	309295	1436387632660
771611	394660	1436387724529
519839	454422	1436388462225
54017	362760	1436388569207
1307990	44064	1436388660477
1297062	169252	1436388871163
381439	266900	1436389588244
456829	155765	1436389895290
518659	445232	1436390011954
871476	248742	1436390293538
988939	228166	1436390431057
988939	82174	1436390431065
531440	404653	1436390433259
794340	379517	1436390561049
371606	116721	1436391172768
930274	72435	1436391506159
519839	45365	1436391568812
1365514	155319	1436391890081
1150086	450641	1436391973795
198921	222888	1436392043954
1297062	436056	1436392261773
1297062	456414	1436392261773
1227060	303009	1436392263879
1227060	262545	1436392263942
719605	341517	1436392532728
941284	311929	1436392884517
288699	320496	1436392925713
1150086	345308	1436393058031
1150086	9759	1436393058031
567388	291111	1436393061516
567388	88904	1436393061548
591006	366400	1436393243860
519839	140378	1436393565224
519839	437320	1436394584955
1066199	241555	1436394678034
1350190	307883	1436394916558
1150086	299517	1436395055740
1297062	220140	1436395154572
1297062	33775	1436395154572
209372	209225	1436396033223
1271881	310514	1436396172890
1150086	272438	1436396463545
200262	202512	1436396738538
580583	347113	1436397032102
94994	389572	1436397879000
1102053	398907	1436398678377
371606	222848	1436399483392
956214	63859	1436399767722
14885	375332	1436400399843
960778	390857	1436400514443
938512	459237	1436401204192
371606	325652	1436401233795
135931	399830	1436401342366
519839	44465	1436401429233
574370	340375	1436401588826
1150086	270525	1436402024403
519839	10107	1436402938698
1116687	249228	1436403537383
371606	78729	1436403581067
1183796	280320	1436403935791
1016281	420960	1436404063604
1150086	345743	1436404241744
675039	312499	1436404375043
519839	418390	1436404642651
1225435	282942	1436404792103
1225435	192582	1436404793875
628771	167126	1436405373559
253867	418390	1436405403798
684791	416017	1436405946794
519839	393142	1436407184474
519839	178537	1436407184490
519839	146325	1436407184490
336940	336760	1436407505751
112757	321963	1436409150110
112757	317743	1436409150126
1159592	213303	1436409970308
1159592	131364	1436410207201
1150086	354585	1436410438262
1150086	166306	1436410438262
268221	97249	1436410515607
1000057	271494	1436411077227
159619	112047	1436412681818
159619	407947	1436412681834
11462	179271	1436413067189
626261	335945	1436413074130
1376817	366809	1436413360539
465431	409426	1436413363847
465431	286517	1436413363909
1073377	208451	1436413942555
981607	439614	1436414396074
393334	305588	1436414875496
1171630	222888	1436415433136
1171630	382130	1436415433165
1171630	388673	1436415433186
1073377	392583	1436415688294
1073377	1164	1436415688294
1073377	21815	1436415688294
1073377	413814	1436415688310
374417	272890	1436416302756
1168496	411602	1436416636717
655937	201594	1436416644768
137223	250942	1436416988426
910106	58726	1436417390209
685520	348099	1436418165406
499246	452194	1436419278927
964178	34364	1436419447104
964178	57210	1436419447104
1378732	292444	1436419570944
499246	333428	1436419657268
452965	33997	1436420225335
692447	265113	1436420810455
488343	139638	1436421087784
444320	365411	1436421571466
267735	347183	1436422354274
959284	390857	1436422578812
1376736	303828	1436422589570
6955	83837	1436422841295
218469	41803	1436424239670
281553	461686	1436429379726
281553	213172	1436429379726
980414	417059	1436440404026
980414	131385	1436440404026
1304526	459475	1436452835109
774274	302887	1436453749146
705542	460188	1436456303028
1165148	390857	1436456376959
705542	95447	1436456660466
1324810	42910	1436457043201
1150086	277362	1436458079225
112518	354153	1436458351080
654715	396135	1436458430284
705542	244458	1436458464729
354579	6720	1436459283400
354579	104781	1436459283431
333147	212767	1436459605482
1232031	464930	1436460052742
763954	309976	1436460180079
705542	160343	1436460348193
1150086	119736	1436460735615
1150086	142819	1436460735631
369102	319680	1436460771714
1297062	204494	1436461113075
1150086	6720	1436461203108
28896	414044	1436461310510
863219	414044	1436461974601
952246	167543	1436462573543
1150086	239377	1436462909994
1150086	127688	1436462910169
952246	136316	1436462967526
309763	220675	1436463047771
440802	106958	1436463110929
440802	408832	1436463110929
1404130	276035	1436463111805
416295	64874	1436463515943
222570	71053	1436463613296
1015139	44465	1436463780858
863219	304145	1436463851653
863219	148450	1436463851653
863219	450778	1436463851669
744717	148790	1436463856833
915485	368403	1436464152598
194560	272907	1436464275123
952246	57929	1436464360081
952246	206218	1436464360081
952246	288525	1436464360081
720903	416017	1436465108942
1150086	245168	1436465169866
952246	434627	1436465833466
1230022	372732	1436465868728
1150086	360200	1436466424753
301177	80435	1436466530130
1150086	417559	1436466783219
952246	116624	1436466821818
564150	17607	1436466947679
499382	393028	1436467040939
952246	66424	1436467520414
863219	158194	1436467632152
697366	461686	1436468176939
1313374	235673	1436468185004
874524	169003	1436468585573
1297062	44465	1436468968291
997219	427147	1436469414774
1297062	257534	1436469456891
570023	114177	1436469849155
1150086	44465	1436470173504
77669	36054	1436470639894
1043386	181995	1436470644296
952246	46156	1436471019040
705542	102471	1436471292528
808813	394391	1436471424035
1053783	217946	1436471587846
1237565	303637	1436471714344
1297062	98178	1436472557618
729726	136576	1436473793006
863219	197498	1436473956355
842413	242981	1436474004654
962631	390857	1436474186367
655995	374996	1436474237387
1224226	86416	1436474897799
833404	231482	1436475279914
778509	399175	1436475292078
1336562	98184	1436476140895
1058908	302448	1436476203621
833217	360964	1436476601696
729726	13556	1436476960353
237262	305496	1436477383157
899963	348673	1436477668455
734846	45420	1436477672509
416496	295537	1436477737703
416496	436172	1436477737709
416496	156552	1436477817630
952246	441645	1436478017324
1124964	16052	1436478142874
1124964	15	1436478142936
1124964	66643	1436478142968
1124964	310720	1436478142968
1124964	348245	1436478142983
765884	246247	1436478188565
1297062	164695	1436478262596
281202	384678	1436478416228
585885	247396	1436478581921
976885	204677	1436478825774
160862	444363	1436479377523
863141	442172	1436479963670
85201	18859	1436480149292
85201	27897	1436480149308
85201	80292	1436480149308
85201	32227	1436480149323
85201	228017	1436480149355
952246	55955	1436480916850
763234	377216	1436481249071
1334441	357054	1436481436790
952246	259962	1436481453359
632951	320494	1436481790462
904135	458271	1436481893656
1134975	312728	1436482303687
952246	144635	1436482324416
1150086	268081	1436482358112
318197	464404	1436482691518
1183850	20934	1436482871937
745037	239750	1436483169247
895189	340375	1436483452487
1403769	409804	1436483713093
1071835	67439	1436484589594
952246	73602	1436484620001
952246	103900	1436485959618
679473	217605	1436486648630
334690	112146	1436486689940
334690	156436	1436486689940
334690	436666	1436486689940
650028	454422	1436487107610
165440	342848	1436487749777
939019	163039	1436488460302
705542	290999	1436488487753
705542	384302	1436488487846
356340	449559	1436488820817
1095470	462423	1436489463250
1150086	232725	1436490028662
962631	44465	1436490090033
1231909	277074	1436490537799
48820	461686	1436490835287
48820	171878	1436490835303
48820	459319	1436490835303
48820	447067	1436490835319
48820	348272	1436490835319
48820	293733	1436490835319
48820	286718	1436490835350
48820	425159	1436490835350
48820	125275	1436490835366
48820	415928	1436490835397
48820	276402	1436490835397
6958	339822	1436491137802
6958	184011	1436491138149
6958	431417	1436491138195
6958	187200	1436491138320
1043550	209626	1436491138951
1383053	338960	1436491173804
526183	283693	1436492172502
1246823	350384	1436492320066
658299	440892	1436493343614
705542	69454	1436493582538
705542	376974	1436493582585
415316	87081	1436494082603
163632	324391	1436496257967
1150086	332629	1436497164708
1036487	446522	1436497198218
1330964	175749	1436499605615
642492	292444	1436499820263
792995	199018	1436499891077
1038542	247601	1436500901848
118899	366501	1436500906472
118899	144392	1436500906472
979458	75820	1436501912382
1387689	73364	1436504033494
902662	213834	1436504712761
902662	152644	1436504712777
689290	270082	1436505591728
1224323	192334	1436505942809
448386	249504	1436507622323
1142592	420528	1436508151701
292102	220599	1436511571522
292102	133549	1436511571537
292102	260415	1436511571553
464250	436360	1436511946489
1066033	304685	1436514890166
761862	112867	1436516292735
253920	151471	1436518927136
815343	151471	1436519185878
868985	459615	1436529260538
256726	413110	1436530410912
762170	443030	1436530683272
249439	40712	1436533587216
457547	57389	1436534962913
457547	162411	1436534962913
457547	167800	1436534962929
1233088	418390	1436539491336
1171088	72430	1436540128404
899857	83639	1436540958625
1137093	299222	1436541054907
899857	349047	1436542622606
506086	448453	1436543062852
702000	129020	1436543105808
175822	316753	1436543760614
1150086	204494	1436543826876
237286	436549	1436544519351
705542	324621	1436544649240
905698	409771	1436545008830
952700	121865	1436546020307
952700	367726	1436546020354
952700	286962	1436546020370
952700	214617	1436546020401
952700	246683	1436546020432
1150086	301843	1436546147168
1248817	96370	1436546589442
899857	335276	1436546621792
719967	39557	1436546694708
54121	140070	1436547041815
308506	278830	1436547048956
805204	283037	1436547164875
805204	102408	1436547164937
850564	191547	1436547324658
850564	376008	1436547324705
850564	325673	1436547324767
596542	121895	1436547535098
863219	354511	1436547700647
197971	71336	1436547876430
1150086	284463	1436547956411
714734	250942	1436548537802
714734	354153	1436548713983
685025	465227	1436548982648
572053	453179	1436548983569
1176826	362339	1436549705012
1176826	424869	1436549705012
230237	416295	1436550252597
230237	217278	1436550252675
441737	422451	1436550533407
1374597	131385	1436550579644
1374597	188792	1436550580381
848739	457162	1436550642803
1081726	379652	1436550772731
1081726	420960	1436550772935
705542	189265	1436551113385
863219	80435	1436551280077
863219	400442	1436551280093
1157587	288525	1436551718974
952246	869	1436551941008
1150086	401285	1436552110199
1001270	142204	1436552844860
1127234	408933	1436552929128
730678	367030	1436552964222
730510	402295	1436553010353
1150086	244534	1436553402999
1150086	37609	1436553716872
646468	423056	1436554511487
1139670	210086	1436554521737
805630	336196	1436555322958
863219	362760	1436555364715
191153	331514	1436555558806
250187	28288	1436555740397
784477	255469	1436556580542
1118074	308025	1436557273025
705542	313931	1436557445875
863219	199952	1436557581798
124114	73359	1436558619826
1355960	269892	1436558708539
33946	247785	1436558993960
33946	325772	1436558993960
580781	50684	1436558999735
952246	236806	1436559251144
1150086	99610	1436559395577
604376	176379	1436559435188
1021527	9877	1436559899817
1021527	241555	1436559899832
952246	261558	1436560250539
1137033	399593	1436561400746
538000	188698	1436561485033
757355	335102	1436561978054
699183	104864	1436562065021
699183	271864	1436562065068
952246	184173	1436562689429
863219	351042	1436562727098
863219	104023	1436562727098
1150086	454422	1436562736067
1340695	119603	1436563550406
48728	397067	1436564599768
48728	379272	1436564599846
48728	310848	1436564599877
330035	128318	1436564930701
757355	217278	1436565096066
957729	83533	1436565578709
248845	174189	1436566636191
1150086	315543	1436567431937
935355	85832	1436568023167
1150086	351975	1436568611633
1150086	278100	1436570266474
1150086	368403	1436570550229
952246	420960	1436571641330
1150086	413460	1436571682975
490684	165169	1436571955357
952246	449489	1436572467726
517613	210087	1436574315122
798349	458070	1436575102117
562956	76731	1436576591067
602545	266900	1436577364625
754341	319680	1436577883908
798809	15716	1436578706188
757355	404121	1436580691441
956258	356029	1436581294688
20167	136815	1436582723007
51951	312129	1436583041607
780731	85832	1436585206660
799313	180896	1436585260900
799313	18155	1436585260900
567526	40868	1436587068881
133632	461686	1436589673289
1223331	169194	1436591618292
586012	446522	1436592206646
372048	55251	1436592967661
148485	48105	1436593462360
130028	268755	1436598110783
130028	304154	1436598110861
9235	62290	1436598237428
157998	218576	1436600590709
1374597	262980	1436610303365
1108790	244834	1436611076906
506913	51671	1436614761849
1094128	59424	1436621031859
1094128	134191	1436621279303
944168	171878	1436625760555
944168	101156	1436625760742
944168	438779	1436625760773
309763	244944	1436625996276
309763	92960	1436625996385
474313	262826	1436627040415
1294601	285154	1436630286065
758827	169194	1436633526692
758827	146615	1436633526723
382808	386092	1436633609689
204458	382885	1436635271697
705542	46156	1436637442353
132066	122069	1436637520079
73356	143689	1436638062381
705542	342366	1436638342042
705542	74789	1436638342042
278771	460778	1436638685283
278771	446542	1436638685358
1119767	432011	1436639023550
1165148	429498	1436639246525
278771	264297	1436639965587
371606	276494	1436640528853
519839	356029	1436642631526
519839	190260	1436642631636
519839	350525	1436642631636
534151	192334	1436643202906
371606	399592	1436643970924
371606	298830	1436644897237
371606	199018	1436644897252
371606	385261	1436644897252
696046	332005	1436645055258
768067	299804	1436645235693
519839	215591	1436647934304
519839	199394	1436647934320
519839	59691	1436647934320
371606	310314	1436648596146
330461	187026	1436648680037
1255141	288359	1436649079146
880840	461686	1436649455939
519839	259501	1436649709144
519839	203187	1436649709144
519839	188809	1436649709144
705542	442871	1436649748814
1313980	176834	1436649863825
1313980	372641	1436649864751
1313980	94354	1436649864751
1152432	118401	1436650431065
1214531	380747	1436651546481
1313980	110421	1436652324149
548607	213917	1436652455532
548607	374996	1436652455532
1104649	384470	1436652634946
275836	410148	1436653908991
519839	389722	1436654242030
519839	393767	1436654242030
927045	446522	1436654618465
927045	465922	1436654618465
705542	139789	1436655309779
705542	17766	1436655568468
528198	379390	1436656311725
34630	443161	1436656451212
902881	460187	1436656559110
972500	165415	1436657331307
705542	34220	1436658794764
305782	322123	1436659404206
1394271	64026	1436660015958
705542	181021	1436661903279
705542	440050	1436661903357
345558	350960	1436662435090
827689	457942	1436663502065
638441	50275	1436663621830
371606	152836	1436664994480
825800	246532	1436666099737
297008	100282	1436666497000
103408	287647	1436667255591
851858	246362	1436668102863
519839	115643	1436669502534
836347	64154	1436673967543
431937	442845	1436675193794
787997	119267	1436675554906
58740	94521	1436676981963
743674	358476	1436677647228
1274085	299457	1436682480013
1404286	448548	1436686144988
757989	231501	1436690482155
382473	218794	1436693057257
73501	299114	1436693368226
1324670	445258	1436714046099
1324670	442300	1436714046115
1126660	229928	1436715711986
1297062	85774	1436717261588
5042	127634	1436720158059
705542	371344	1436720539581
855713	357583	1436720542415
855713	216556	1436720542477
460926	93873	1436721125485
547738	357262	1436721142420
5042	138443	1436721626567
675646	219435	1436722527062
675646	418874	1436722527062
1177689	264297	1436722870625
705542	396713	1436723994341
539043	248601	1436724583385
539043	316482	1436724583385
1019573	83981	1436725278436
1297062	361545	1436726535140
1297062	31768	1436727477119
705542	120070	1436727636167
1331889	187992	1436727668794
757355	148666	1436728797231
1334913	26205	1436729533735
735090	227880	1436730058187
569788	307883	1436730589063
31929	227790	1436731165703
588753	375738	1436731822450
662257	239719	1436731824951
757355	131178	1436732214905
162576	445105	1436733098516
2598	183087	1436733384183
353891	388329	1436734393957
1297062	63235	1436734925674
757355	430610	1436734989978
757355	189021	1436736047351
898506	455183	1436736148358
275833	79034	1436737608569
744315	17478	1436737681334
1143932	272152	1436737771852
216471	296598	1436737996016
216471	178294	1436737996032
703309	389158	1436738015154
703309	233008	1436738015154
703309	266249	1436738015216
1297062	370607	1436738286851
169486	323084	1436738983919
169486	213834	1436738983919
254367	413784	1436739337148
440666	315378	1436739496968
221998	82278	1436739956372
904909	213834	1436740595843
904909	445351	1436740595843
1318649	334920	1436741739632
1297062	76426	1436743474042
1297062	141480	1436743474042
412239	332629	1436743594559
1364157	404793	1436743655828
1297062	11316	1436744567975
757355	137034	1436744987715
146997	212036	1436745569339
545846	2463	1436746246430
545846	87856	1436746246430
1297062	185246	1436746267654
1317218	409804	1436747005170
1297062	48030	1436747587816
295742	365015	1436747701510
150983	48030	1436748289387
1017973	110412	1436748790306
573782	201610	1436749167841
716947	121814	1436749602844
1283751	229180	1436749850590
1304026	403576	1436750760145
1304026	278679	1436750760520
1304026	380302	1436750760520
1224104	257070	1436751069906
1333540	32989	1436751168288
1057266	5821	1436751620370
1316174	75195	1436752466951
760266	195219	1436752799133
514825	415735	1436752918246
1252556	137974	1436753200958
1375602	372941	1436753337744
1375602	432292	1436753337760
1375602	347167	1436753337760
1375602	100367	1436753338011
486346	112782	1436754335211
431138	414410	1436755604350
132823	218339	1436756864761
288932	461686	1436757243607
288932	426588	1436757243623
1402877	311464	1436757299360
1296486	422827	1436758039090
1262257	379192	1436758090075
1262257	190070	1436758090215
1274293	7943	1436762423829
228175	450627	1436763077312
577103	435618	1436763159082
10248	232917	1436763263356
723670	46156	1436765208828
1362452	376974	1436765533758
1102694	302329	1436765546847
116095	464731	1436766195578
116095	14644	1436766195625
193268	311341	1436766572313
1386311	250212	1436767314829
359647	189339	1436769683487
1100641	56782	1436777220042
1100641	375705	1436777221620
1217782	314817	1436783815028
1217782	155196	1436783815205
1262190	333039	1436784056757
1262190	10572	1436784056773
1262190	17478	1436784056788
373194	457045	1436796949224
1076102	453192	1436799364814
1076102	229928	1436799364814
672785	213834	1436799561344
672785	284463	1436799561346
672785	421606	1436799561356
998017	381613	1436799601359
1297062	228793	1436800542319
1143755	346204	1436800805738
371606	424293	1436801441215
1368445	446522	1436801529174
1379868	441852	1436801893914
1297062	237952	1436802012952
360394	437106	1436802105169
705542	157081	1436802488104
1288545	457135	1436802578743
986577	357978	1436803601549
986577	432930	1436803601596
334518	279972	1436804567955
371606	330900	1436804889264
813477	333518	1436805693934
813477	408504	1436805693950
1288957	275580	1436805851651
1288957	430223	1436805851669
1032211	7943	1436806400574
745633	63102	1436807074183
483743	75961	1436807232254
952246	159822	1436807244336
1144846	120114	1436807467650
83052	74833	1436808427018
863219	449492	1436809462749
1297062	255725	1436809713420
1031546	247167	1436810164580
899857	34875	1436810335897
1297062	159477	1436810512516
959967	159477	1436810628523
901953	248063	1436810705773
901953	46924	1436810705773
1027328	390799	1436810790231
136855	13925	1436810832508
468035	398489	1436810841463
1297062	69799	1436811144931
1277580	176379	1436811393530
863219	164344	1436811500147
1119174	92976	1436811555817
371606	367696	1436811563734
163836	339070	1436811580663
952246	207430	1436811691435
1297062	84593	1436811848676
27197	209752	1436812516321
169328	310702	1436812549610
525445	257412	1436812577770
525445	339070	1436812577832
1108172	171814	1436812631349
777503	417666	1436812794596
777503	425758	1436812794596
705542	70084	1436813140964
1003058	454183	1436813156174
1297062	132246	1436813279608
371606	106575	1436813474776
203225	432152	1436813655336
1039831	374178	1436813838625
1047431	330588	1436813913360
863219	111572	1436814538420
863219	456056	1436814538436
1128992	418600	1436815056660
991246	182778	1436815633418
991246	416017	1436815633418
991246	103492	1436815633418
802281	449497	1436815883557
1243940	107162	1436816071273
1297062	159642	1436816321045
1403769	312728	1436816357817
229291	445351	1436816721127
1102257	254196	1436816766841
1102257	211336	1436816766841
1385042	63436	1436816943012
663411	418609	1436817141312
915069	212006	1436817228221
27360	445351	1436817571992
104929	196316	1436817740848
863219	411575	1436817779163
863219	4643	1436817779163
306586	441691	1436818097787
371606	243355	1436818115391
1150086	62737	1436818285539
1297062	118914	1436818522815
67370	434271	1436818578955
705542	204057	1436818753012
1188952	305357	1436819202409
292065	252344	1436819336625
371606	170952	1436819669256
1265615	413602	1436819859448
236229	384302	1436820154104
862823	89076	1436820304899
102507	23914	1436820569017
102507	247420	1436820569017
102507	437106	1436820569017
952246	341797	1436820632359
863219	463509	1436820759475
455557	315140	1436821857131
455557	330175	1436821857146
1248762	315545	1436821946971
497721	87856	1436822388062
471338	453192	1436822561071
1297062	312163	1436822570555
1297062	369158	1436822570555
755797	112782	1436823058445
210282	140156	1436823119388
413841	350384	1436823157375
1140886	90910	1436823158766
1140886	272263	1436823158812
171070	344445	1436823162872
193622	300878	1436823260057
351630	224187	1436823471963
1297062	37029	1436823599944
1212080	359251	1436823623928
741012	283405	1436823806742
371606	297565	1436824029712
1005141	19306	1436824113599
1005141	92695	1436824113599
972968	130776	1436824128537
934588	460759	1436824443033
594852	447215	1436824765724
863219	368947	1436824820501
863219	133964	1436824820517
1333907	106741	1436824876545
355056	17478	1436825766892
1367560	99196	1436825978191
1367560	260819	1436825978207
959698	308687	1436826033102
69645	325852	1436826169348
912550	215063	1436826662602
69645	65091	1436826954451
952246	220066	1436827737718
1352044	269760	1436827771663
560961	228075	1436828932365
310867	2416	1436829028071
723403	273104	1436829172771
986064	20981	1436830553312
1189599	221897	1436830665916
1008289	56782	1436830798581
1297062	78265	1436830890321
1326089	2463	1436831170047
863260	441945	1436831920174
952246	365890	1436831977170
952246	427541	1436831977170
1150086	37760	1436832184178
512180	6807	1436832278043
128188	112417	1436832854346
1301173	351130	1436833288498
1301173	327134	1436833288545
1301173	407202	1436833288545
1328985	78448	1436833553264
1328985	94187	1436833553264
1328985	124552	1436833553264
779514	400596	1436834278078
779514	41103	1436834278094
587126	440937	1436834360144
587126	461976	1436834360238
1059647	448453	1436834514211
656029	335101	1436834978725
1183199	441852	1436835516164
1297062	156101	1436835807646
1150086	384470	1436836004829
1150086	257062	1436836004829
1150086	47334	1436836004829
345673	398345	1436836275817
121299	202460	1436837639755
121299	277943	1436837639770
1150086	67614	1436838115284
1097386	299222	1436839082118
1005723	150477	1436839205028
1370695	87916	1436839422074
198299	446861	1436839449495
757355	143860	1436840070898
1150086	162565	1436840906093
531340	13569	1436841229576
115055	442172	1436841294127
589376	369093	1436842324687
1197809	378209	1436842504985
1197809	317361	1436842505142
1197809	355325	1436842505142
138304	134906	1436842770940
757355	213834	1436842961212
757355	445351	1436842961227
1068812	104468	1436843800757
241583	190260	1436844229510
848052	370607	1436845735727
288615	356067	1436846874078
668226	146297	1436847105307
668226	114514	1436847105463
1061238	456912	1436847130270
1061238	213834	1436847130380
1061238	327090	1436847130473
1061238	114389	1436847130505
1061238	445351	1436847131630
827191	252314	1436847197221
894696	414088	1436847594078
693528	5942	1436847892745
693528	400078	1436847892745
693528	226695	1436847892761
693528	363156	1436847892761
693528	162722	1436847892792
693528	109470	1436847892808
834421	416017	1436848691028
1365610	453790	1436848757206
705834	455641	1436848824667
705834	223985	1436848824667
1302281	451014	1436849844471
1320985	254617	1436849854072
53051	403969	1436851391523
53051	369586	1436851391523
53051	339808	1436851391523
1384789	248626	1436851778204
369168	293963	1436854442610
369168	116772	1436854442641
420421	202171	1436854762430
562527	314397	1436855450247
1322042	144820	1436860007074
1330682	359439	1436866415034
192890	148025	1436879767640
192890	85510	1436879767640
192890	228066	1436879767640
192890	320620	1436879767640
192890	245401	1436879767640
192890	438264	1436879767671
113995	207344	1436884397031
321588	238865	1436884675753
954259	118199	1436886458224
530559	128990	1436888819281
429139	175668	1436889016895
899857	213255	1436889361773
791750	349594	1436889417139
791750	69285	1436889417139
1262299	26745	1436889674593
974226	198105	1436889697116
952246	17478	1436889735636
17067	354714	1436889766582
869899	37029	1436890065485
1150086	418560	1436890514991
475172	463002	1436890974410
475172	232780	1436890974597
952246	84643	1436891090047
573213	387947	1436891229252
1150086	55251	1436892104990
369533	373842	1436892778360
456502	451362	1436892907281
1369324	250177	1436892934931
1051470	8638	1436893913445
998729	113635	1436894486326
16655	308438	1436894522948
16655	224481	1436894522948
1014314	383662	1436894643091
863219	222888	1436894893169
915412	351435	1436894893944
974226	176162	1436895027140
22666	54773	1436895442074
153934	67438	1436895569740
396040	461686	1436895695715
24067	338767	1436895982900
24067	455793	1436895982900
1150086	247601	1436896231627
797789	131882	1436896578443
67015	213834	1436896761792
67015	445351	1436896761854
85734	148090	1436897295402
85734	314397	1436897295402
530559	210279	1436897391700
748917	296790	1436897734420
974226	199417	1436897813443
530559	36859	1436898143915
312582	299457	1436898454666
312582	66117	1436898454713
312582	246075	1436898454713
312582	401617	1436898454713
1150086	454430	1436898608851
1374597	52399	1436898627168
709888	143104	1436898682349
1120870	252031	1436899007209
1120870	61840	1436899007272
1120870	116334	1436899007287
1120870	346067	1436899007287
1120870	237524	1436899007287
1120870	100031	1436899007287
1120870	96027	1436899007334
863219	119736	1436899349249
863219	417927	1436899349265
834646	432183	1436899511392
863219	116527	1436900014340
1045905	57577	1436900267966
530559	395849	1436900283491
1071410	81473	1436900304449
203490	461686	1436900723732
203490	312929	1436900723826
203490	40630	1436900723842
1150086	303833	1436900752971
1005822	67889	1436901345605
657293	49392	1436901508920
657293	254196	1436901508935
371606	2463	1436901756392
82251	28307	1436901856179
85734	441814	1436901888468
1150086	190172	1436901995204
1150086	56269	1436902643707
219788	121389	1436902829868
219788	19541	1436902829884
219788	417970	1436902829931
219788	159562	1436902829946
219788	59004	1436902829946
1065650	82586	1436902964863
952246	224043	1436903061753
964	430113	1436903068549
863219	96149	1436903112773
133166	211061	1436903375596
133166	264297	1436903375596
54958	325521	1436903405102
1365340	1619	1436903551515
530559	17478	1436903595578
1069856	450571	1436903938192
325589	24292	1436905164776
129046	281217	1436905289066
371606	134191	1436905640648
371606	121680	1436905640742
238722	364916	1436905699912
952246	119736	1436905948856
952246	418601	1436905948856
952246	183511	1436905948856
952246	261377	1436905948872
857417	119433	1436905987264
1365340	334823	1436906011066
1365340	213109	1436906011066
935910	157318	1436906126127
927736	34853	1436906941345
952246	390582	1436907118170
294572	128908	1436907134878
1301479	60715	1436908545478
1221828	344446	1436908742613
1221828	157217	1436908742613
1150086	319797	1436908789219
1150086	239774	1436908789266
952246	272907	1436909427660
863219	269916	1436909688892
1150086	81473	1436909781161
501594	400533	1436909937195
834679	287449	1436910247545
365347	419371	1436911885971
1150086	32164	1436912410725
792658	445351	1436913073132
792658	213834	1436913073179
1150086	41963	1436913110929
1031046	388974	1436913433424
974226	118551	1436913580127
837781	461686	1436913779404
772037	437917	1436914478370
1393377	243980	1436914549573
158701	24059	1436915234746
1150086	217712	1436915592577
1019510	17189	1436915631099
846775	175885	1436915776248
846775	431028	1436915776263
974226	185677	1436915799987
732725	358845	1436915900265
366331	174993	1436916259922
119084	206664	1436916663996
1150086	36620	1436916669801
125643	334296	1436916858002
712705	252780	1436917624337
521494	39439	1436918455480
674283	119639	1436919305348
606060	220513	1436919638517
896066	374835	1436920789995
68759	199975	1436921009734
148531	218576	1436921659900
974226	176419	1436921915585
675619	3927	1436922024280
371606	90219	1436922328639
1396162	135388	1436923217812
728219	215868	1436923381205
680865	410143	1436923763007
974226	181102	1436923834039
430234	298560	1436923950463
101747	393562	1436924010487
1219216	241535	1436924187079
515890	273973	1436925397433
515890	444190	1436925397448
515890	350045	1436925397464
964962	87950	1436925522032
233054	351585	1436925720225
952246	427229	1436925977365
371606	428891	1436926236024
371606	208695	1436926813236
951095	170157	1436927157043
951095	65941	1436927284157
1112704	258848	1436928368132
371606	89646	1436929332036
1171776	146615	1436930274563
1166352	319905	1436930638692
428976	132594	1436930763040
236545	156812	1436931212301
236545	379513	1436931212363
773985	235047	1436931673762
252977	145514	1436931896924
145492	464649	1436931953008
401323	213834	1436933498334
401323	445351	1436933498334
136280	37845	1436933700338
422603	9877	1436933917721
422603	99260	1436933917721
394989	164313	1436935758286
394989	173026	1436935758286
394989	390615	1436935758286
301496	461686	1436936307813
301496	187697	1436936307813
301496	360903	1436936307844
854516	445105	1436937592407
702504	374825	1436937621654
767044	27494	1436937641440
738499	84773	1436939065512
1331777	376901	1436939501533
886390	338630	1436941497251
1324500	370651	1436941513187
315490	373836	1436941947400
1336061	181651	1436942241331
191886	213834	1436943396481
191886	445351	1436943396591
514825	80212	1436945146208
823982	257059	1436945898008
748969	291699	1436947842071
1114192	35881	1436960608563
317233	87081	1436967200960
317233	10572	1436967200976
585372	219181	1436967225804
245770	436034	1436969884481
976621	289160	1436971782251
764790	103634	1436972322577
415285	460188	1436972779638
1251841	461686	1436973645760
952246	5677	1436974039257
952246	103961	1436974039273
952246	213834	1436974039273
764790	19789	1436974887351
764790	48130	1436974887507
764790	402462	1436974887507
764790	349318	1436974887507
764790	132633	1436974887523
764790	284414	1436974887523
764790	307117	1436974887539
764790	28789	1436974887635
1116522	448453	1436975311236
1323794	159822	1436975313389
781592	272907	1436975598050
990637	101698	1436976221166
1252037	301188	1436976653945
1150086	65941	1436977264096
418115	365889	1436977660579
757355	115368	1436977752247
1297062	31239	1436977838002
838154	4430	1436977886660
1192245	437973	1436978116304
961427	355200	1436978136064
890980	454640	1436978669311
1162584	209225	1436979020331
1297062	99574	1436979074891
764790	200604	1436979212890
764790	196734	1436979213296
890980	92814	1436979264926
757355	243795	1436979578015
1297062	407947	1436979678869
1297062	262980	1436979678901
757355	262815	1436979697530
974226	439963	1436979796326
974226	220513	1436979796326
974226	100898	1436979796326
974226	402816	1436979796326
974226	151471	1436979796341
974226	12836	1436979796341
974226	128146	1436979796576
974226	207602	1436979796576
974226	131385	1436979796576
974226	108083	1436979796576
974226	338395	1436979796576
974226	463002	1436979796576
974226	46232	1436979796826
974226	257308	1436979796841
974226	358565	1436979796841
974226	246247	1436979796841
974226	228644	1436979796841
974226	279316	1436979796841
974226	409334	1436979797047
974226	208175	1436979797173
974226	116493	1436979797188
974226	167978	1436979797204
974226	114115	1436979797204
757355	166050	1436980422030
890980	2416	1436980831409
705542	444593	1436980913361
944418	286177	1436980920419
884534	144599	1436981703358
405120	265113	1436981866238
1150086	34220	1436982152740
389361	146630	1436982869921
902701	106741	1436982960650
1043498	162472	1436983333120
1297062	237028	1436983474621
890980	421465	1436983527115
1347509	326819	1436983979389
529248	234371	1436984353057
1231446	293719	1436984551293
15218	66083	1436985002122
890980	95354	1436985342519
33889	372941	1436985437416
405190	290146	1436985502323
97480	320526	1436985559644
1344801	102925	1436986332375
320205	252541	1436986822218
890980	113535	1436986968625
995838	365758	1436987105370
995838	225572	1436987105370
995838	85377	1436987105370
537639	76196	1436987185332
72944	237422	1436987943197
757355	248327	1436988065092
1056921	318117	1436988318251
705542	42146	1436988477997
1260481	4001	1436988598550
974226	464783	1436988601243
974226	332005	1436988601259
1296733	281212	1436988897092
1297062	115923	1436988916845
85383	251751	1436989094157
1150086	221614	1436989249461
1057608	126247	1436989311587
418630	307941	1436989324656
418630	318851	1436989324672
200073	130776	1436989863995
200073	17322	1436989864011
1150086	436344	1436990099261
844650	253615	1436990477532
861157	415219	1436990681986
890980	90487	1436991281266
992385	215363	1436991781329
890980	101288	1436992431695
1029355	228392	1436992665256
1295687	296375	1436994064276
315721	167769	1436994135349
890980	81453	1436994657135
780708	419192	1436995366571
1156938	396094	1436995722910
890980	31640	1436995987827
705542	7943	1436996171138
757355	65273	1436996184457
1150086	375450	1436996209168
303100	233767	1436996714263
866191	73852	1436998823757
866191	355391	1436998823757
866191	320185	1436998823804
677771	202825	1436999177010
1085624	113535	1436999197836
1297062	144102	1437000331053
705542	20940	1437000730392
1297062	248601	1437001851047
974226	190777	1437001944982
1368868	267601	1437002132839
890980	170262	1437002200000
82581	373138	1437002269717
759183	216425	1437002426428
1018423	157217	1437003436333
1018423	162375	1437003436348
890980	435670	1437004991788
469559	146809	1437005190967
1145088	245530	1437005401860
267116	435670	1437005436779
1297062	272324	1437005817786
974226	287536	1437006833842
541997	213834	1437009227480
541997	445351	1437009228294
890980	81104	1437010891596
1111661	393926	1437010988918
1297062	375021	1437011656469
1150086	1976	1437011788719
890980	301843	1437013613944
1350023	338214	1437013670035
389503	109583	1437014056572
275715	266256	1437014123482
805780	174172	1437014350607
80580	322717	1437015644541
347697	317555	1437016710062
677274	398883	1437016748439
1353976	171878	1437016955322
1353976	461686	1437016955322
1353976	117857	1437016955322
403777	51360	1437017725184
616066	86391	1437018341004
745620	461686	1437018800567
438780	414995	1437018907166
438780	202825	1437018907166
438780	292805	1437018907166
438780	442386	1437018907166
438780	228644	1437018907182
438780	215063	1437018907182
438780	286220	1437018907244
438780	320185	1437018907244
417076	270082	1437020320801
818067	189604	1437020340055
999212	74984	1437020991662
648048	461686	1437021071933
648048	335088	1437021071933
711810	251396	1437021246674
1365849	347549	1437022221886
216984	388897	1437022276809
1387958	69689	1437022754968
408063	24136	1437023250990
408063	90822	1437023684934
1184602	98467	1437023792042
254328	131794	1437024763698
254328	201849	1437024763713
254328	178176	1437024763729
254328	346067	1437024763729
254328	315237	1437024763885
254328	35403	1437024763901
254328	203444	1437024763901
254328	395656	1437024763916
254328	372252	1437024763979
254328	402529	1437024764088
397573	8627	1437025170219
735490	20218	1437027536029
109670	73322	1437028063003
781972	17478	1437028360678
118071	417927	1437029508131
873285	134764	1437037993671
590095	340749	1437053499793
666517	71779	1437054945597
1168467	318697	1437055504181
1123995	325852	1437057729140
906550	25514	1437059013001
974226	119736	1437059455346
974226	166306	1437059455346
974226	28367	1437059455362
974226	147879	1437059455362
974226	92361	1437059455362
934396	221271	1437059789946
926490	31791	1437062066462
971406	210408	1437062119094
917851	98708	1437062462191
917851	406727	1437062462269
890980	455183	1437062464555
530559	87221	1437064054503
530559	65021	1437064054518
530559	255933	1437064054518
530559	117788	1437064054518
530559	432748	1437064054740
890980	355994	1437064165729
158558	325508	1437064267144
890980	356696	1437064797383
290073	216019	1437065089897
493156	227978	1437065225910
1138326	214820	1437065277710
1138326	177603	1437065277775
1138326	298860	1437065277804
1138326	141035	1437065277804
890980	322619	1437066666036
606605	187549	1437066718452
890980	390934	1437066997826
171174	402580	1437067046493
890980	382419	1437067708067
522428	192245	1437067819667
1260481	443344	1437068061113
482240	385254	1437068226435
1086913	191203	1437068290389
718266	187351	1437068608509
718266	294531	1437068608556
225852	213834	1437068661472
225852	445351	1437068661534
1260481	23250	1437068754881
76913	440560	1437068806570
395684	315543	1437069101211
530559	244819	1437069243852
890980	283776	1437069410783
890980	34868	1437069410798
890980	329587	1437069410814
890980	111436	1437069410830
890980	199279	1437069410830
890980	231313	1437069411004
890980	96441	1437069411004
890980	1510	1437069411004
1336835	434811	1437069424851
1336835	321089	1437069424898
518659	183639	1437069680509
518659	227822	1437069680509
518659	321089	1437069680509
890980	98491	1437069711533
890980	354881	1437070302900
698846	403933	1437071132754
688912	138290	1437071188024
688912	362969	1437071188055
890980	168111	1437071344646
376905	8271	1437072464010
1035750	213834	1437072647689
1035750	445351	1437072647893
1269087	358878	1437073223576
636149	412615	1437073545483
395626	5730	1437073905875
768946	233925	1437074682962
768946	441981	1437074682993
475479	17478	1437074961746
890980	196923	1437075468150
1036016	6973	1437075545236
135738	9199	1437075999349
1150086	352634	1437076027885
789699	385602	1437076030852
533967	355324	1437076047122
1363955	113019	1437076237005
1290796	393207	1437076282388
1290796	340190	1437076282419
488462	461686	1437076526600
1171341	266900	1437076724109
1150086	5675	1437077109599
530559	382419	1437077301909
890980	265082	1437077718638
314683	240742	1437077844560
178888	445351	1437078357183
199473	362068	1437078622651
1090856	78144	1437079055464
890980	48011	1437079172140
1085279	348495	1437079224365
1399144	17163	1437079322224
813175	31768	1437079422416
788475	151873	1437079621559
54524	307443	1437079786864
54524	88831	1437079786957
54524	364789	1437079787035
239362	227790	1437081052742
977751	221290	1437081095916
1151093	445351	1437081183854
611155	338721	1437081389646
1282058	436958	1437081684235
1199413	420960	1437081836014
521488	347641	1437082107249
677329	21163	1437082655720
553252	340794	1437082946919
530559	335592	1437083235697
79721	443344	1437083636610
707002	278872	1437083799145
530559	181315	1437083843688
530559	348160	1437083843688
985513	10384	1437083858910
1150086	457045	1437084071385
530559	377691	1437084208215
1082305	438484	1437084230278
265897	47000	1437084498818
1150086	19833	1437085080265
163083	97441	1437085292282
905132	303573	1437085442743
163083	274756	1437085485672
1062192	120098	1437085670188
1062192	66187	1437085670251
1062192	141240	1437085670251
722312	456489	1437086270702
805780	274443	1437086331358
805780	198784	1437086331420
203851	444190	1437086610928
97675	17798	1437086630712
97675	344616	1437086666342
97675	91547	1437086666342
97675	98633	1437086666342
97675	208884	1437086666342
1178506	463663	1437086719173
530559	355994	1437087169917
1150086	318421	1437087845367
1150086	263765	1437087845367
890980	96675	1437088174144
1099198	387325	1437088184441
1150086	184973	1437088228377
530559	159200	1437088720756
530559	180684	1437088720756
530559	445232	1437092076273
1040321	455629	1437093219128
1040321	434592	1437093219158
530559	357519	1437093851492
530559	34977	1437094650388
530559	232768	1437094650388
128147	259330	1437094813136
128147	167121	1437094813151
530559	48289	1437095057948
63351	312728	1437096375446
1098391	199568	1437097071380
1094021	55364	1437098099851
1094021	233507	1437098099851
583425	136745	1437098824013
974226	380810	1437099378855
974226	367899	1437099378855
974226	59772	1437099378886
974226	49692	1437099378886
974226	94437	1437099379013
974226	207907	1437100726504
1318309	368403	1437100996301
1022432	342777	1437102404926
1084741	247225	1437103764378
1084741	190774	1437103764378
1169792	243247	1437104505313
261325	217605	1437107382870
921696	71380	1437107666793
471670	26228	1437109666938
195911	112782	1437109754847
1086903	268883	1437110152393
1300280	60481	1437111418475
1075444	402871	1437112587731
128066	375118	1437113352010
237865	381613	1437113872157
237865	446645	1437113872157
237865	104116	1437113872188
1146431	65633	1437114075440
1391499	459475	1437114776134
1391499	244250	1437114776150
151476	228287	1437115285997
151476	13825	1437115286013
407882	64026	1437137488162
407882	412906	1437137488162
1357597	286171	1437140592622
465949	444163	1437142235671
232309	222150	1437143209411
232309	321876	1437143209427
232309	23332	1437143209427
232309	294531	1437143209427
722990	96680	1437143361340
722990	56630	1437143361404
1008739	58086	1437146610298
890980	375332	1437146833976
890980	99824	1437147899903
1279737	93558	1437148112372
1279737	326819	1437148112372
917188	2008	1437148269169
1045077	445459	1437149658830
1297062	124478	1437150256056
746666	387373	1437150893231
94071	145403	1437151313482
1067810	295209	1437152607577
4113	231807	1437152885894
890980	212006	1437152892514
210644	132633	1437153056803
210644	284414	1437153056803
210644	307117	1437153056803
210644	402462	1437153056803
1148408	413250	1437153670533
168505	348938	1437155260095
219105	283115	1437155861859
410452	244939	1437155931112
410452	451427	1437155931128
410452	338721	1437155931128
890980	224079	1437156422442
354368	187351	1437156528419
1150086	316753	1437157211999
695198	430267	1437157478736
1297062	280328	1437157808537
935624	64958	1437158498092
681283	301379	1437158936746
1150086	428554	1437160116383
755979	415862	1437161418910
981430	116624	1437161421720
747097	40853	1437162033014
481982	225249	1437162184722
1150086	124214	1437162387318
1222708	192449	1437162484649
1200726	330029	1437162978153
1150086	100282	1437163104265
890980	95933	1437163287780
1150086	441852	1437163655999
27326	178108	1437167386778
1228310	380484	1437168049345
521841	444365	1437168461711
609963	330481	1437168508356
609963	138017	1437168508403
1150086	52371	1437168699797
1166469	72422	1437169337994
1150086	368788	1437169858131
1228172	434289	1437169974577
1228172	213834	1437169974608
890980	123645	1437170130568
1297062	360487	1437170236091
1150086	285400	1437170386510
1271021	317192	1437170410050
1297062	391075	1437170498826
143585	147037	1437170600695
100809	36117	1437170715499
100809	425892	1437170715499
100809	81944	1437170715515
164303	316243	1437171239577
95090	450455	1437171262538
676722	186994	1437171677200
676722	152398	1437171677200
1297062	302066	1437172198719
1297062	260900	1437172198719
1297062	381436	1437172198734
564572	139479	1437172292265
1243262	302066	1437172933502
1243262	260900	1437172933555
334471	167534	1437173045620
334471	163376	1437173045623
334471	164034	1437173045624
930934	256721	1437173402678
1006522	318941	1437173606782
492404	98051	1437173635353
1006522	62737	1437173737202
1006522	374759	1437173913958
890980	312388	1437175006091
1150086	72944	1437175916666
813971	358984	1437175995443
1215257	134108	1437177164852
345160	162046	1437179236337
345160	2828	1437179236342
861356	174189	1437179393442
993905	319196	1437179801600
1297062	204057	1437180061491
1297062	437932	1437180548729
1341849	380815	1437180855592
403958	332065	1437180968565
403958	8140	1437180968627
1297062	82174	1437181186926
1146952	92493	1437181770695
1112178	312728	1437182185376
175771	122941	1437183737793
1216259	264111	1437185164882
610683	116380	1437187545022
702055	218648	1437188149265
993674	272907	1437188893372
783408	296561	1437189193316
791616	104793	1437190142180
1030990	38175	1437192116250
1099348	243247	1437192867950
1062424	356029	1437195703022
1152128	33970	1437195867971
988009	375011	1437195871701
988009	308353	1437196441920
988009	181102	1437196441982
410314	27494	1437196719541
238437	241555	1437197926427
835094	228166	1437200238271
1192236	171815	1437201558730
663166	312728	1437203816022
1307498	25920	1437206345571
1307498	298904	1437206345587
962131	445351	1437237743323
962131	213834	1437237743323
840076	309403	1437238181118
530559	35459	1437239160843
371606	219512	1437239927988
962131	130815	1437240432893
239974	72721	1437240756688
812909	132683	1437240888879
962131	440892	1437241246661
530559	426031	1437241417731
1045445	56269	1437241838991
987857	312216	1437242240964
371606	452194	1437242953458
371606	175749	1437243633771
371606	176648	1437243633786
371606	424506	1437243633786
1361256	140365	1437243870566
358806	437602	1437244573439
530559	278900	1437246255397
1103914	209419	1437246717333
1103914	228613	1437246717333
1103914	16881	1437246717380
530559	127634	1437246777731
540387	330469	1437247337398
264899	346067	1437247901209
962131	84947	1437248341866
1103914	290163	1437248737142
1103914	429598	1437248737189
540789	360825	1437249305675
157882	78494	1437249402448
294027	222333	1437249420021
880959	240262	1437249470740
1214320	412207	1437249718390
96947	68070	1437250052881
1090887	412207	1437250106470
1259989	293850	1437250921022
962131	115258	1437251225220
233038	25298	1437253444490
19500	355994	1437253473501
584224	280058	1437254235027
530559	2463	1437254420100
371606	126644	1437254942658
371606	234033	1437255562125
649448	441668	1437255838071
530559	27926	1437256335922
962131	275625	1437257087571
734350	187026	1437258058888
962131	39959	1437258853575
241145	230099	1437259555824
241145	291609	1437259555824
241145	396265	1437259555824
1078946	380649	1437259775739
1078946	172004	1437259775817
1274778	56441	1437259973341
962131	320130	1437260399716
498233	221317	1437260921748
400271	257040	1437261287224
250139	213834	1437262159340
250139	445351	1437262159387
857188	160815	1437262366728
962131	279905	1437263208217
962131	346088	1437264333294
169436	265760	1437264733884
1187858	263741	1437267071603
962131	103492	1437267200579
962131	11279	1437268095843
962131	13925	1437268095858
74260	42523	1437269822028
471176	291877	1437269990541
390770	248239	1437272652822
1036059	346186	1437279073916
1036059	385708	1437279073978
922581	50564	1437282106885
922581	407460	1437282106885
993282	306086	1437282827628
305404	225770	1437283567210
376440	325310	1437284544808
527144	40702	1437289242082
1167125	237422	1437295490153
116236	48541	1437314827069
1035968	325310	1437319370699
1126685	440691	1437319373251
968159	32581	1437319494318
968159	461686	1437319494318
968159	44329	1437319494333
968159	431940	1437319494380
968159	144706	1437319494427
968159	198041	1437319494443
1304759	441668	1437319649281
36707	88921	1437319876438
716315	240558	1437319952449
716315	227602	1437319952481
225109	325065	1437319999183
907797	374092	1437320107680
1048883	20968	1437320544734
204101	415301	1437321236808
1149471	217605	1437321304012
419612	274460	1437322879032
580297	292869	1437323712733
274886	98198	1437324188118
172132	376671	1437325116646
530559	400321	1437325881509
530559	50626	1437325881509
530559	429704	1437325881509
264190	119433	1437327090313
476780	154925	1437327255462
467595	332175	1437328955711
893541	410389	1437329186990
1333311	342530	1437329400442
240222	294267	1437329598080
371606	463617	1437330191768
371606	213834	1437330191784
940760	413882	1437330422682
371606	413839	1437331072918
950833	257575	1437331374015
265643	153948	1437331480809
1235136	101156	1437332024851
633718	196180	1437332284627
783700	272324	1437332603443
1373207	362191	1437333014329
1260804	37029	1437333708744
371606	360825	1437334314774
1369915	240558	1437334768464
1369915	88098	1437334768480
244468	95933	1437335989851
739473	392020	1437336515460
739473	159822	1437336515460
1350190	138114	1437336727205
1350190	140527	1437336727205
120331	222888	1437336966004
420548	176363	1437337003955
530559	295066	1437338544329
371606	379480	1437339059337
982271	215868	1437339131103
441527	120357	1437339542801
530559	328185	1437339556064
530559	37029	1437339556064
737454	416017	1437339867932
458738	203915	1437340018365
530559	266439	1437340299582
908372	450082	1437340358163
756562	144991	1437341590864
756562	451676	1437341590958
312459	372395	1437341595686
312459	290269	1437341595686
530559	228392	1437342084504
582933	134441	1437342492354
922817	346088	1437342567615
120444	340994	1437342653963
120444	351469	1437342653979
120444	159996	1437342653979
1279866	232889	1437342730370
530559	170671	1437342972308
582933	406021	1437342981887
591869	247601	1437343062354
387037	199	1437344449581
866629	399531	1437345327220
46568	202512	1437345556963
622025	404127	1437347321774
519736	121489	1437347743000
530559	224481	1437347856430
530559	133647	1437347856430
244468	55251	1437347915930
582933	233320	1437349143602
1088103	346088	1437349457494
582933	346088	1437349886720
104434	187026	1437352636391
648175	309821	1437352870661
524682	241450	1437354878438
1210029	338427	1437356733918
1306369	6432	1437357567032
440941	283138	1437357861534
413938	316517	1437360235773
939395	321905	1437360862449
793007	279534	1437363442039
819210	221317	1437364128334
756996	26102	1437365544463
987045	441199	1437366765532
103637	12728	1437366964870
103637	150098	1437366964948
103637	2422	1437366965010
103637	386049	1437366965120
103637	352889	1437366966136
1327847	193272	1437367028115
758359	30959	1437367649532
758359	162643	1437367649594
283621	336842	1437367684384
283621	157644	1437367684384
283621	313902	1437367684384
283621	14059	1437367684462
934208	127123	1437368017493
934208	290146	1437368017493
934208	213834	1437368017573
257291	286939	1437368757995
57499	432357	1437369702743
840031	128147	1437369887983
634736	21551	1437370355971
662475	65719	1437371271131
662475	1590	1437371271131
1379388	341702	1437371897194
1244337	291217	1437371996941
1177847	29659	1437372352076
692959	65719	1437372665893
1058710	300315	1437372673993
716315	197455	1437373994638
1398811	386518	1437376193408
806014	161354	1437376440442
806014	450276	1437376440504
1237699	227790	1437376986241
295358	129926	1437377471942
543532	127569	1437380019258
1314950	433423	1437390356337
660393	398141	1437392438916
660393	224549	1437392671277
152887	250547	1437394328082
580562	116527	1437396459326
673138	143490	1437401227411
814663	39272	1437402049917
161883	388897	1437403924444
268571	355325	1437403945322
673138	205128	1437404092865
673138	72273	1437404092865
814663	202143	1437404838696
530559	192491	1437406429830
1110523	315387	1437406538555
1110523	72435	1437406538570
582933	289103	1437406563122
389947	424409	1437406591843
801365	222082	1437406686755
982453	463301	1437407488558
982453	373295	1437407488669
530559	373698	1437407522874
1044121	250304	1437408326030
617591	376283	1437409166668
1328538	461686	1437409221829
493213	232780	1437409551303
173056	213423	1437409916216
173056	169962	1437409916216
173056	65218	1437409916232
173056	56823	1437409916263
173056	217278	1437409916263
124269	382787	1437410303983
124269	44888	1437410304202
475479	65091	1437410566640
1305317	296896	1437411000805
1305317	354982	1437411000805
478995	320901	1437411678570
1376763	100282	1437411857842
771838	312276	1437412096810
455557	150547	1437412788465
12506	232085	1437412796016
1053783	88098	1437413214507
1053783	192288	1437413214507
1053783	148102	1437413214507
890980	187026	1437413252948
221211	445457	1437413608414
582933	11279	1437413746886
62656	384302	1437413911609
600485	294325	1437414056256
956343	279534	1437414107417
672855	354881	1437414594825
672855	331937	1437414594888
247247	216647	1437414785699
582933	432357	1437415055454
530559	463617	1437415145856
381345	46232	1437415186993
1123577	220136	1437415275867
530559	342331	1437415347767
261667	373107	1437415350102
1175856	205646	1437415488433
570586	133647	1437415797322
1361256	51118	1437415899326
120601	229071	1437416179275
875557	33777	1437416231303
366464	290999	1437416302179
530559	219609	1437416504926
896347	107238	1437416665770
986730	265113	1437416695028
890980	143046	1437416727197
890980	50648	1437416727244
890980	130865	1437416727290
1201435	254301	1437417319094
582933	459149	1437417354499
728253	304742	1437417428449
890980	225856	1437417517076
1297062	464812	1437417635157
530559	320970	1437417683753
1297062	208000	1437417850146
525397	56349	1437417919998
525397	35158	1437417920029
274980	111572	1437417942587
582933	190463	1437418263063
1297062	337327	1437418327747
1036452	309787	1437418688924
876612	64099	1437419088888
975652	47524	1437419234152
188684	410389	1437419255742
398227	269085	1437419417966
216020	208939	1437419653160
1273262	290146	1437419716408
1014701	360033	1437419819834
1014701	72715	1437419819834
1014701	376151	1437419819834
1014701	57247	1437419819834
1014071	96027	1437420009822
1014071	318420	1437420009822
1014071	35403	1437420009822
1014071	372252	1437420009838
1363173	411886	1437420416356
1342297	277183	1437420556733
861630	146471	1437420747877
861630	42593	1437420747877
1391732	346088	1437421331913
1297062	158314	1437421628863
892646	58719	1437421892998
582933	188177	1437422044987
1338668	354585	1437422337260
582933	66480	1437422584145
267731	278893	1437422645029
354764	233734	1437422922565
1376763	314942	1437422983207
1376763	213834	1437422983207
1376763	445351	1437422983223
805448	289103	1437423312489
1339096	295345	1437423572483
948961	33883	1437423705661
582933	259357	1437423730255
345244	215868	1437423949233
890980	153778	1437424091802
209557	306492	1437424851592
1376763	192251	1437425367920
891942	282622	1437425475956
720020	344527	1437425670941
30438	260217	1437426193167
733771	396938	1437426209476
1297062	130815	1437426416223
1054808	449912	1437426599385
1304217	293946	1437426760320
1376763	76196	1437426974276
1248943	234493	1437427483648
1248943	392548	1437427483648
511086	426116	1437427527646
530559	345448	1437427582760
475479	461091	1437427585766
1241454	177257	1437427611083
947829	403969	1437427908813
890980	393562	1437428246285
582933	15587	1437428894401
1158402	49040	1437428928573
890980	321089	1437429159710
890980	154912	1437429159710
433786	221329	1437429386316
486906	269811	1437429541046
924551	412388	1437429543990
106554	412332	1437429841122
499745	367395	1437430214859
843805	124524	1437430462539
719055	72422	1437430707769
582933	45175	1437430870714
1330816	37029	1437430966269
135153	33912	1437431141804
274064	117699	1437431156292
890980	11279	1437431261280
595844	337198	1437431878311
973195	244833	1437431978831
1051368	190594	1437432168560
379698	384415	1437433125072
582933	449468	1437433231082
302183	226496	1437433427802
1398970	359439	1437433429127
582933	268883	1437433892993
890980	218531	1437434020547
973195	222957	1437434020708
1042434	461686	1437434405355
1042434	14427	1437434405371
1042434	442300	1437434405371
1042434	108924	1437434405371
1042434	250375	1437434405371
1117667	361976	1437434418776
890980	372523	1437434763949
1297062	413865	1437435129662
842357	13783	1437435401935
496313	361805	1437435654040
890980	246366	1437436249320
946197	445106	1437436407342
582933	445351	1437436710267
582933	213834	1437436710267
914636	207430	1437436876706
954086	435808	1437437066939
1297062	73602	1437437294972
586748	88037	1437437536500
416496	312728	1437437676741
955154	48030	1437437685339
416496	64820	1437437750267
416496	266439	1437437862829
1095484	378663	1437437899787
603011	389838	1437438542358
1377165	337632	1437439142115
159030	197962	1437439152638
720666	290999	1437439428277
824842	236266	1437440301779
1297062	291877	1437441156229
1126939	80435	1437441186557
893009	201311	1437442056360
1297062	78729	1437442591498
824335	129279	1437443067314
612711	50671	1437444242726
782163	197455	1437446516279
747251	70801	1437447088761
671765	228644	1437447470101
675209	189265	1437448165392
1019196	250019	1437448189085
895744	123064	1437448842215
558258	383212	1437448944007
468318	350398	1437449530087
515962	299440	1437450696406
331000	434726	1437451649254
823349	459701	1437452849087
943123	292444	1437453357964
1092797	131760	1437453975036
1005330	324833	1437454895690
1005330	5043	1437454895690
530277	251813	1437454992566
1220230	339703	1437455235810
346862	306297	1437455326248
1123575	393956	1437455403663
1123575	389838	1437455403773
74832	319608	1437456414575
1099612	450082	1437458037722
157122	370236	1437458149417
211706	18724	1437458244238
211706	461233	1437458244285
211706	199158	1437458244300
505313	346534	1437463581018
6265	66480	1437468818769
1327853	16771	1437473069473
822168	174419	1437479731373
1209226	320130	1437483841302
396571	264972	1437485578139
396571	254655	1437487209167
396571	299804	1437487209167
102877	268883	1437488212236
1007372	133954	1437488931885
1254762	83952	1437490220368
657414	313857	1437491925972
1150086	190416	1437491970874
757355	79955	1437492035295
813035	423357	1437492315228
813035	365166	1437492315228
813035	238445	1437492315228
410479	405889	1437492529364
1036016	238766	1437493035007
1215287	383785	1437493098661
904351	436034	1437493394087
1141663	358348	1437493725217
627323	351975	1437494022151
548824	176162	1437494114026
1350073	14214	1437494974889
886025	185535	1437495388749
615910	139207	1437495757202
863452	136565	1437495783165
1001901	48030	1437495995179
427583	62737	1437496621819
1190478	99647	1437496808839
758315	381766	1437497026975
1175330	57255	1437497558438
902186	286195	1437497565919
902186	65021	1437497631447
757355	414388	1437497726742
1150086	246090	1437498000005
1150086	418606	1437498633816
416496	143860	1437498896034
416496	216930	1437498975783
824842	56782	1437499273099
62893	25662	1437499355824
824842	50275	1437499442979
530559	329311	1437499515063
987921	140887	1437499834341
1177596	62613	1437499955243
497270	46232	1437500007817
277873	253615	1437500128798
801664	399723	1437500206007
680858	202171	1437500267235
680858	35357	1437500267266
890980	368841	1437501261847
416496	147008	1437501991353
890980	445351	1437502011529
890980	213834	1437502011529
1318447	231352	1437502232683
757355	288846	1437502264328
591430	333025	1437502385351
416882	48030	1437502437205
890980	149767	1437502438860
890980	246532	1437502438860
887520	192931	1437502580605
639450	96375	1437502601471
460668	168367	1437502618642
1112013	253615	1437502754478
1150086	212006	1437502827808
776665	237941	1437503183893
812707	183411	1437503346989
728281	450082	1437503416206
748726	231196	1437503953840
1183717	222172	1437504026827
757355	2641	1437504180615
14618	157770	1437504220636
1131565	166306	1437504499412
757355	362059	1437504729369
1297062	280754	1437504935432
987655	40513	1437505019841
757355	101718	1437505076104
1297062	441907	1437505196575
757355	304920	1437505423340
757355	443190	1437505423512
824071	33993	1437505598615
1150086	240534	1437505936045
858750	107686	1437506253547
1150086	415160	1437506289169
890980	124938	1437506512562
154919	250375	1437506569019
154919	285154	1437506569034
154919	108924	1437506569034
526081	441907	1437506673603
518417	420960	1437506798834
1169625	147770	1437507204410
866327	450082	1437507363681
768946	246149	1437507437070
530559	182407	1437507615797
950881	187208	1437507805991
757355	249448	1437507931922
757355	430340	1437507932003
530559	61203	1437508343170
749945	217605	1437508454896
385857	258810	1437508500738
385857	67175	1437508500754
385857	173313	1437508500754
385857	563	1437508500754
657414	66424	1437508512615
757355	272963	1437508630358
38711	235344	1437508811368
38711	176162	1437508811368
757355	394518	1437510101080
890980	191203	1437510226174
369432	453192	1437510483265
896347	54698	1437511037961
661809	190534	1437511394022
1106288	395596	1437511672149
824842	59004	1437511954366
109926	456850	1437512178855
1350828	244374	1437512266451
906325	187129	1437512926347
890980	104469	1437513071887
544774	193518	1437513976721
890980	5470	1437514355648
908818	405714	1437514398747
1297062	186702	1437514592122
1297062	167126	1437514592122
451676	47024	1437514636363
824842	75490	1437514811526
757355	155079	1437514926201
890980	293946	1437515266775
890980	424193	1437515266775
890980	174265	1437515266807
1102743	139346	1437515313243
1102743	281667	1437515313274
1102743	465522	1437515313289
940070	220066	1437515562160
940070	375246	1437515562222
757355	463693	1437515611813
757355	257990	1437515611813
1206600	435047	1437515852715
577903	226738	1437516649971
577903	51650	1437516649971
1053258	93012	1437516660267
1277748	233936	1437516716369
235498	12609	1437516982720
757355	167769	1437517174118
1165753	164683	1437517351074
684213	326213	1437517369904
684213	61875	1437517369904
530559	263741	1437517729778
1349720	395497	1437518296669
757355	380438	1437518451824
1150086	139515	1437518853134
1098607	380993	1437518910330
757355	21455	1437519404569
904351	437715	1437520644037
914409	107017	1437520834073
914409	361945	1437520834073
914409	226870	1437520834105
914409	351125	1437520834105
914409	274129	1437520834120
914409	128745	1437520834136
914409	157680	1437520834136
914409	180684	1437520834151
111080	379480	1437521107885
1150086	18626	1437521445137
1150086	170894	1437521445137
515962	209734	1437522300406
81638	369112	1437522517712
229841	174882	1437522546768
890980	379953	1437523588943
890980	6786	1437523589006
757355	125440	1437523662778
981266	395596	1437523693661
1054824	197642	1437524127347
1150086	24154	1437524195184
890980	380394	1437524334271
410094	410122	1437524546413
441506	55112	1437524650868
441506	466710	1437524650868
757355	226327	1437524730381
748035	300766	1437525149845
994633	268883	1437525867397
757355	136860	1437526830486
757355	336393	1437527672408
275692	222888	1437527881477
1150086	75873	1437527944891
1150086	148103	1437528447777
893630	52371	1437528735447
1041043	3881	1437528771898
895999	345448	1437528842768
890980	444824	1437529094422
730192	100282	1437529489855
579659	445109	1437529678493
398205	266140	1437529840485
398205	89901	1437529840501
398205	457970	1437529840501
398205	16775	1437529840501
398205	257031	1437529840501
398205	288525	1437529840501
398205	120432	1437529840548
398205	357712	1437529840563
1402116	89001	1437529925606
890980	134191	1437530074846
890980	283573	1437530074846
757355	279585	1437530160449
1177288	52993	1437530273517
1177288	229719	1437530273517
371700	429721	1437530425394
103808	325772	1437530626229
757355	223355	1437530739344
1150086	221900	1437531409490
176153	92361	1437532263053
895230	93926	1437532305591
895230	157187	1437532305591
757355	119736	1437532449086
757355	186702	1437532449086
757355	210137	1437532449102
757355	200537	1437532449102
757355	465951	1437533016796
757355	59050	1437533016905
757355	85334	1437533016905
189473	434688	1437533305969
883121	465522	1437533520695
687602	449391	1437534181345
687602	78268	1437534181361
687602	373380	1437534181361
687602	54698	1437534181361
1030896	17189	1437534265930
986223	14428	1437534681321
986223	158912	1437534681321
1023761	46156	1437535594145
1389243	128745	1437535738014
1218647	213448	1437536719799
1362292	293279	1437536762171
669949	161772	1437537391979
669949	427431	1437537392026
669949	370805	1437537392026
147248	445351	1437538491336
147248	213834	1437538491336
371540	215363	1437538657207
37183	191733	1437540367739
1367269	238677	1437540415021
854879	129279	1437540630367
74280	140248	1437541142202
1113064	130815	1437541312435
273362	312827	1437541326956
227343	243355	1437541568562
442911	388097	1437545160895
766104	303229	1437545218296
778442	282419	1437548142791
387144	287449	1437548682581
387144	28238	1437548682644
981541	153437	1437550422788
283604	334942	1437556766913
126771	334942	1437557262543
488322	263008	1437565146915
488322	20444	1437565147010
488322	75032	1437565147057
680400	419371	1437568867246
1144604	379480	1437569215240
896347	449391	1437569294393
314475	19269	1437573898117
314475	133964	1437574351395
757355	60908	1437578202833
757355	60682	1437578202927
1308653	99610	1437578593075
116458	46660	1437578594392
265295	29196	1437578606890
895999	46156	1437578816536
304883	347105	1437579631185
928951	18717	1437579663082
928951	232172	1437579663129
928951	190254	1437579663145
1133713	17601	1437579768823
61720	23332	1437580119401
73635	126307	1437580153879
45183	43447	1437580316188
1404233	350960	1437580443035
485368	279457	1437580759175
485368	457338	1437580759175
485368	446820	1437580759190
1150086	199026	1437580856016
851296	371228	1437580887804
635351	119736	1437581597705
1150086	179601	1437581635117
530559	62442	1437582268772
1264132	398666	1437582930634
1319777	255708	1437583147249
768923	382419	1437583549408
890980	303161	1437583549909
363924	360922	1437583591799
451822	368841	1437583900539
563081	244834	1437584330237
561543	77365	1437584551724
321851	462188	1437584607162
518659	272976	1437584753245
518659	130226	1437584753292
518659	272770	1437584753339
518659	288078	1437584753370
890980	129279	1437585015530
475479	285696	1437585480515
475479	199026	1437585480515
807730	63102	1437585741250
890980	303229	1437585754771
670011	3675	1437585891355
1215406	332078	1437586085551
1150086	187549	1437586129027
757355	61264	1437586631767
890980	187405	1437587485546
1036936	284312	1437587864470
477826	69783	1437588033621
757355	303842	1437588041139
757355	257115	1437588041170
757355	256181	1437588041201
757355	96394	1437588041201
336757	419231	1437588446542
412781	445351	1437588897685
412781	213834	1437588897685
1307620	279332	1437589289180
387516	103985	1437589522682
1150086	458608	1437589668532
890980	288205	1437590394108
896066	263008	1437590394264
475479	196398	1437590571004
51670	180751	1437590699372
427854	32267	1437590898135
857125	370998	1437590927399
475479	149767	1437591227931
989283	217605	1437591367984
1268600	343828	1437591462068
309843	375118	1437591524360
890980	26210	1437591641058
757355	238925	1437591652855
757355	346971	1437591652917
757355	359990	1437591927154
1191985	290172	1437592064821
821083	77467	1437592135252
821083	189764	1437592135267
1238791	192738	1437592308109
1238791	400397	1437592308124
1238791	325209	1437592308140
1238791	205648	1437592308140
890980	441852	1437592428718
1401744	437342	1437592435581
517019	187934	1437592629670
1230504	339606	1437593071424
757355	355994	1437593959997
570583	248455	1437594155025
1150086	293735	1437594301274
1288048	339703	1437594302071
341900	258293	1437595041866
890980	428433	1437595083038
931020	231907	1437595362696
174972	36370	1437595559740
174972	424193	1437595559740
174972	119433	1437595559850
223493	133907	1437595582264
917005	458489	1437595640540
895969	283115	1437595674261
804846	441852	1437596204374
449371	48030	1437596857747
252258	100282	1437596940291
180776	246532	1437597113619
697830	223355	1437597255836
1317180	314074	1437597256509
523703	180876	1437597934891
523703	288525	1437597934891
33717	236158	1437598133381
492800	212438	1437598344495
641068	248718	1437598690394
757355	138931	1437598710130
518461	224586	1437598973613
893009	155942	1437599001863
1024919	3283	1437599062301
530559	29863	1437599082214
530559	14520	1437599082371
1150086	127722	1437599167648
475479	437122	1437599844451
1376500	449437	1437599912202
1150086	273980	1437600350211
1307375	310207	1437600435190
475479	308967	1437600609806
475479	56782	1437600609822
475479	239774	1437600609822
475479	397954	1437600609822
713553	123175	1437600703628
890980	178355	1437601461051
890980	414127	1437601461192
1150086	98498	1437601741951
890980	80635	1437601878886
757355	149253	1437602084396
667873	435167	1437602282044
430913	183511	1437602308068
430913	414654	1437602308068
430913	83570	1437602308068
430913	233132	1437602308068
475479	444931	1437603214534
475479	145503	1437603214534
398617	248973	1437603221104
374587	145403	1437603349075
757355	209125	1437603717968
1150086	386704	1437603777291
827884	21035	1437604151967
836212	263385	1437604386007
407615	48606	1437604524437
1150086	13417	1437604811462
132882	406382	1437605029989
757355	234255	1437605044571
1366613	197642	1437605287887
664829	238865	1437605538968
1100002	350581	1437605592579
495597	438322	1437605685796
757355	346625	1437606564758
890980	393028	1437606888359
616794	374178	1437607919121
477826	172293	1437607963418
757355	43267	1437608277643
1150086	148446	1437608323062
1150086	89775	1437608323062
477826	69533	1437608582209
169803	351501	1437608677350
530559	308504	1437608724031
1271671	49257	1437608990649
556101	411914	1437609030806
477826	73811	1437609055551
341900	322171	1437609213747
1150086	114070	1437609621045
757355	290172	1437609792050
1058409	345135	1437610342389
477826	389838	1437610437392
757355	33993	1437610573077
597784	296048	1437610854867
597784	394441	1437610854867
597784	42124	1437610854883
1351265	358211	1437611083323
1376763	370615	1437613541606
48820	146422	1437614871836
48820	47126	1437614871867
48820	359573	1437614871883
48820	251040	1437614871883
86810	461091	1437614905557
757355	398883	1437615188803
477826	206919	1437615194946
924176	433649	1437616257428
481437	461686	1437616347561
481437	276864	1437616347561
481437	447067	1437616347577
481437	10572	1437616347608
481437	437607	1437616347624
481437	357529	1437616347624
481437	216152	1437616347639
1376763	73311	1437616618559
31741	10457	1437617742789
31741	50734	1437617742805
602510	181948	1437617927301
48820	384180	1437618016777
48820	10572	1437618016777
48820	341869	1437618016793
48820	146642	1437618016793
48820	23165	1437618016808
48820	382130	1437618016808
48820	357529	1437618016840
1097512	161911	1437618299683
477826	139287	1437618491959
477826	415301	1437620701587
476273	435696	1437621023208
1144904	437128	1437621178937
1172723	65683	1437621304569
374076	201667	1437625095170
763582	546	1437625907758
1251642	373014	1437626044224
1329553	136576	1437627314994
1028187	374698	1437628130883
968098	158448	1437628921829
766244	344308	1437629825301
243070	459835	1437630719134
243070	294773	1437630719149
307797	380993	1437630803007
73963	187018	1437631547727
570175	356024	1437632793983
954716	416017	1437632918192
1376605	168661	1437633147148
414249	238722	1437633725467
1306335	273747	1437636187061
1022503	382054	1437636226696
1384613	176484	1437637171762
1001427	265328	1437652295568
1115891	227880	1437654944028
838113	294242	1437658868387
598451	249504	1437659371448
232636	315405	1437659996177
1168816	186352	1437663902678
1341789	416017	1437664298341
904351	248614	1437664307635
1373164	213544	1437665412369
742163	421094	1437666148285
825557	244458	1437666600034
530559	412447	1437667288509
904351	301721	1437667954251
296575	166122	1437668285675
296575	9199	1437668285690
175801	37029	1437668420113
518659	44561	1437668463111
757355	168927	1437669209443
1019930	342330	1437669587787
370928	299222	1437670009388
400788	329361	1437670099819
1365706	377888	1437670158000
349686	206100	1437670452509
914613	248189	1437670859970
1371510	82377	1437670946591
1235609	426550	1437670980990
884078	288529	1437671072828
418307	180128	1437671586388
917345	180110	1437671830181
917345	94296	1437671830275
639377	52888	1437671882800
3251	97661	1437671935289
175801	409655	1437672260073
1067805	47044	1437672645738
757355	424506	1437672873787
105003	243406	1437673077966
757355	35488	1437673299949
508278	373107	1437673794467
732102	445351	1437673985643
732102	213834	1437673985643
744474	314925	1437674032764
883745	352742	1437674156662
883745	373842	1437674156662
757355	369053	1437674902422
1151581	215868	1437675134347
757355	37029	1437675950140
724521	37029	1437675976197
757355	27802	1437676179424
509444	286195	1437676337453
509444	387451	1437676337500
509444	245985	1437676337500
530559	258901	1437676789011
530559	79097	1437676789011
881999	442612	1437676943285
1380599	248455	1437677039190
757355	146896	1437677308471
1274321	316472	1437677695953
757355	380993	1437677952330
1070249	87930	1437678119208
1070249	304418	1437678119223
1070249	132124	1437678119255
1070249	291210	1437678119255
757355	67154	1437678577058
757355	446705	1437678577074
757355	388673	1437678577074
757355	27494	1437678577074
528531	446705	1437678772707
528531	27494	1437678772723
528531	388673	1437678772739
528531	67154	1437678772739
1336714	294709	1437678888937
565492	278341	1437678913027
565492	397068	1437678913027
565492	441267	1437678913483
565492	351798	1437678913936
565492	174537	1437678913936
565492	335420	1437678914014
565492	3903	1437678914170
565492	154516	1437678914186
894153	461858	1437678996710
703691	445860	1437679112844
175801	394052	1437679432054
125728	178498	1437680380153
125728	305008	1437680380216
125728	372188	1437680380248
896066	176484	1437680436368
757355	316032	1437680479570
175801	294533	1437680840734
757355	405862	1437680898481
757355	346311	1437681194114
1227712	62646	1437681327606
332225	74453	1437681823708
448370	236861	1437682021777
1365706	287309	1437682151674
837952	20098	1437682158640
424955	463118	1437682313023
530559	110370	1437682422807
175801	184879	1437682649092
869542	304920	1437683153125
175801	105933	1437683254121
1099916	49269	1437683879700
1099916	104479	1437683879700
757355	372188	1437684078986
793007	8775	1437684202690
894153	125628	1437684679398
894153	25920	1437684679398
894153	283905	1437684679398
757355	290993	1437685469754
757355	265966	1437686304121
702070	274119	1437686383538
757355	67304	1437686497307
294152	63899	1437686884878
1219375	118697	1437687856529
175801	216019	1437688007997
1274251	346811	1437688505513
154116	172890	1437688782988
154116	406700	1437688783050
866242	86315	1437689408591
424472	153135	1437689726559
424472	441852	1437689726559
424472	421702	1437689726575
424472	213423	1437689726590
899857	248358	1437690221520
1240832	36121	1437690487492
644845	372188	1437690962335
852118	8833	1437691364469
657617	28051	1437691380174
57088	137697	1437691605191
477826	255614	1437691820552
748102	446590	1437692124975
1276445	130022	1437692175370
1150086	424506	1437692283333
781666	295345	1437692726364
904351	413989	1437692769964
672218	171878	1437693206136
672218	461686	1437693206136
672218	431632	1437693206246
672218	158912	1437693206246
982764	290357	1437693367918
477826	391484	1437693485911
477826	248455	1437693485927
1131582	98387	1437693520540
1176032	372188	1437694020175
1150086	73311	1437694120124
477826	152443	1437694531352
879518	92466	1437694709402
1150086	186900	1437694971477
507246	286723	1437695304963
1258888	92271	1437696168487
1376921	223582	1437696851904
530559	285412	1437697058134
559692	340794	1437697523994
1236742	449391	1437700707983
1236742	78268	1437700708236
477826	236533	1437700996954
1150086	300314	1437701315592
1150086	357132	1437701315592
477826	214519	1437701700027
277349	226567	1437703498927
704586	461686	1437703541551
704586	215355	1437703541582
1355819	213356	1437703556496
1032718	416017	1437704311006
505568	146855	1437705093922
505568	219821	1437705093922
932017	157187	1437709837731
1266599	87513	1437710568211
1266599	213834	1437710568211
1141126	130776	1437712433467
628240	213834	1437712588342
628240	445351	1437712588390
291984	8827	1437714361772
890458	461686	1437714695415
1252293	294773	1437716706276
1157108	450587	1437722607376
1169620	228796	1437725065420
1169620	351571	1437725065654
1169620	9659	1437725065795
174972	337327	1437725609302
27695	456056	1437738815109
27695	369112	1437738815738
1227712	29196	1437740949032
1083658	9877	1437744019665
444654	26838	1437747070566
40353	268883	1437747626752
1293259	158123	1437749398334
757355	93020	1437750762168
1150086	357854	1437750892683
1150086	95447	1437751225430
331366	55911	1437752488168
331366	167337	1437752488465
757355	86315	1437752577145
1150086	258148	1437752898902
890980	179601	1437752973430
890980	119736	1437752973446
658138	8724	1437753477659
757355	162139	1437753994158
630195	279316	1437754262533
1403769	90660	1437754776706
890980	245168	1437755444597
1272002	48030	1437755637991
1272002	237422	1437755637991
1150086	176869	1437755967685
395920	295410	1437756041609
861299	89688	1437756058756
34955	234299	1437756354043
682715	190000	1437756474224
1150086	368060	1437756556394
1150086	295537	1437756556441
264653	37029	1437756825986
1037514	72947	1437757843495
1123295	441820	1437758080938
1123295	458009	1437758080953
1123295	80445	1437758080969
1123295	100918	1437758080985
1123295	166480	1437758081032
294255	399192	1437758787856
260032	420960	1437758997126
556459	257534	1437759130351
861299	250019	1437759155126
1150086	117699	1437760093608
158558	46660	1437760197318
861299	14759	1437760349719
608567	248455	1437760392215
1299749	284156	1437760675064
904351	65633	1437760743135
1174383	417464	1437760795024
861299	445105	1437760824875
1104027	169731	1437760848552
1104027	253971	1437760848568
491108	275625	1437761124372
491108	379953	1437761124388
1292449	90806	1437761442536
36682	36620	1437761485897
861299	37029	1437761845866
175801	414654	1437762750902
175801	119736	1437762750902
1385821	170811	1437763261010
1376500	353834	1437763264872
861299	178935	1437763295290
890980	178163	1437763635928
644845	393064	1437763764282
861299	276559	1437764011763
175801	324305	1437764286602
814059	80797	1437764961435
1150086	175610	1437765662773
1150086	449118	1437765662773
1150086	225329	1437765662789
1150086	188754	1437765662804
1150086	171611	1437765662804
175801	438892	1437765830666
237573	309275	1437765874041
780230	98184	1437766255705
861299	50443	1437766537836
1150086	361591	1437766954534
306731	220468	1437767632605
919347	462206	1437767652890
1110929	98078	1437767932167
1110929	273761	1437767932214
1110929	230268	1437767932245
635760	174426	1437768577668
1150086	272324	1437768703137
1028379	383735	1437768721113
163049	252319	1437768955177
175801	57275	1437770522173
861299	354345	1437770536012
1150086	383341	1437771553925
557811	93806	1437772423156
175801	339517	1437772705840
477826	333099	1437774111442
861299	17069	1437774271429
913725	132437	1437774314474
1150086	8122	1437774880962
533153	407952	1437774998627
1150086	164429	1437776012303
861299	382419	1437777343852
861299	46156	1437779479192
861299	28959	1437780903046
861299	131034	1437780903046
1309276	348160	1437781172174
1150086	228644	1437782546923
104560	301020	1437783471217
861299	121595	1437783644032
1119669	318392	1437784315182
477826	110018	1437784404272
1350799	279566	1437785205268
875146	190217	1437785500719
875146	359564	1437785500876
705439	92466	1437787271622
1293619	305954	1437788483965
861299	390934	1437788627719
477826	271351	1437791517184
1129209	364518	1437791872009
54639	326551	1437792379273
648464	450930	1437792497945
990746	161637	1437792805107
215703	66905	1437793877462
131595	48030	1437794594953
892018	215868	1437796396676
597366	134786	1437796884865
466805	256270	1437797292596
563665	357650	1437797747163
1155475	298362	1437799496856
860099	466109	1437799780048
1146291	466109	1437800104333
656253	56100	1437801285745
269813	273118	1437801523992
154352	4117	1437802144085
865938	160441	1437802249533
1203677	347617	1437802492249
1279171	328535	1437803217908
1279171	144962	1437803217942
1279171	71032	1437803217942
10023	23762	1437803832529
10023	51969	1437803832529
757344	325310	1437805955416
927447	373842	1437806609125
766603	33301	1437810381138
766603	8748	1437810381154
766603	88499	1437810381154
1004238	426031	1437810775986
261807	46156	1437819504544
1285472	407706	1437825316931
1038991	110018	1437835430460
1142076	369933	1437838094615
530559	202995	1437838609374
1150086	400998	1437840485819
226251	262815	1437843193332
530559	16158	1437843502153
158720	375160	1437844467339
158720	133224	1437844467401
158720	140527	1437844467401
530559	324195	1437845058678
34825	167986	1437845445525
1150086	464315	1437845468577
1150086	305010	1437846141719
1002419	318781	1437846520737
1002419	245158	1437846520737
951816	37029	1437846623514
1150086	65273	1437848863207
1150086	340794	1437849535212
565903	377635	1437849591764
565903	36229	1437849591907
565903	379493	1437849591938
565903	100726	1437849591938
565903	149735	1437849592063
565903	268052	1437849592078
565903	322219	1437849592094
565903	234414	1437849592094
565903	67889	1437849592110
565903	70148	1437849592221
565903	1267	1437849592236
565903	36676	1437849592252
565903	416102	1437849592268
565903	381187	1437849592268
565903	51275	1437849592283
1150086	305067	1437850377325
1297062	48141	1437850828394
519103	82586	1437850977389
530559	120763	1437851023838
16766	273822	1437851156018
530559	34220	1437854287434
94235	292658	1437854296300
1000583	435837	1437854869023
1295021	259357	1437856030337
1150086	448690	1437856229213
317906	159624	1437856990137
317906	62275	1437856990153
317906	147509	1437856990153
1150086	449582	1437857539774
248599	82229	1437857734181
231047	213834	1437859353308
231047	445351	1437859353323
1100851	176484	1437861320263
530559	445351	1437861664199
1150086	282385	1437861727169
1403465	322887	1437861768997
59776	54089	1437861855355
125998	441668	1437862352953
1150086	40712	1437862516303
982880	240614	1437862692375
530559	465522	1437863818522
530559	312670	1437863818522
530559	345104	1437863818522
530559	408737	1437864519742
1297062	213834	1437865288331
1297062	445351	1437865288331
1203225	461538	1437867542065
999399	448453	1437867725496
634281	257146	1437869761178
1035007	399192	1437870154464
409635	118856	1437871774174
1150086	118780	1437872165967
541552	250858	1437873766211
248599	35317	1437874843991
530559	265326	1437876258502
530559	158194	1437877045589
484459	430267	1437877366910
1292947	175246	1437877564713
1292947	165664	1437877564713
1292947	27412	1437877564744
1292947	10040	1437877564760
1292947	122934	1437877564775
1292947	165817	1437877564775
322871	99601	1437877697960
322871	89250	1437877697960
1220372	306045	1437879252624
1150086	409804	1437879460390
1183236	170811	1437881639134
325188	206000	1437881641306
233297	185535	1437881724058
233297	213834	1437881724058
233297	445351	1437881724058
390022	196693	1437884621920
447235	37424	1437884812797
366742	231810	1437885359382
837377	187602	1437885547408
837377	210786	1437885547455
837377	455708	1437885547455
837377	183899	1437885547471
837377	381527	1437885547471
1025715	241555	1437886058777
351211	51157	1437887910786
351211	167769	1437887910802
757591	85655	1437888010582
757591	375846	1437888895238
522739	233722	1437889037233
522739	336131	1437889037296
522739	176484	1437889037311
1034756	1115	1437889272668
412249	62300	1437889380735
1279582	133907	1437895744378
1076366	294608	1437896326727
1076366	461220	1437896326727
1076366	184826	1437896326774
1157950	256747	1437897275580
448356	346625	1437898887165
94030	101718	1437919584930
94030	439726	1437919584930
94030	125925	1437919584930
94030	222868	1437919584930
861299	72597	1437926686534
1026467	214643	1437927298536
1026467	80284	1437927298536
280750	25514	1437927533764
1249088	416974	1437927577463
477826	427703	1437927900345
414480	427703	1437928214353
1279275	412420	1437928296656
1279275	141240	1437928296734
1279275	31098	1437928296921
1279275	450726	1437928297516
1279275	181673	1437928298127
1279275	123541	1437928300229
1279275	328578	1437928300229
1279275	288078	1437928300245
192511	226016	1437928601059
54960	91105	1437928730534
477826	360922	1437928973780
717862	213834	1437929244066
717862	445351	1437929244144
655539	379660	1437930442413
1150086	296536	1437930449665
413498	459241	1437930869614
477826	345279	1437931056860
741123	129794	1437931136463
212213	332629	1437931543008
483336	461686	1437931647989
483336	40630	1437931648020
1356492	402448	1437931781565
1130689	248455	1437931969630
1150086	152443	1437932279424
934704	228392	1437932304950
379036	416017	1437932587385
1150086	56782	1437933740629
174972	343475	1437934418556
1045212	234261	1437934554097
477826	223003	1437934800274
1150086	388119	1437934973936
146643	417973	1437935028060
146643	170021	1437935774739
231156	62507	1437938321063
298508	406412	1437939524452
365060	31640	1437939891631
742698	445351	1437940204148
742698	213834	1437940204164
298508	173064	1437941054597
1096495	55112	1437941131362
485995	363111	1437941235612
149420	369040	1437942597589
341418	127123	1437943140161
295588	231482	1437943240837
1139658	85929	1437943430886
129708	125751	1437943439330
1324707	348154	1437943843624
477826	370434	1437944954785
602354	94521	1437945070749
613384	461686	1437945557089
613384	124081	1437945557167
613384	320409	1437945557167
1150086	197642	1437946071938
477826	45330	1437946951819
477826	120658	1437946951819
1150086	38272	1437947647386
869275	297053	1437948001858
477826	165080	1437948288746
933885	29539	1437949657802
1367059	238766	1437949773995
1367059	312163	1437949774104
1111213	48030	1437950425736
1207222	422561	1437950731608
1207222	172606	1437950731608
1207222	263501	1437950731608
1150086	88594	1437950764039
771058	358819	1437951090707
660393	322424	1437951281769
1150086	435234	1437951335088
375095	294807	1437953580485
271466	28328	1437953648875
146643	81478	1437955784592
146643	32412	1437955784592
364892	458046	1437955828081
477826	230842	1437956204844
1144503	213834	1437956390601
1144503	445351	1437956390647
111382	232062	1437957013768
1141334	396110	1437957254865
1306236	48030	1437957868884
224855	418693	1437958158905
224855	80435	1437958159016
861299	401285	1437958662740
633658	237935	1437959024322
827595	345279	1437959243600
477826	49257	1437959599395
1150086	261520	1437960460697
90902	296795	1437960788697
667559	428257	1437961204799
783998	87513	1437962296256
458788	35202	1437964465407
1120124	27736	1437964619056
1267748	123664	1437965250048
1064350	345808	1437966072646
1388970	184126	1437966977021
1170737	193828	1437967391167
342540	235047	1437967867873
1159609	363210	1437969804869
1179005	219833	1437970345329
1179005	221561	1437970345345
1179005	358482	1437970345486
1179005	62016	1437970345501
1179005	114070	1437970345658
1179005	409770	1437970345673
1179005	421994	1437970345814
1179005	387570	1437970345861
1179005	297669	1437970345923
1179005	310196	1437970345939
1179005	273652	1437970345954
1179005	437051	1437970345970
1179005	22568	1437970345986
1179005	349348	1437970346001
709484	354881	1437971140393
709484	320081	1437971140393
815560	1664	1437973108866
466227	436748	1437973423325
703221	457064	1437973429072
1104056	289822	1437975065998
905237	303229	1437975676605
1244964	225215	1437975704541
974673	38965	1437976198794
59784	109589	1437977292754
224777	92466	1437977609223
224777	378637	1437977609254
838226	121231	1437977921449
838226	14194	1437977921495
482558	412898	1437977957214
99015	74497	1437978596929
92159	190260	1437981832143
174972	133764	1437988761119
174972	238224	1437988761293
186927	16370	1437992436850
186927	28161	1437992436929
186927	42874	1437992436975
186927	317192	1437992436975
186927	275580	1437992436991
399822	453427	1437996939969
399822	280270	1437996940127
603228	104342	1437997470118
600100	277749	1437999842860
250080	11198	1438006622956
713408	308991	1438007606076
1165533	420960	1438008593395
1270912	77562	1438009072632
861299	386988	1438009584095
943357	251396	1438010430037
825191	344452	1438010466966
1293358	271537	1438011123563
66317	450082	1438011349320
890980	368193	1438011512701
861299	153907	1438011672530
624782	235060	1438011970606
890980	350163	1438012048277
66238	2641	1438012103234
861299	28161	1438012318466
861299	16370	1438012318466
861299	317192	1438012318467
861299	42874	1438012318602
861299	275580	1438012318606
628309	234869	1438012587620
969295	138400	1438012979388
1293358	20098	1438013098336
811838	14027	1438013125958
811838	51875	1438013126006
624786	143027	1438013450388
624786	347383	1438013450497
1293358	150809	1438014066225
1293358	443507	1438014066414
551536	91126	1438014085804
890980	348503	1438015214038
890980	257773	1438015214054
1293358	15587	1438015270228
861299	104848	1438015283931
973973	37029	1438015320567
1263427	362266	1438015800523
890980	56303	1438016438958
1003058	312728	1438017268170
6431	360922	1438017406226
306887	450760	1438017489674
358674	420960	1438017600121
1112013	150133	1438017653906
1112013	112047	1438017653956
1112013	439000	1438017653956
1223450	115696	1438017746562
861299	465522	1438018025952
1122486	148580	1438018256299
489033	287090	1438018436243
1293358	210524	1438018437461
1196748	429765	1438018476905
1293358	260452	1438018804346
890980	334476	1438018834686
861299	332325	1438018915380
530559	440212	1438018995648
530559	188700	1438018995663
831120	180566	1438019111452
200559	435002	1438019261667
861299	16307	1438019596357
861299	107697	1438019596467
861299	458257	1438019596483
200559	286217	1438019725969
530559	58663	1438019939715
890980	244205	1438020298460
1336393	288846	1438020308605
563134	420960	1438020644411
939233	88886	1438020765098
939233	302307	1438020765114
1011731	335144	1438020867614
786017	25865	1438021187745
786017	435047	1438021187760
786017	439424	1438021187807
1076493	161637	1438021395728
861299	238766	1438021420967
831120	373315	1438022048381
920453	123175	1438022177498
1293358	70480	1438022753878
530559	81981	1438022893151
890980	22969	1438023044456
890980	185855	1438023347622
987431	399531	1438024158265
1202977	23789	1438024514582
861299	66405	1438024678579
890980	869	1438024925743
1293358	398489	1438025687753
519945	92602	1438025964093
1293358	420290	1438025977144
1302271	29325	1438026009083
1302271	191803	1438026009099
1302271	282595	1438026009099
336577	424506	1438026659996
797729	445351	1438026731918
797729	213834	1438026731918
861299	184966	1438026763747
890980	132854	1438026820998
536244	312852	1438027252394
861299	421788	1438027328520
892706	325670	1438027343480
721660	275625	1438027350167
890980	144211	1438027353192
1319044	318051	1438027431275
977486	84643	1438027708219
1208148	317744	1438027788800
1208148	388800	1438027788816
1208148	159996	1438027788894
530559	35202	1438027942700
831120	136565	1438028226683
890980	35202	1438028243256
415080	35278	1438028245428
1099905	399031	1438028366073
1293358	231611	1438028428446
726092	337529	1438028491780
726092	250397	1438028491780
214786	167827	1438028525020
76475	61460	1438028707461
118594	296631	1438029003267
890980	157734	1438029123675
1089538	461835	1438029201680
655336	461686	1438029680240
53691	38180	1438029714237
861299	263258	1438029731534
861299	96680	1438029731534
622280	415240	1438029987563
100067	450082	1438030177092
861299	358188	1438030212894
890980	217605	1438030462622
15318	344850	1438030705681
5703	186214	1438030995619
5703	295495	1438030995619
87559	412855	1438031115336
1166108	111511	1438031446714
881948	283740	1438031917002
1241829	414460	1438032392019
861299	102471	1438032402349
861299	379306	1438032402349
861299	82232	1438032402349
861299	203368	1438032402349
890980	465951	1438032721965
1387042	101325	1438032855216
830328	321677	1438033087425
571497	372382	1438033429341
890980	210993	1438033706372
990104	283436	1438034013222
861299	372188	1438034335082
1358038	266553	1438034489214
890980	64881	1438034980333
530559	231482	1438035035355
861299	254477	1438035095825
1363788	116794	1438035897614
404061	26046	1438036345760
1298723	56630	1438036360580
861299	324462	1438036422627
693591	459475	1438036523561
1293358	234255	1438036952458
551053	384213	1438037223837
890980	66737	1438037374899
215049	1035	1438037491793
215049	121634	1438037491793
215049	441345	1438037491825
215049	2966	1438037491840
215049	421548	1438037491887
215049	341129	1438037491903
1327578	56630	1438037734766
1368789	456257	1438037981264
953678	280328	1438037992145
42857	263258	1438038032083
857013	96985	1438038105641
766227	29167	1438038141865
766227	128569	1438038141881
85916	330894	1438038427773
1142434	220498	1438038437195
1377562	452414	1438038815873
564070	381081	1438039000236
368241	404793	1438039374142
1162252	37029	1438040161409
849201	100282	1438040248566
861299	90325	1438040278012
1165723	455305	1438040415825
1283589	234818	1438040511643
1283589	288078	1438040511643
890980	262923	1438041064337
792616	416530	1438041096469
566009	247842	1438041149396
566009	234603	1438041149412
566009	397602	1438041149771
215082	187119	1438041202522
1315473	340960	1438041456485
222475	306297	1438042117030
627932	300315	1438042536731
1254846	440220	1438042704163
1254846	386857	1438042704163
1254846	248766	1438042704163
1254846	79846	1438042704163
532571	260141	1438043488900
1161263	435234	1438043651443
1164136	293304	1438043744427
1293358	100282	1438043904294
1134975	338427	1438044340821
1134975	238766	1438044340868
861299	261150	1438044384560
210349	310599	1438044755739
552247	420960	1438045268059
452649	49676	1438046201451
348985	88886	1438046520795
908805	271515	1438046685849
1383053	297721	1438047424046
1103132	173589	1438047835319
521802	221911	1438048306807
259305	360200	1438049343647
809043	88037	1438049515197
1293358	135004	1438049550906
861299	435160	1438049577355
631140	339464	1438051252237
96196	416530	1438051499073
1281293	286220	1438051700630
1281293	422356	1438051700630
519885	404026	1438052356051
519885	454272	1438052356051
519885	268065	1438052356082
2646	360487	1438052543108
29802	203231	1438053267058
496489	52039	1438053591411
573285	309778	1438053707932
1231193	45330	1438054237913
1231193	40140	1438054237929
60790	135110	1438054386537
1173184	143866	1438054604626
47197	99675	1438054911453
1214388	441668	1438055270423
993355	386869	1438055290725
690336	416530	1438055332304
477566	16790	1438055984791
477566	431276	1438055984791
698640	371585	1438056059114
1160338	46232	1438056337665
9519	416530	1438057501573
1009438	461686	1438058128772
641790	441852	1438060062161
616081	379816	1438060315091
616081	198376	1438060315092
119362	368403	1438060451826
75826	420960	1438060577674
505471	77564	1438060831656
505471	64781	1438060831672
830026	436748	1438061741909
1305891	258012	1438062240427
348579	271537	1438062544921
303412	184909	1438063345162
303412	47940	1438063345178
303412	364328	1438063345225
365194	371794	1438063723995
1209311	405934	1438066125847
815663	244801	1438073290213
775616	46232	1438085518464
775616	409804	1438085518464
73341	254477	1438089686972
1281052	284080	1438093168984
1281052	410355	1438093168984
1281052	217990	1438093169000
1040993	422425	1438094096266
17476	457705	1438094396909
17476	84653	1438094396925
17476	382130	1438094396956
17476	37403	1438094396956
17476	437441	1438094396972
17476	4553	1438094396987
17476	137038	1438094397003
777134	3854	1438095259687
89783	445351	1438096736644
89783	213834	1438096736644
890980	346648	1438097052557
1307687	71637	1438097198672
1307687	248455	1438097198736
1293358	135045	1438097281136
864621	210002	1438097490796
800150	361225	1438098207028
485689	36166	1438098589376
620451	263258	1438098665120
856304	441852	1438098812631
470579	91888	1438099047402
397111	347549	1438099179338
890980	210087	1438099184034
530559	91888	1438099215940
904879	315387	1438099322615
449843	59117	1438099404998
1293358	368260	1438099431247
1127429	234366	1438099717017
1127429	392146	1438099717017
229076	368260	1438099955979
1094597	465751	1438099978833
321766	247950	1438100003538
513593	104116	1438100513541
623466	398445	1438100570992
680488	99675	1438100582227
1311900	441668	1438101108157
267973	389525	1438101374323
657633	414599	1438101427106
890980	73760	1438101611973
861299	276257	1438101615620
33895	244534	1438101706613
530559	293068	1438101785443
1283301	213834	1438101832138
1283301	445351	1438101832154
1283301	390591	1438101832185
699505	130815	1438102096732
1294599	191733	1438102220987
9145	59399	1438102713424
485689	78523	1438103068621
300506	26188	1438103273954
428189	226419	1438103492574
350453	347472	1438103555947
45113	397800	1438103575793
539225	130815	1438103741117
861299	99860	1438103767235
861299	119736	1438103767282
174405	334094	1438103810365
861299	332531	1438103933673
530559	108220	1438104021189
1372660	464346	1438104639459
929159	179526	1438104671566
861299	400077	1438105111291
861299	390645	1438105111291
106626	212006	1438105692181
890980	464731	1438105839095
890980	9877	1438105839095
890980	234177	1438105839110
861299	212917	1438106312982
890980	103492	1438106504826
119389	445459	1438106519134
119389	167827	1438106519181
119389	426619	1438106519197
119389	297931	1438106519197
119389	288525	1438106519197
119389	66073	1438106519197
119389	175610	1438106519197
119389	390167	1438106519244
119389	387504	1438106519259
119389	237413	1438106519259
262357	9877	1438106605810
1125459	259112	1438106744425
861299	340825	1438107345210
320192	58638	1438107531056
890980	268883	1438107541636
885864	92805	1438107608853
1106141	357054	1438107617815
522644	85865	1438108008632
522644	46156	1438108008694
954360	37543	1438108239533
859080	241555	1438108468862
6855	465522	1438108836958
1023087	340825	1438108958866
1293358	409771	1438108974171
597443	189274	1438109764785
79721	371664	1438110031592
44326	99647	1438110103187
890980	6633	1438110153453
383271	90910	1438111930980
131861	196180	1438111932671
861299	126247	1438111946609
861299	399192	1438112089267
1293358	33241	1438112439059
674356	411280	1438112623360
1273306	228392	1438112930261
28797	133224	1438112931907
1293358	26210	1438113061407
314388	37029	1438113128259
76301	186214	1438113690064
602451	95336	1438113708171
393598	250958	1438114178567
532242	183087	1438114837108
823481	257040	1438114882404
103993	16775	1438114965693
1078180	187511	1438115333732
1078180	337162	1438115333732
861299	454265	1438115374275
1312556	27248	1438115452872
982027	136316	1438115673791
861299	94521	1438115738740
553749	315176	1438115813386
646373	192413	1438116637654
890980	339356	1438116645693
137285	445224	1438117072671
418867	260415	1438117146975
418867	192569	1438117147037
710143	19545	1438117247936
861299	143574	1438117481874
890980	258271	1438118465003
890980	241876	1438118465112
890980	301581	1438118465128
890980	402198	1438118465190
890980	422022	1438118465237
861299	345279	1438118551347
313350	392187	1438118720529
770097	263512	1438118951923
530559	219512	1438118985221
919682	168367	1438119232664
1293358	445351	1438120132721
1293358	213834	1438120132721
861299	461835	1438120198067
967462	436854	1438120287071
1295414	103293	1438120409729
1297062	112782	1438120577091
1297062	119736	1438120577091
1293358	314990	1438120615959
530559	412121	1438120620886
539388	370572	1438120990518
861299	94773	1438121102360
70999	235636	1438121259868
70999	239555	1438121259868
1058185	97123	1438121515742
861299	191733	1438121643207
56203	143860	1438121750797
154771	396463	1438121982207
490755	31230	1438122125151
1131152	167769	1438122240476
295384	33912	1438122255123
660789	42641	1438122502139
861299	109583	1438122784697
1293358	412898	1438122922846
1053908	344452	1438123061226
1006067	216019	1438123114608
796083	21970	1438123356787
861299	176363	1438123365716
861299	221794	1438123365716
861299	286731	1438123365732
1352044	379953	1438123728507
1352044	59842	1438123728554
447934	48030	1438123777953
1246823	211418	1438124356189
890980	412207	1438124561701
329044	265625	1438124671333
530559	102026	1438124806611
986748	444124	1438125012147
828727	329522	1438125139075
113634	122231	1438125159566
1357134	187129	1438125493785
1216705	151551	1438125786659
1216705	261377	1438125786659
412298	655	1438125941805
530559	237244	1438126439882
673913	335331	1438126587048
629346	398134	1438126881849
629346	466114	1438126881865
629346	7943	1438126881865
890980	129209	1438127828618
1071627	392315	1438128903727
607518	450237	1438130052402
861299	266553	1438130056546
1293358	363870	1438130536425
861299	39561	1438130663783
1082043	48030	1438130934599
1094188	172894	1438130966532
663210	409804	1438131749653
404945	435047	1438132241534
673557	384213	1438132475934
899857	430984	1438133514545
1326042	338595	1438133629860
173931	9150	1438133927298
1371288	394220	1438134143211
1371288	17379	1438134311128
1135274	325772	1438134892054
1293358	377691	1438135280109
497827	379953	1438135360643
497827	3383	1438135361127
1246259	338515	1438135406229
288362	84773	1438136547846
1300499	345086	1438136928526
1342999	7134	1438136944962
269245	453764	1438137708674
1293358	221900	1438138061649
1293358	152198	1438138061664
1072753	132893	1438139341375
140572	396930	1438139454494
267861	369112	1438140254746
99915	359439	1438140277707
852757	104634	1438141855010
852757	204790	1438141855010
1269166	393055	1438142903743
112257	180018	1438142976443
972071	78268	1438143087754
972071	342816	1438143087754
972071	380212	1438143087770
972071	350384	1438143087770
681609	116624	1438143128963
1120144	226379	1438143289736
1120144	423167	1438143289798
1120144	217605	1438143289798
1011421	315545	1438143465731
1308333	132853	1438143845252
1308333	461686	1438143845252
496310	465522	1438144640901
797872	360809	1438144790775
1280004	323381	1438145335464
419	19278	1438146192695
1074157	274804	1438146230936
1074157	319900	1438146230999
243182	465511	1438146635960
57925	134751	1438147316753
631946	416017	1438148874457
1392423	37029	1438149093504
1392423	213834	1438149093519
1392423	445351	1438149093519
1052861	104560	1438149216564
589227	76196	1438149488873
165843	213834	1438150947496
165843	219442	1438150947496
165843	81986	1438150947511
165843	445351	1438150947527
962368	76196	1438151112557
801091	546	1438151256486
340007	148103	1438152016726
1097026	92466	1438152492262
1097026	133907	1438152492277
71753	158912	1438156302328
1254756	427357	1438173171034
637193	285412	1438173355677
453338	388755	1438174055816
791108	443709	1438174219666
903515	398967	1438175714832
1274505	299222	1438177517529
44566	84619	1438177637892
837197	190000	1438182262569
1293358	336359	1438182818686
1293358	216271	1438184131111
1385073	239020	1438184200163
634973	94521	1438184617623
266610	94521	1438184727757
1385073	58059	1438185412499
1293358	326573	1438185557831
840783	320130	1438185596967
1293358	410122	1438186099662
152357	380196	1438186454879
152357	164345	1438186454879
1385073	62557	1438186477852
1385073	257070	1438186477852
1293358	78494	1438186709474
218648	427380	1438186754966
1293358	48030	1438187062825
218648	29879	1438187095680
871147	416017	1438187167895
1377311	303833	1438187379427
681486	155728	1438187675832
327302	190172	1438188206105
750151	17509	1438188630101
218648	127879	1438188847870
218648	178498	1438188847870
1259062	203231	1438189026079
1259062	293416	1438189026079
1259062	69057	1438189026079
1259062	108753	1438189026079
1259062	63846	1438189026079
272883	41370	1438189130483
272883	253425	1438189130498
272883	237019	1438189130514
272883	30024	1438189130529
1150086	79877	1438189329017
1150086	322489	1438189329017
243939	48030	1438189423720
266350	5351	1438189502034
351199	465751	1438189536452
1384487	188835	1438189879104
1150086	154485	1438190011652
1385073	352230	1438190235302
1385073	93104	1438190235302
1297062	187913	1438191193774
1293358	71483	1438191654530
897140	384302	1438191783164
682534	343267	1438191846706
1385073	136471	1438192396217
1273306	358306	1438192719117
134685	356012	1438192923192
1293358	379457	1438193348636
85658	281812	1438193366145
1347736	345946	1438194116413
1347736	55758	1438194116476
764672	148479	1438194141048
143054	2082	1438194314465
1293358	162046	1438194325222
1293358	277361	1438194325222
1293358	420943	1438194325222
1216705	336437	1438195091466
1385073	266900	1438195212301
1297062	390826	1438195344503
1187853	45622	1438195350912
809818	399569	1438195448966
1119941	463751	1438195583535
1119941	198171	1438195583551
450090	230616	1438195803287
1385073	77148	1438196000712
553132	308283	1438196047733
768946	414805	1438196773214
566245	422425	1438197171573
1293358	138427	1438197321970
1143882	454263	1438197326449
904485	286645	1438197427561
1297062	306285	1438197559315
920018	426566	1438197663520
1349681	84310	1438197686543
218648	48030	1438197786361
1293358	22544	1438197980029
148227	324391	1438198449423
218648	29167	1438198642628
1394933	271324	1438199049010
753155	246610	1438199301149
1150086	445456	1438199319285
681733	89641	1438199802764
1349681	12217	1438199866416
1385073	239006	1438200465983
1319584	253264	1438200466910
95161	40499	1438200541759
604938	230616	1438200545572
1385073	9877	1438200548050
1293358	209577	1438200640149
109721	218329	1438200753557
218648	12217	1438200881638
1275725	51483	1438200899830
581091	422679	1438201097579
28085	201167	1438201123280
731625	455399	1438201449545
273910	140187	1438201493593
273910	17163	1438201493593
1293358	107414	1438201683568
1385073	34683	1438201896738
1385073	181830	1438201896738
476125	409824	1438202409639
1008739	313205	1438202532092
1008739	274599	1438202532139
1168109	10785	1438202549393
1150086	202171	1438202550271
273910	279436	1438203049021
273910	324290	1438203049021
1320689	303833	1438203405603
1175703	35278	1438204162521
1194295	350399	1438204308710
1150086	254101	1438204557335
1180439	268883	1438204677340
1290672	301531	1438204685701
157616	217278	1438204707838
1345403	303715	1438204757452
628764	375150	1438204768045
1113059	366158	1438205032328
1385073	369158	1438205276879
1385073	440066	1438205276879
1220741	376891	1438205563876
1293358	396445	1438206224038
1385073	29196	1438206236639
1297062	427147	1438206299887
1297062	274746	1438206299887
321555	375118	1438206381491
1293358	289057	1438206733341
782178	80554	1438206854682
1150086	126307	1438207812045
78476	204057	1438207848265
320871	1090	1438207989474
1297062	228644	1438208228166
1385073	44795	1438208673869
1293358	230616	1438209013853
375608	92361	1438209348357
1150086	227814	1438209389381
1320689	291605	1438209441421
999378	114342	1438209474021
587734	160441	1438209536168
507994	283916	1438210581884
899836	130815	1438210794223
927429	80242	1438212088284
927429	315571	1438212088288
1293358	190000	1438212327212
600721	130815	1438212816239
81526	458919	1438213045122
30374	107503	1438213093244
1265730	44329	1438213364025
1265730	452301	1438213364167
1265730	121955	1438213364167
1265730	77838	1438213364182
1150086	230757	1438214281143
1150086	22926	1438214526893
385715	461686	1438214560572
840742	10040	1438214691852
1199268	443370	1438215318629
1385073	389118	1438216736722
1385073	227309	1438216736722
1385073	78901	1438216736738
1385073	203086	1438216736738
1385073	142143	1438216736738
1385073	348254	1438216736738
1221063	263258	1438217067764
150651	253574	1438217333707
150651	60479	1438217333707
150651	77100	1438217333707
150651	326609	1438217333707
938243	296585	1438217342832
34923	316753	1438217357646
1297062	104820	1438217750958
1293358	271896	1438217804229
58970	94757	1438218342792
1382441	225318	1438218875245
1382441	436748	1438218875261
1169857	21838	1438219316407
84580	48386	1438220323325
279466	276559	1438220476737
1297062	229177	1438220693686
574650	164813	1438222265262
574650	303715	1438222265262
390022	181689	1438222313925
1293358	176004	1438222889659
1297062	213543	1438222961872
1385073	335351	1438223131843
808985	173617	1438223548632
1297062	411755	1438223579088
1297062	25820	1438223579088
1385073	360922	1438223960548
624259	321706	1438224407666
1101747	98665	1438224797996
1101747	253156	1438224797998
1101747	156897	1438224797999
1101747	83663	1438224798076
1101747	37009	1438224798098
1101747	95598	1438224798106
1101747	158514	1438224798170
966535	400207	1438225473862
158701	99020	1438225821552
1170165	198238	1438225924213
491949	307588	1438225992399
888165	89646	1438226722030
673291	373725	1438227934754
1176366	416017	1438228419774
972071	92466	1438228998812
488858	344723	1438229050345
673618	89143	1438230493863
1256683	366713	1438230507536
1256683	282385	1438230507567
12356	145721	1438230995775
37093	393732	1438231087795
1351812	335719	1438232068589
1351812	134265	1438232068604
1351812	288616	1438232068604
1351812	371551	1438232068620
502408	461686	1438232128819
502408	93092	1438232128828
1099842	372169	1438233209213
1099842	228229	1438233209275
452250	318610	1438233781134
607916	155214	1438234588119
800489	400673	1438235224905
800489	119107	1438235369042
800489	5043	1438235739454
651655	453432	1438238431028
651655	7642	1438238431043
651655	275294	1438238431043
52183	163297	1438238667948
488858	455745	1438238898535
488858	253615	1438238898551
947585	5043	1438239810787
947585	119107	1438239931727
1273697	248601	1438239987273
947585	400673	1438240000866
273814	69407	1438252176167
906134	173617	1438252636324
717396	218770	1438257923629
22998	219839	1438268022516
1150086	175885	1438268747755
1385073	295345	1438269165244
812393	190076	1438269370931
781616	266900	1438269520174
47582	89871	1438269968394
1150086	294242	1438270116991
795274	357564	1438270408872
963337	133907	1438270892519
963337	357111	1438270892529
895999	367249	1438271019974
1385073	234255	1438271304583
1385073	150376	1438271304583
1385073	450835	1438271304708
1385073	377981	1438271304770
1385073	417239	1438271304801
888200	388755	1438271420809
1233041	112047	1438271507876
1233041	89871	1438271507892
650815	95842	1438271834738
1150086	199394	1438272142526
647294	124687	1438272556096
1385073	333566	1438272573205
861299	403123	1438272676174
861299	179013	1438272676190
1385073	272324	1438272843245
1150086	213834	1438272913606
1150086	87513	1438272913606
1034675	112047	1438273022802
1364595	213543	1438273041441
218648	79524	1438273115995
218648	444931	1438273116010
1385073	130815	1438273364476
146458	409804	1438273810856
1385073	379739	1438274054219
602171	256344	1438275792462
1093771	426958	1438275890502
548772	393111	1438275891533
203974	350384	1438275985624
801898	301324	1438275999873
273697	158666	1438276276116
98371	145100	1438276322354
1316484	377007	1438276443362
323691	240970	1438276692945
896347	378862	1438276884593
111209	238911	1438277413340
473357	106741	1438277591741
1328532	128992	1438278167507
530559	278586	1438278519108
1179782	247420	1438278700932
344013	270383	1438278721525
652361	67423	1438278896458
132277	196800	1438279064144
998577	42328	1438279067027
1340286	272324	1438279416591
840427	88553	1438279658218
1202903	164130	1438279742466
1119872	444968	1438279802003
1385073	109583	1438280008575
365832	339829	1438280320817
861299	303161	1438280643024
1042059	109583	1438281633558
96558	171878	1438282039932
1366613	284176	1438282237508
897209	80554	1438282794163
858052	51083	1438284094050
29835	38239	1438284376463
653971	233734	1438284511582
530559	406296	1438284587974
530559	241555	1438284587974
712241	241555	1438284880806
1150086	6913	1438285848956
316850	162139	1438286052048
316850	285948	1438286052048
480933	369619	1438286509910
480933	87336	1438286509926
1385073	250942	1438286825986
530559	450930	1438286834092
1331964	77117	1438287692839
259178	293687	1438287722724
1150086	222196	1438287810750
861299	348361	1438288526341
1385073	307588	1438289046495
122329	230813	1438289202495
1061273	190000	1438289280461
531569	229745	1438289488259
1150086	255285	1438289782667
1032432	461686	1438289818317
1032432	425159	1438289818411
1032432	35608	1438289818458
1032432	13188	1438289818458
1385073	440277	1438290943732
1385073	214630	1438292780388
1385073	229745	1438292780388
1385073	273604	1438292780419
108868	22814	1438293636863
452811	441852	1438295126758
312164	86516	1438295690590
1150086	178797	1438295971509
1150086	214617	1438295971618
1150086	257856	1438295971634
1150086	64881	1438296478796
118926	389158	1438296484671
861299	348303	1438296579112
861299	191746	1438296579112
861299	308441	1438296579128
861299	128816	1438296579128
861299	342823	1438296579128
788871	314201	1438297228687
788871	202825	1438297228687
1150086	219512	1438297247290
1237530	353672	1438297618701
827376	412622	1438298516283
1221887	173365	1438298958135
455136	343468	1438299663385
1173322	224936	1438299673145
450732	139394	1438299988180
450732	402510	1438299988211
239825	144145	1438300226261
829183	176648	1438300579826
1107485	362851	1438300645708
1368742	60052	1438300900951
1150086	114342	1438300994477
1150086	146081	1438301562706
1296388	133907	1438301571495
530559	91249	1438301601836
1333273	244599	1438302152902
1333273	403576	1438302152934
1333273	3712	1438302152949
238300	222744	1438302237538
1074861	379911	1438302420534
1074861	285221	1438302420643
642546	119979	1438303836216
642546	350030	1438303836231
143229	244756	1438303980590
1150086	325652	1438304097185
1150086	272907	1438305263522
761862	309787	1438305619284
1140406	46156	1438306084578
408446	302307	1438306520815
549919	70548	1438307433936
3404	7642	1438308867875
1150086	164828	1438309025654
1150086	120098	1438309025654
471437	104423	1438310938558
34570	76941	1438311280163
298911	241555	1438312215158
1349317	275625	1438312740263
1051319	143866	1438313525178
1051319	248127	1438313525178
273772	327757	1438314114926
273772	214124	1438314115083
273772	184079	1438314115083
1219882	387836	1438315113529
488858	415597	1438316445450
42669	168386	1438316634577
828437	17322	1438317280189
1233406	17322	1438317719613
1115446	312728	1438317722047
1115446	46232	1438317722094
1115446	29196	1438317722157
1115446	98899	1438317722204
1349317	325852	1438318898178
299845	387549	1438320129174
312976	325384	1438324747708
114349	219512	1438325570284
750986	246766	1438328584172
750986	43062	1438328584376
686211	83882	1438331263552
914734	178274	1438332728808
1150086	71836	1438355300593
548772	29167	1438355560300
705542	295537	1438355636411
708329	349876	1438356242814
1008753	410533	1438356908697
861299	411482	1438356991768
855941	235771	1438357730123
1316429	14731	1438357998722
218648	89076	1438358308506
861299	412865	1438358349291
1051054	312728	1438358989163
104866	272969	1438359288212
571497	412672	1438359395179
1051054	463002	1438359416397
1163417	449776	1438359544279
1186376	132074	1438359808126
1194230	257856	1438360118133
427234	134118	1438360397295
189934	461686	1438360889378
331807	248455	1438361135960
1404061	315939	1438361145184
861299	15212	1438361421661
283269	439734	1438362585920
731015	213356	1438362709374
861299	401765	1438362894003
861299	153830	1438362894035
1118015	268883	1438363115138
1143014	340250	1438363883109
896088	401765	1438364101606
896088	153830	1438364101606
130294	426657	1438364486799
861299	20416	1438365712240
572806	350140	1438365888108
1150086	1684	1438366377868
705542	20968	1438367093615
1097216	152236	1438367292547
1097216	109308	1438367292594
1097216	151668	1438367292609
1150086	29220	1438367316821
861299	201207	1438367582903
861299	546	1438367891901
643195	398714	1438368148547
1214988	156656	1438368812585
1214988	390542	1438368812585
1214988	464751	1438368812585
861299	367032	1438369115209
370681	178274	1438369131662
1148299	404793	1438369132443
1206421	279090	1438369232999
446252	172282	1438369585992
534814	187138	1438369802532
861299	248455	1438370290294
1258617	323455	1438370762452
972757	418693	1438370798050
1253966	387836	1438370832344
605517	144535	1438370989761
1150086	61705	1438371049316
828257	271324	1438372457388
252492	351313	1438372471147
257726	259920	1438372700741
257726	57841	1438372700741
861299	90453	1438372942996
1150086	38965	1438372977918
218648	234255	1438373051591
511161	54875	1438373223808
32596	430113	1438373706127
1150086	360825	1438373862214
542575	272261	1438374810390
542575	319207	1438374810390
1007671	228314	1438375016197
899006	384823	1438375017107
1099749	194678	1438375193522
1099749	220410	1438375193522
1099749	160671	1438375193522
1288872	17322	1438375621567
1288872	300281	1438375621833
861299	22969	1438376953339
1050575	31640	1438377176570
861299	177121	1438377406113
218648	305813	1438378000365
977158	455183	1438378715029
351730	416017	1438379003950
614685	70548	1438379166219
464410	171878	1438379394829
464410	442300	1438379394829
464410	113712	1438379394845
861299	456602	1438379878779
861299	423672	1438379878794
1150086	19484	1438379879529
218648	446271	1438380441389
1394717	409804	1438380627399
267818	207494	1438380830691
547624	18764	1438381242687
861299	69868	1438381662542
1150086	262186	1438382218138
186223	56630	1438382582584
294377	30308	1438383000230
1150086	312276	1438383321667
861299	167237	1438385454677
1134909	20968	1438385463811
1385870	26634	1438385521540
1137032	248455	1438385550743
621720	32384	1438385917404
861299	434118	1438386148855
861299	302239	1438386945577
211412	220950	1438387697359
211412	131828	1438387697359
1155978	430050	1438388436295
225030	154682	1438388565425
861299	191763	1438389943548
561388	79200	1438390876095
1249456	81033	1438393690520
722657	419980	1438394077271
722657	197791	1438394077286
118200	174923	1438394317466
705542	390799	1438396684285
1338232	122041	1438396775379
1278874	296585	1438397337510
1016212	162038	1438398860213
452009	305656	1438400558942
274515	91888	1438401225340
1013317	210965	1438405710414
1086334	422671	1438407905068
523654	336891	1438410157839
1078266	225856	1438411279717
674837	47043	1438417720100
1297168	464731	1438427818332
230847	22495	1438441237742
308392	309778	1438444400536
815905	159380	1438446202679
815905	447661	1438446202836
1062982	70148	1438446274938
1150086	197422	1438447723318
1229936	226089	1438448855547
1150086	344446	1438449528841
1150086	183814	1438450628452
908786	222097	1438451121037
631757	374759	1438451163431
1150086	56303	1438451690475
705542	546	1438451902649
1150086	76477	1438452783584
1293358	367647	1438453022199
1151882	321089	1438454073893
1396315	165650	1438454142090
366382	1377	1438454549159
1293358	456005	1438454576628
324620	332078	1438454680177
1150086	242035	1438454893146
705542	426947	1438456129517
110412	461686	1438456574534
110412	171878	1438456574566
137613	248455	1438456963450
868475	236266	1438456984483
705542	428646	1438457799201
301487	368403	1438457914240
395552	92466	1438458829624
395552	442725	1438458829624
395552	75102	1438458829640
395552	442889	1438458829640
1112769	205158	1438459101291
705542	119298	1438459792635
705542	245005	1438459792635
1324121	359990	1438459941207
804712	324290	1438460524122
1293358	272324	1438461441777
705542	177382	1438464702889
371711	262407	1438466316641
971243	219512	1438466574922
322355	150215	1438467254756
1287860	192237	1438467354224
1150086	281281	1438467726909
1032349	453432	1438469169163
1032349	210985	1438469169195
1032349	275294	1438469169195
643535	276282	1438469279175
1205120	129794	1438469332486
973109	344446	1438470210949
838490	235047	1438470694133
1293358	323381	1438472522816
1293358	340794	1438472522831
705542	11279	1438473803627
1322637	157438	1438473885876
883745	185504	1438473898397
883745	32313	1438473898397
608240	395225	1438474406499
1150086	172063	1438475494728
705542	179601	1438476238688
1293358	129594	1438476608789
240496	248455	1438476849778
290203	374962	1438477098839
750603	11279	1438477636982
224732	164035	1438480770018
179210	48030	1438480846552
593595	360922	1438482905078
1150086	546	1438483322215
760673	400093	1438483447851
760673	29741	1438483447867
364073	113440	1438484176972
1146070	349809	1438484610264
137011	73898	1438484900274
137011	341344	1438484900337
192352	312904	1438488564041
128727	205663	1438492088900
128727	346015	1438492088900
691215	192847	1438492119590
153536	158666	1438493576949
492384	229388	1438493708700
1318304	72721	1438493744445
143361	342331	1438495357833
470176	461686	1438497763418
258107	20968	1438497779240
844369	190000	1438498449221
284767	455183	1438498583689
744454	88446	1438500498722
1310033	16344	1438513347022
1310033	349470	1438513347022
1310033	303229	1438513347022
1310033	23055	1438513347038
1310033	198954	1438513347038
1246009	39773	1438524975036
826275	354153	1438528200300
826275	152501	1438528200347
793038	264777	1438528291662
793038	264286	1438528291700
1054391	235460	1438530083957
1388473	449776	1438530557559
1150086	37068	1438530695855
530559	230554	1438530846932
1380106	9131	1438532760946
1150086	420960	1438534554930
1150086	257655	1438534914822
453995	465211	1438535333493
1150086	368328	1438536614621
813450	248065	1438536865796
1198289	58663	1438537147879
882367	112782	1438537307972
4368	258208	1438537553849
1150086	11279	1438537874823
461468	97661	1438538925437
596678	400093	1438539089976
741488	341482	1438539825528
99569	449391	1438541054544
83748	369908	1438543035053
1005234	406071	1438543076393
429764	48213	1438543346109
1104957	389158	1438545354885
1104957	240160	1438545354885
1104957	390591	1438545355169
1104957	342443	1438545355169
746841	445676	1438546075231
675313	218487	1438546540522
530559	123964	1438547238304
191448	342145	1438547284928
749407	258753	1438548581230
899857	260415	1438548696821
393733	143416	1438548978039
1007724	271812	1438549871033
1007724	227331	1438549871411
1007724	278679	1438549871411
1150086	130709	1438551111639
899781	409923	1438551387528
190037	351435	1438553380001
1150405	432748	1438553465928
1150405	346534	1438553466085
1150405	447661	1438553466085
268239	41932	1438553550073
1194505	250274	1438554036945
1150086	132187	1438554346000
897982	214335	1438554646813
1329874	165348	1438555645849
796470	256952	1438556597892
796470	461686	1438556597892
374477	30990	1438556722574
1150086	60966	1438557159072
381504	176119	1438557532890
530559	11279	1438557949200
1297334	417464	1438559697393
785814	216225	1438559708808
530559	294419	1438559896086
995024	170283	1438560047210
1128088	44402	1438560204358
530559	231726	1438560415029
1159713	66258	1438560500200
432814	436748	1438560772107
18573	44172	1438561173821
18573	416017	1438561173821
18573	315911	1438561173821
1374804	128745	1438561338443
995225	45731	1438562781057
995225	454137	1438562781073
1150086	230911	1438563339819
329963	350384	1438563511275
24409	461765	1438563610305
24409	380302	1438563611228
995225	425527	1438563716235
1150086	396445	1438564805058
1150086	461093	1438566054682
256877	16344	1438568061052
1099801	303715	1438568238411
294706	7943	1438568378879
308421	331244	1438569825542
859654	465751	1438569949673
813796	315543	1438572083150
320142	420731	1438572777501
320142	378901	1438572777517
242861	20092	1438573060436
1067500	46924	1438573514309
355053	350191	1438575952037
244556	297726	1438576191573
205501	148123	1438576736539
751832	272770	1438577089646
1149209	19545	1438577388859
180818	11279	1438577539159
1265536	282506	1438579177352
1013524	351101	1438579256560
852288	115754	1438580027855
532575	546	1438580916675
1076857	30702	1438581531192
1076857	128745	1438581531207
253328	239564	1438581841129
567183	200180	1438582605570
1206962	400093	1438583602472
413313	16344	1438585101588
577054	17478	1438602144350
1238931	70435	1438605520143
899857	245707	1438611151509
128491	9877	1438612321024
487541	241555	1438612427531
1237629	248455	1438615535921
709940	264133	1438616169240
1118705	398042	1438617559599
534914	119267	1438617851275
1145611	318392	1438618371191
676455	447661	1438618602460
1239679	215363	1438618646066
412692	145159	1438619494312
1146790	119736	1438619611512
1146790	69868	1438619611527
1385073	391823	1438620126848
553226	57810	1438620266892
175106	446820	1438620270195
175106	140070	1438620270195
842297	274225	1438620901054
1385073	455006	1438621255192
134360	273041	1438621417190
1385073	259357	1438621609225
1058190	31640	1438622051360
152963	358428	1438622189561
965434	406021	1438622245761
67301	119298	1438622352590
388182	326314	1438622364949
388182	211243	1438622364949
982154	126755	1438622566833
982154	94488	1438622566881
982154	97661	1438622566881
982154	219701	1438622566913
1297062	179601	1438622598727
1305875	218211	1438622698105
488712	428232	1438622730410
965603	62400	1438622829679
1203467	136523	1438623163692
1385073	268883	1438623411722
870243	74264	1438623496921
1148273	168661	1438624162568
152963	244458	1438624252748
1125220	122500	1438624653845
1385073	113440	1438625121435
1297062	232425	1438625414662
891938	301895	1438626366915
1297062	254101	1438626593996
760257	23247	1438626852040
760257	28284	1438626852040
783364	223829	1438626966171
1013883	242156	1438627565782
1013883	234414	1438627565830
1013883	37863	1438627565839
1013883	5206	1438627565845
1013883	149382	1438627565849
1013883	108515	1438627565860
153780	448453	1438627850371
479005	10934	1438628064620
1345272	312129	1438628146110
1345272	80661	1438628146188
1345272	403564	1438628146219
899857	439258	1438628156208
457524	391049	1438628194121
1297062	69730	1438628515838
1297062	105190	1438628515838
1297062	357313	1438628515838
1398978	336668	1438628575184
1398978	330029	1438628575247
1398978	252023	1438628575247
1398978	49405	1438628575262
1398978	8015	1438628575294
1398978	62805	1438628575294
1398978	422327	1438628575325
1398978	38083	1438628575325
1398978	87675	1438628575325
152963	210002	1438628730312
39467	135282	1438629001060
152963	45520	1438629123010
225607	170671	1438629211919
173863	8786	1438629392583
530559	459989	1438629628056
1302340	248455	1438629937085
48245	374092	1438630122546
664721	329857	1438630520761
664721	186673	1438630520761
664721	450020	1438630520761
664721	146303	1438630520761
664721	222082	1438630520761
664721	48968	1438630520761
96640	249469	1438630591787
366509	128745	1438630607364
630627	303573	1438631322063
1385073	456468	1438631470805
1232441	22668	1438631693465
229432	192144	1438631694090
1363631	393111	1438631998993
220481	117352	1438632228565
226999	43267	1438632520360
152963	396853	1438632911677
152963	186702	1438632911677
1297062	9877	1438633920821
316151	413902	1438633921685
550259	25865	1438634089819
550259	435047	1438634089882
550259	439424	1438634089882
818734	315309	1438634142140
1297062	377269	1438634343179
1352763	294438	1438634396804
895999	186540	1438634585804
152963	391049	1438634877821
5061	102209	1438635046848
569471	403238	1438635325974
530559	334432	1438635557029
530559	48997	1438635557029
140884	8651	1438635670669
1052690	441852	1438636063761
446062	91888	1438636636217
428397	389158	1438637067341
889964	275937	1438637326189
1297062	18155	1438637737426
1013810	302792	1438638471962
1013810	286442	1438638472087
1013810	349348	1438638472087
1297062	210002	1438638713721
887459	335641	1438638856740
530559	425521	1438638973006
530559	159822	1438638973006
114403	202762	1438639015747
152963	229225	1438639359826
629576	118914	1438639480070
89882	133472	1438639670598
62602	448690	1438640386626
1385073	414460	1438640704556
1113250	398489	1438640732750
530559	252344	1438641149179
1242328	256432	1438641910294
1165669	236158	1438642564668
1165669	178358	1438642564715
1385073	58638	1438642793914
1297062	322471	1438642857140
240176	32402	1438643763009
144378	324963	1438644150857
1297062	386724	1438644468159
953963	308438	1438644859514
152963	413986	1438644889707
346453	265810	1438645188774
1385073	1956	1438646209391
998938	412404	1438646352962
896347	78759	1438646473641
152963	313163	1438646479202
152963	38394	1438647192720
964794	270950	1438647288320
575295	25	1438647361098
823982	443047	1438648671293
679084	137005	1438649189293
641557	219718	1438649518857
1188331	176484	1438649971507
964794	320130	1438650381400
797295	29605	1438650607883
1150086	268336	1438650709430
326233	303715	1438650882093
964794	465751	1438650921476
927183	213834	1438651519654
927183	346892	1438651519796
152963	231482	1438652066119
147808	55161	1438652361557
192298	156522	1438652737586
1074236	334094	1438653176781
434317	450248	1438653420253
530559	20158	1438653708017
195919	278216	1438654354007
1043181	259487	1438654648685
1043181	229912	1438654648982
729960	298419	1438655185647
729960	406553	1438655185647
729960	425477	1438655185647
729960	143230	1438655185647
862797	212438	1438655263611
130658	432842	1438655395649
325641	140296	1438655598960
1175322	249352	1438657084374
197290	31791	1438657573230
141135	399243	1438657795051
600339	118914	1438657913324
1336747	461686	1438658061142
1336747	10572	1438658061158
1401260	177728	1438658768462
1148075	295846	1438660031397
31645	179526	1438660359774
31645	436004	1438660359946
31645	270383	1438660359977
428022	386758	1438660631336
897565	425705	1438661866433
119827	41169	1438662294527
968156	233200	1438662653757
1064358	39854	1438662818469
927384	110421	1438663104405
656350	294210	1438664183585
253213	111302	1438664442335
329154	261269	1438666481195
283858	33303	1438667889781
271486	92805	1438668374993
271486	256721	1438668375008
300421	56630	1438668581763
828219	6853	1438668967112
1123245	77573	1438670752230
480198	323896	1438674346466
667148	224832	1438676579482
1308763	456986	1438689278322
1308763	361814	1438689278572
360552	367490	1438689913197
981838	291667	1438695100743
253213	328278	1438695105923
533484	379634	1438696315003
173019	193545	1438698494364
1130351	10148	1438698809059
1231186	259357	1438699590358
179362	441265	1438700930458
705542	150236	1438702650703
705542	22347	1438702650703
705542	168367	1438702650719
1293358	349002	1438703291986
1293358	44208	1438703935734
546836	210893	1438703999050
688825	109025	1438705470349
1385073	176923	1438705701759
705542	136329	1438705907259
705542	456056	1438705907384
705542	449559	1438705907384
1385073	75922	1438706251467
1385073	400077	1438706251482
705542	275625	1438706307452
666594	458608	1438706351327
152963	387	1438706439359
1293358	172977	1438706670847
1385073	356743	1438706763582
621720	161613	1438707099241
1293358	57017	1438707343921
1223705	414428	1438707518736
1293358	246117	1438707825834
610841	278100	1438707896666
1013587	246366	1438707984476
1293358	227667	1438708118009
973243	239494	1438708275279
930694	341018	1438708479721
904736	333804	1438708734533
705542	173938	1438708910472
1293141	138816	1438708947421
861299	275625	1438708974344
542156	139725	1438709041610
1187718	463989	1438709543440
818734	408132	1438710298212
818734	110403	1438710298359
145261	388536	1438710349310
145261	201955	1438710349310
861299	40542	1438710374482
180648	457970	1438710634545
622534	26634	1438710655299
831854	170277	1438710774994
895999	135311	1438711179829
1352723	465616	1438711595065
346862	29757	1438711634607
1385073	204790	1438712112697
290246	388461	1438712140978
127452	359910	1438712214830
127452	121835	1438712214893
706050	7943	1438712306788
498856	92466	1438712621093
399094	382848	1438712817519
1385073	439352	1438713192590
1293358	98051	1438713317123
861299	244458	1438714042444
672217	158912	1438714107832
498856	215172	1438714259838
322310	9877	1438714434715
213330	188550	1438714612615
1360837	72435	1438714627111
175709	228083	1438715223855
615132	363044	1438715349933
861299	226647	1438716231294
778118	260426	1438716879453
563104	458019	1438717045050
109184	239073	1438717803797
109184	321379	1438717803797
109184	176399	1438717803813
109184	142162	1438717803813
109184	246636	1438717803813
109184	24089	1438717803813
1343903	31791	1438717927462
902303	425705	1438718238559
688645	327797	1438718542407
800426	454124	1438718797916
800426	250589	1438718797916
1385073	108390	1438719134119
712440	48388	1438719356037
678935	546	1438719602570
152963	463804	1438719613220
969655	73898	1438719816870
1056162	128745	1438720507548
1098035	82278	1438720578549
567340	74009	1438720660378
175940	364166	1438720780273
1385073	217425	1438720816867
860950	22495	1438720907201
1385073	322506	1438721809681
1385073	116624	1438722225875
1385073	265113	1438722499492
1320417	205646	1438722739498
705542	205313	1438723888044
705542	216391	1438723888091
1385073	354176	1438724485712
1385073	272455	1438724485727
1385073	312130	1438724485821
1385073	424512	1438724485837
722406	458608	1438724834318
423185	199931	1438724861966
532641	213738	1438725318402
154559	272263	1438725730419
821982	207136	1438725805999
821982	36119	1438725805999
241356	181315	1438725929621
241356	397949	1438725929637
35623	196484	1438725934781
35623	135864	1438725934797
35623	288525	1438725934813
35623	175142	1438725934813
550370	239538	1438727200977
768875	446849	1438727455220
152963	315919	1438727515484
197491	150215	1438727521459
711733	38965	1438727653320
792479	368314	1438727761949
429169	374759	1438727986160
162313	424265	1438728444885
615132	78729	1438729404846
73819	326974	1438729468464
1407110	360922	1438729885624
553710	27020	1438730215513
615132	168927	1438730390339
214083	302858	1438730640219
152963	104891	1438730998517
615132	162745	1438731493248
152963	434277	1438731604281
142099	116624	1438731659534
94182	461686	1438732060731
152963	277247	1438732076495
152963	372188	1438732076589
615132	155485	1438732115825
600337	358906	1438732234104
69442	30391	1438732398756
615132	19545	1438733057181
374700	427103	1438733213881
88183	4442	1438735213533
72373	461686	1438736284746
666163	66780	1438736761844
939279	448020	1438737236679
939279	400077	1438737236679
458069	178935	1438737753526
1106244	264604	1438737876189
350678	138427	1438737982276
615132	461614	1438738255158
152963	327424	1438738883881
615132	427777	1438739255433
483316	389682	1438740020646
720561	393799	1438740134844
807462	173938	1438740350773
993282	18846	1438740473902
152963	11621	1438741845624
615132	389682	1438741891015
113314	275294	1438742345112
482401	244494	1438744060833
59209	271151	1438744081161
969845	427357	1438744316053
803016	339703	1438744529710
911377	144704	1438744927052
744118	169203	1438745195770
744118	330045	1438745196098
519346	78704	1438745578648
1368970	213695	1438745844141
106381	84310	1438746841604
1269725	354233	1438747324865
825563	347595	1438747362559
1288724	415301	1438747410779
37972	373842	1438748706462
887007	19349	1438748796273
1245726	223582	1438749636570
1046837	138115	1438750856808
42261	162745	1438751057375
795257	73019	1438751716326
425648	349506	1438751749173
119827	20932	1438753238051
1375685	85791	1438753833765
1375685	99117	1438753833796
1375685	317226	1438753833890
1375685	196395	1438753833937
1375685	389950	1438753833968
1375685	266032	1438753834062
516563	308283	1438755739386
516563	388318	1438755739386
1136709	429595	1438758011284
302094	413874	1438761669717
15852	182665	1438762070496
1367706	150215	1438762801131
685665	34250	1438763660281
1318049	91888	1438775675242
1286525	60957	1438776815598
414307	102471	1438783787579
864696	416399	1438785177999
845909	254418	1438786342421
450098	114177	1438787441914
861299	71800	1438788045283
859964	393111	1438788313601
964794	17478	1438788441541
777942	259011	1438788927342
173863	253602	1438789412681
1153564	444190	1438789457200
1153564	398762	1438789457200
1153564	330469	1438789457200
1176924	2455	1438789732976
579349	162745	1438789867528
686262	213954	1438790896942
861299	429765	1438790906836
450966	315158	1438791175756
156674	248455	1438792120019
1183536	59211	1438792250880
926397	128132	1438792417229
137285	163751	1438792987391
964794	461686	1438793615398
964794	258600	1438793615492
964794	279402	1438793615492
705542	215505	1438793906815
705542	338660	1438793906846
705542	116624	1438793906846
780392	461686	1438794044450
780392	417673	1438794044481
530559	247483	1438794197594
954541	375822	1438794828239
542156	401765	1438794835105
964794	9877	1438794881711
530559	245349	1438795120652
1385073	424387	1438795302808
530559	350724	1438795400239
1044986	441852	1438795590854
1126569	118754	1438795770566
17028	258155	1438796011134
1146169	183758	1438796500507
964794	222888	1438796589118
705542	393252	1438796698838
964794	274358	1438796722744
735322	411486	1438796932737
500130	258613	1438796966725
500130	216266	1438796967444
500130	369158	1438796968100
500130	301721	1438796968163
710895	430397	1438797073849
861299	371585	1438797938963
940445	219512	1438798018605
412091	72031	1438798161328
964794	144936	1438798247275
543762	464751	1438798443231
543762	41662	1438798443231
861299	21746	1438798543538
861299	449912	1438798543538
152963	33087	1438798872963
795423	183758	1438799328474
344293	218973	1438799379180
344293	174896	1438799379195
209395	450758	1438800266375
34705	278586	1438800342142
152963	330506	1438800414945
802702	180380	1438800518238
705542	303573	1438800876577
110606	219512	1438801050388
861299	106027	1438801402625
1084018	147807	1438801465239
609294	250019	1438801641530
861299	51792	1438801918950
964794	107020	1438802032740
341179	289043	1438802059188
152963	197561	1438802117999
734226	185346	1438802395854
86005	100431	1438802947493
204328	324694	1438803883745
964794	189764	1438804107462
1149521	175885	1438804299392
1040266	109025	1438804675189
1269810	115284	1438805324443
530559	333792	1438805949460
530559	21013	1438805949460
861299	397692	1438806045259
105552	270081	1438806087160
693975	2455	1438806165510
1192580	450760	1438806307366
250146	171878	1438806721634
250146	218794	1438806721650
250146	461686	1438806721697
152963	45317	1438806735916
861299	350140	1438806951469
861299	363663	1438806951501
861299	352559	1438806951501
861299	337286	1438806951501
861299	130828	1438806951501
861299	103645	1438806951610
634183	196800	1438807188864
861299	22568	1438807781054
794751	363210	1438808262171
1254278	288525	1438808367515
1254278	81944	1438808367515
883093	316255	1438808637292
883093	10516	1438808637292
883093	51969	1438808637292
888469	369040	1438808646530
888469	99688	1438808646546
432335	348620	1438808675852
767178	363285	1438808950454
530559	249247	1438809020180
256821	151508	1438809026638
152963	67719	1438809216626
861299	172282	1438810084091
861299	246838	1438810155758
863203	216044	1438810298597
407086	67486	1438810494592
1307375	392408	1438810573589
775821	225856	1438810765995
884674	119538	1438811265021
246796	217328	1438811474705
246796	444177	1438811474736
107007	378862	1438811517981
861299	23332	1438811738516
152963	98962	1438811845818
152963	212060	1438811845897
152963	383864	1438811845897
1095124	116475	1438811936527
955081	436485	1438812173879
152963	420960	1438812292221
821436	373842	1438812365446
152963	89087	1438812723906
610819	352115	1438813119881
1088211	10966	1438813281654
152963	433305	1438813289423
152963	377868	1438813289470
152963	208820	1438813289470
152963	199348	1438813289533
1271092	380226	1438813315203
163156	146471	1438813372159
173863	322489	1438813426936
1254379	351641	1438813712296
1254379	164121	1438813712358
1254379	415236	1438813712358
1254379	164681	1438813712358
1254379	156436	1438813712390
1254379	142076	1438813712405
355934	4538	1438813928938
1126793	406116	1438814186679
264044	139740	1438814713028
861299	183087	1438814974165
202835	192413	1438815150326
1385073	367514	1438815150659
900715	265872	1438815456293
1044842	349470	1438815693513
1102467	1931	1438816042251
1038646	72435	1438816145292
1112013	73091	1438816261065
861299	119942	1438816367537
1289841	11976	1438816477917
346435	328848	1438816551881
861299	3188	1438816715182
861299	224166	1438816715182
918585	4950	1438817122134
1102311	424506	1438817420135
750808	230616	1438817729405
257462	426550	1438818052719
242654	450082	1438818883215
242654	373823	1438818883262
242654	361142	1438818883277
588708	361956	1438818954701
312233	89688	1438820260024
861299	104116	1438820546064
1385073	78163	1438821458932
152963	421702	1438822415605
443006	393689	1438823219620
460170	241940	1438823982711
219932	118742	1438825232495
861299	167543	1438825733502
745007	372254	1438826326957
1337038	367447	1438826671192
861299	17700	1438827153826
1103783	183758	1438828281122
400794	141755	1438829241472
800138	345086	1438829450544
264810	325310	1438829821179
725007	279087	1438830444816
881061	43022	1438831524311
881061	240558	1438831524327
881061	60330	1438831524343
512281	432925	1438831815447
689266	9877	1438836048956
843284	413874	1438837170542
843284	358348	1438837170557
1009686	417927	1438838543889
1041389	461686	1438838683657
681231	214187	1438838814144
731376	427777	1438839978575
1092403	84310	1438840058097
1398624	174923	1438841007992
624006	137189	1438841230289
771722	457018	1438841862827
1104456	60080	1438842508765
1104456	260966	1438842508843
791551	390591	1438843163825
112578	275434	1438850274619
862608	74570	1438866582787
851095	294351	1438871499627
1255688	220540	1438872364063
1255688	57593	1438872364063
63140	178358	1438872807596
316850	248455	1438873323871
173863	354889	1438874350880
292706	352115	1438874559672
292706	225829	1438874559672
488020	235018	1438874978387
488020	57267	1438874978436
901963	443755	1438875326168
530559	32344	1438875435979
173863	314990	1438876085577
1267084	190814	1438876681811
152963	345613	1438877086587
784049	174815	1438877123918
784049	303828	1438877124059
152963	323578	1438877592583
463366	462206	1438877871939
1064813	310620	1438877941565
530559	317557	1438878290914
530559	444363	1438878290914
832527	339808	1438878292090
152963	407320	1438878482441
702866	255708	1438879277967
754666	338794	1438879534225
152963	295448	1438879831544
1150086	352723	1438879840532
792208	331910	1438879854813
827184	123964	1438880072667
152963	406609	1438880873148
152963	229984	1438880873242
686940	65437	1438881047024
1175782	299113	1438881170094
592330	292538	1438881589284
152963	137787	1438881843647
152963	183068	1438882289495
520459	178274	1438882416034
753438	268883	1438883737788
625091	313714	1438883967815
515719	19349	1438884338876
530559	248455	1438884944474
1404086	457180	1438885030188
1115616	422679	1438885530554
152963	373861	1438886022570
1150086	153574	1438886159013
1150086	391952	1438886545619
1018616	418609	1438886676300
1150086	104634	1438887031564
1005153	420960	1438887143906
152963	207572	1438887860874
530559	29825	1438888240456
530559	190806	1438889073309
964404	377869	1438889751616
1150086	241940	1438889834424
152963	2455	1438889890627
1079932	266900	1438890967403
1079932	308438	1438890967418
1219276	207907	1438891983579
336149	224625	1438892097193
550243	227928	1438892507349
863183	285729	1438892840923
698958	130800	1438892919433
450702	260042	1438893599172
43643	21674	1438894440349
209453	226776	1438894583108
1315056	124478	1438894604006
129198	187132	1438894745580
65737	441852	1438895752501
826958	426947	1438896909363
964767	2455	1438896993909
964767	178355	1438896993925
122598	56570	1438897215408
1069361	424512	1438898256763
781583	456166	1438898888518
181727	130304	1438899074125
1146520	378901	1438899123612
1150086	408172	1438900610525
1150086	123541	1438900610525
673950	461686	1438900648019
1382778	436710	1438902744747
1382778	178250	1438902744762
1382778	69410	1438902744762
100852	4001	1438903700965
1150086	279257	1438904055343
1150086	50648	1438905187107
263746	338794	1438905215301
837657	391472	1438906491356
837657	134767	1438906491356
356571	323381	1438906519698
323896	334047	1438906670761
1150086	127751	1438907072078
242567	147879	1438907214632
699342	231501	1438907697490
261643	461686	1438907970249
334686	150439	1438908121327
334686	453432	1438908121327
334686	364328	1438908121702
817080	322717	1438908360304
1150086	294284	1438909120398
700066	455570	1438909950471
86049	390645	1438910351099
1243262	258901	1438910395949
1243262	290003	1438910395949
828218	158829	1438911171637
647987	397642	1438911432050
1183770	58086	1438914732954
1183770	29196	1438914732954
616066	281544	1438914811993
578528	337698	1438915066316
578528	37029	1438915066316
578528	247908	1438915066316
167101	104891	1438915292326
1126439	222326	1438916540105
17857	152100	1438918657026
432345	247280	1438918871572
1070060	2567	1438919995478
19206	288340	1438920319969
422169	222556	1438920874505
1336078	279332	1438925730814
1340866	86508	1438926207620
1364130	224120	1438926296221
1340866	390591	1438926747735
211130	418211	1438928112672
1084305	48622	1438928312782
602886	172068	1438928666424
602886	461686	1438928666440
1197194	217605	1438929284911
278088	337306	1438929684581
683086	152627	1438932283309
115257	218177	1438932485779
115257	96813	1438932485795
115257	84151	1438932485795
115257	275705	1438932485795
115257	465606	1438932485795
614943	243875	1438933205753
114915	331526	1438933588833
400991	294807	1438940831826
646402	399592	1438949700942
819108	176082	1438950524577
1214074	406121	1438953616883
213865	212917	1438955988374
1313638	79748	1438959568261
615132	128239	1438960677442
836186	149822	1438960896569
144849	332078	1438962376602
152963	375150	1438962515376
144849	406100	1438963229518
144849	268490	1438963229580
152963	214757	1438963871270
346366	302239	1438964121354
173863	138427	1438964568667
1243437	57841	1438964693299
938411	375822	1438964987377
938411	67714	1438964987393
938411	15586	1438964987409
152963	31980	1438965078790
947609	131611	1438965535529
947609	105823	1438965535529
802043	199568	1438965735710
816056	44208	1438965826943
204276	226089	1438965857057
969860	432480	1438966025130
152963	266512	1438967146786
296431	416017	1438967361552
173863	33912	1438967378143
883655	390645	1438967805216
1150086	190398	1438968078453
152963	216930	1438968105491
1331702	240248	1438968524987
761783	264306	1438968625066
1204368	202268	1438969297488
518659	166358	1438969935009
988441	418609	1438970279875
449026	62549	1438970624445
598404	279719	1438970904487
218274	134191	1438970930194
152963	92300	1438971064626
6468	65273	1438971385145
6468	289096	1438971385160
6468	108343	1438971385160
6468	378760	1438971385223
152963	239016	1438971627736
642130	10572	1438971646531
642130	357529	1438971646593
1150086	338461	1438971713396
1229650	183758	1438971820267
709263	446820	1438972000854
705542	331644	1438972540889
1197343	9877	1438973989482
1169689	461686	1438974316235
1169689	171878	1438974316298
1169689	362495	1438974316329
1169689	192043	1438974316376
1169689	266965	1438974316423
1169689	28072	1438974316548
1169689	125275	1438974316611
1169689	124081	1438974316642
1169689	63406	1438974316689
761783	303142	1438974745142
1255966	301462	1438975741546
705542	320130	1438975923332
1365706	155097	1438976254570
1277990	35278	1438976445687
705542	340800	1438976445797
1150086	245158	1438976487556
1150086	236385	1438976487556
1150086	66648	1438976487556
152963	95808	1438976665973
934663	465565	1438977372010
1340231	27127	1438977636504
901880	320130	1438977692839
152963	356668	1438977785997
1365706	365889	1438977863951
359890	145100	1438978288729
171688	363538	1438978618284
152963	427639	1438978803363
793091	351397	1438979062160
1150086	355752	1438979455992
152963	206930	1438980025068
1245733	342642	1438981046836
555329	301634	1438981315989
705542	119736	1438981357745
705542	424186	1438981357745
238199	220678	1438982955349
238199	9877	1438982955396
705542	138834	1438983030443
761783	272152	1438983164569
1150086	137305	1438983592533
502170	318274	1438983621786
1396374	346996	1438983814642
925755	116205	1438984557688
847359	442565	1438984822441
1150086	263182	1438985219061
1071121	439770	1438985638131
187035	388381	1438985922436
187035	322887	1438985922444
1150086	353373	1438986136130
987534	41860	1438986332907
1094034	252031	1438986633394
152963	213306	1438986681847
266892	325310	1438986730842
407522	307588	1438986899627
98492	216425	1438987024310
10685	83168	1438989453710
152963	125831	1438989467092
1210136	396732	1438990357977
359448	207907	1438991416101
152963	164828	1438991935694
875441	259011	1438992065727
1150086	37976	1438992478836
1150086	448044	1438992895335
381045	12720	1438995818704
615132	446476	1438996139044
381045	21529	1438996268120
328055	263188	1438999365669
328055	357583	1438999365669
328055	160034	1438999365669
980166	461686	1439000865471
198045	111052	1439001581818
198045	409770	1439001581818
1071121	374893	1439003481248
176939	374101	1439005774446
701145	194356	1439007250453
802379	257040	1439009350440
539833	8634	1439009700468
808303	96598	1439011837507
937709	297765	1439013149154
379925	257723	1439013910700
379925	280939	1439013910716
410801	345279	1439016883074
1241716	133814	1439020166375
524680	178274	1439041306442
6390	158666	1439046696185
1011481	235047	1439047295089
225043	274051	1439048470812
225043	415833	1439048470843
946363	44590	1439050770261
946363	27127	1439050771355
946363	199857	1439050771511
1069526	176484	1439051601798
1260012	242910	1439053670447
1150086	18265	1439053794751
952791	316351	1439055224838
361066	347617	1439057180504
1211344	454818	1439057591701
1150086	308510	1439060937498
705542	70818	1439062709975
931900	377635	1439063431975
789749	233084	1439063770970
1178073	282820	1439066172822
1178073	188830	1439066173103
1178073	322051	1439066173838
1178073	346598	1439066173916
1178073	46391	1439066173948
1178073	293587	1439066174120
1178073	45190	1439066174135
1178073	254052	1439066174885
1178073	264221	1439066175026
1178073	63074	1439066175092
1178073	188879	1439066175092
1178073	90036	1439066175249
1178073	116514	1439066175249
1178073	90759	1439066175955
1178073	199273	1439066176129
1178073	383910	1439066176146
821737	106741	1439066306722
1150086	283923	1439066505422
24644	38122	1439069407453
1332844	299222	1439074180417
5423	32937	1439075693477
1049610	420518	1439075862795
743101	256270	1439079456340
1385073	130709	1439080259734
1107097	159624	1439084256650
1244340	174489	1439085144700
1360314	174436	1439085204533
1360314	19972	1439085204533
846135	267236	1439085432457
795171	297765	1439087255443
1064358	139978	1439087796305
670220	275469	1439091299366
1369328	356339	1439091896337
1396078	452361	1439092003882
670220	349802	1439092395347
496986	310944	1439094352274
238781	7943	1439095349476
873361	223003	1439096140520
1134753	120990	1439097314663
1237111	23055	1439100204684
1237111	16344	1439100204699
1323498	461686	1439104812183
234593	272455	1439120090085
234593	224110	1439120090683
113137	367490	1439129500242
1152738	125275	1439134692634
99962	228644	1439136051997
1254842	366433	1439137323841
142611	345156	1439138255200
964794	214723	1439138959186
964794	227406	1439139926096
342244	129643	1439140104671
964794	274804	1439140640258
1152738	44329	1439143209122
1139426	345086	1439143586339
1000561	459475	1439144844280
217419	91888	1439145514558
217419	138982	1439145514558
397078	288846	1439145933178
632138	441852	1439148292635
744123	166106	1439149452496
226080	355287	1439150719206
1211924	361463	1439152520184
421133	381766	1439152808979
130492	3566	1439153614453
130492	274051	1439153614461
130492	415833	1439153614480
822325	77573	1439153946492
1127110	256706	1439157592106
507593	139978	1439159837214
594511	138758	1439160887688
1157313	255689	1439161812085
799716	53516	1439162835205
964794	147955	1439162918144
839832	262398	1439163137144
530559	7716	1439163754721
113137	422494	1439164600063
113137	122449	1439164600094
530559	324079	1439165403059
606338	57275	1439167627396
1367544	441852	1439168505665
555251	127331	1439169459799
555251	303912	1439169459799
653076	441852	1439169602598
134407	431417	1439172824127
134407	263338	1439172824205
427353	183361	1439172829691
392507	454818	1439174736365
1083373	386704	1439174855082
541411	94187	1439176606321
138322	196629	1439177271375
743308	48030	1439180307575
705611	408203	1439180491208
200742	239006	1439181673441
594399	336855	1439190431439
360552	122449	1439201183737
25081	74296	1439217538014
346127	168504	1439219101926
346127	296896	1439219102150
346127	465167	1439219102169
1083373	369933	1439220855599
1083373	139706	1439222658460
1003058	156552	1439223192761
1108631	209659	1439223266589
1301279	263792	1439224143557
1301279	173589	1439224143604
1108631	184575	1439225177418
1108631	83995	1439225177449
421656	252068	1439225355628
1106611	72958	1439225673520
242740	390799	1439228190588
1108631	449489	1439229354842
1083373	338127	1439229714627
1033504	10412	1439229741553
56645	178935	1439230061755
109850	329408	1439230077052
1083373	381613	1439230173829
530559	283791	1439230187821
1108631	448727	1439230235467
1172695	432480	1439230364617
412611	254955	1439231816746
412611	256618	1439231816777
412611	445074	1439231816793
412611	283772	1439231816808
412611	450641	1439231816808
412611	374599	1439231816808
412611	335268	1439231816825
412611	224954	1439231816841
412611	419420	1439231816872
412611	108417	1439231816872
412611	98198	1439231816888
412611	440284	1439231816888
412611	380815	1439231816903
412611	278059	1439231816903
412611	259510	1439231816935
412611	157743	1439231816935
1382282	261979	1439232835821
1108631	408203	1439232875746
425356	59873	1439233066463
91913	248630	1439233124503
1150086	354153	1439233633426
336596	15283	1439233938183
1210136	456858	1439233977497
625399	325310	1439234578740
810342	36278	1439235113756
222425	461686	1439235726092
209550	822	1439235824186
1108631	21970	1439235841551
432644	99042	1439235847660
1365706	462592	1439236812528
1083373	200947	1439236994214
1108631	234255	1439237401531
1144517	350743	1439238315127
109662	26634	1439238562308
899857	75555	1439238877919
1083373	422044	1439239055404
1108631	89688	1439239151569
382902	255285	1439239281490
134868	26210	1439240002185
795975	408179	1439240535277
1083373	4553	1439240840394
555265	124055	1439241374908
555265	79056	1439241374908
152963	382317	1439241551527
100198	186933	1439241945575
773947	225585	1439242056446
530559	257040	1439242080135
530559	162046	1439242660174
152963	143929	1439242963265
80635	250015	1439243261484
884923	196923	1439243366795
530559	432152	1439243493407
1083373	264513	1439243606777
852252	139918	1439244011015
795	207825	1439244127846
1112020	197980	1439244188470
642505	48030	1439244318439
1110278	310702	1439245063250
152963	360825	1439246263464
899857	172894	1439246567652
899857	223003	1439246567652
1042727	27216	1439246655101
160369	296217	1439247566969
429035	43743	1439247874012
429035	223582	1439247874028
429035	170262	1439247874028
429035	56100	1439247874090
3171	339976	1439247922334
222411	441852	1439248181038
1403769	73123	1439248183993
152963	73313	1439248619825
899857	280247	1439249296055
1350547	422329	1439249486086
632538	438484	1439251252654
1323187	12836	1439251528934
152963	90487	1439251627947
1242900	32832	1439251855213
152963	439956	1439253638389
641943	444968	1439253684466
555251	150439	1439254979888
1150086	259243	1439256474406
1150086	423248	1439256474437
402224	244010	1439258555979
387521	89044	1439259670472
1150086	93831	1439259862970
122239	426129	1439260098433
291285	11296	1439260773676
866887	195901	1439260783021
132829	335457	1439260858154
541685	76196	1439263570897
528082	130725	1439263686345
774424	448057	1439266047393
952015	391484	1439266659767
871359	219512	1439266705141
1227164	216425	1439267279943
1308898	57810	1439268898668
953853	197723	1439271140761
711118	462206	1439271273220
745504	285995	1439271913459
1166692	372845	1439272225236
1166692	403969	1439272225268
652700	257575	1439273177801
193936	398115	1439278451827
796253	146471	1439279227521
345560	36859	1439279844626
143411	355393	1439282523996
796253	391226	1439298372616
1212071	444190	1439300765561
40024	117075	1439301495419
351661	461686	1439301554504
1189339	161205	1439303807143
1189339	464496	1439303807143
1189339	73421	1439303807159
1189339	311244	1439303807205
588708	48744	1439305187955
970345	422417	1439305517352
152963	408451	1439306010674
1229254	133224	1439306719267
1355275	246610	1439306727792
152963	138661	1439306763914
654496	364762	1439307003539
1232884	195901	1439307414693
384345	368403	1439307783308
931900	298771	1439308422003
1218480	248626	1439308456013
256094	464895	1439309084046
1286090	121017	1439309449685
1126945	131080	1439309487183
765671	30689	1439310132674
856584	88806	1439310179485
856584	57744	1439310179547
856584	214183	1439310179547
839761	316722	1439310538754
50340	8411	1439310667596
1017137	286620	1439310749109
263783	299038	1439311094127
182994	275729	1439311182693
781189	186256	1439311641830
129642	298771	1439312403417
954836	77148	1439312411136
152963	259962	1439312568859
861299	235673	1439312691491
530559	6792	1439312979193
861299	418366	1439313911671
530559	258600	1439313987366
530559	356718	1439313987397
152963	25025	1439314669922
858324	416017	1439314815271
1276617	420960	1439315346267
1217330	271887	1439315808304
1289569	85377	1439316109537
1289569	365758	1439316109943
1289569	225572	1439316110021
906971	259962	1439316785596
213467	1382	1439316912336
931900	13951	1439317267558
780301	235673	1439317633700
981323	138427	1439318039411
861299	382437	1439318227331
737166	302559	1439318465013
406902	234260	1439319420718
152963	55955	1439321239415
1090124	377327	1439321749915
167506	260203	1439321947239
152963	314285	1439322133700
700327	131080	1439322663312
1002107	202268	1439323117011
861299	394974	1439323456677
173863	422494	1439323535389
173863	122449	1439323535405
26032	19912	1439325902846
755636	394678	1439325991421
1354560	118914	1439326578724
214105	310233	1439327198569
214105	275219	1439327198600
931900	456056	1439327288113
931900	219260	1439327288113
152963	410582	1439327503161
1324948	179612	1439327665635
1108631	370037	1439328455385
1108631	119744	1439330273094
152963	54558	1439330657967
200454	23683	1439330893766
152963	458365	1439331242169
856489	334800	1439331692275
348159	390984	1439332236699
486538	100199	1439332409111
861299	457412	1439332839433
1367426	15327	1439333086650
1367426	282528	1439333086650
1367426	458501	1439333086650
1367426	222580	1439333086650
107998	69799	1439333778421
686012	141755	1439334891360
152963	384302	1439334926355
588445	307564	1439335243768
518659	349318	1439335312529
855713	403564	1439335317975
686012	188227	1439335583782
1117312	297726	1439336664358
861299	101617	1439337618841
1108631	66448	1439338781455
861299	448986	1439341131127
295182	420960	1439342519886
686012	321293	1439343344908
904265	466342	1439343964637
281703	461686	1439344665055
530559	114070	1439345588928
530559	265920	1439345588928
530559	157743	1439345589053
530559	56323	1439345787636
863549	371204	1439346908589
863549	7130	1439346908605
492432	382419	1439347319802
1215171	310944	1439351592916
1320394	189356	1439352929855
223972	328548	1439353794608
18424	77640	1439354036102
18424	222697	1439354036102
391281	391189	1439355957157
1183793	106741	1439356576469
751418	377869	1439357992632
1260275	319900	1439360984470
770651	358594	1439383125093
1397653	160116	1439385741880
276034	302433	1439386925850
889526	435618	1439388052777
1196322	377869	1439388660403
132168	378893	1439388872117
283477	306161	1439390522575
283477	123995	1439390522669
283477	260966	1439390522669
283477	281717	1439390522669
1108631	359040	1439392529083
1335601	375157	1439393077403
1385073	322489	1439393252836
1108631	95448	1439393595444
380635	269301	1439393625825
942096	118752	1439393805650
686012	15938	1439394185897
1385073	260257	1439394311512
1108631	279720	1439394366227
465427	378933	1439394481855
1009644	222097	1439395341804
1385073	277490	1439396053661
1385073	119736	1439396053723
186	49029	1439397297040
1071124	62549	1439397753146
1385073	869	1439397971671
1121776	100367	1439398392102
46841	167769	1439398602771
650670	374962	1439398787032
861299	381200	1439398789333
146547	222082	1439398874109
146547	75482	1439398874156
861299	448494	1439399035280
57559	421788	1439399127033
1108631	438484	1439399208710
1385073	355707	1439399420457
1385073	407687	1439399420457
1385073	362191	1439399420472
1385073	205764	1439399420472
861299	270383	1439400002380
740861	45420	1439400114210
686012	49029	1439400131235
518659	235559	1439400243224
518659	315309	1439400243240
518659	372395	1439400243240
518659	196658	1439400243255
518659	336850	1439400243255
518659	267236	1439400243287
518659	202611	1439400243287
518659	326846	1439400243318
956284	16913	1439400303663
1385073	185933	1439400380230
740116	14430	1439400579210
1380719	67811	1439400979545
861299	143778	1439401100731
686012	368403	1439401353606
600025	220202	1439401464648
55599	377691	1439401501709
154503	422679	1439401762489
203017	461686	1439402107526
203017	17724	1439402107558
261694	312728	1439402113844
151138	144648	1439402307127
1052281	257040	1439402415313
692653	15157	1439402551993
692653	302329	1439402552072
264361	274225	1439402718435
1108631	258148	1439402889187
861299	61303	1439403591068
861299	309557	1439404862026
1108631	415640	1439404986585
1044618	220202	1439406757110
451990	22716	1439406805879
1108631	167501	1439406967117
738746	317691	1439407124059
738746	465680	1439407124091
738746	384528	1439407124091
1053581	122604	1439407244278
861299	188736	1439407323962
861299	146325	1439407324025
446985	434652	1439407628737
446985	459475	1439407628737
680026	34695	1439408026839
1385073	184126	1439408339413
1090063	132854	1439409025352
973332	252340	1439409731955
861299	235796	1439410132475
1385073	378593	1439410165045
59604	257040	1439410429796
442771	115631	1439411044130
802281	275469	1439411485274
861299	221900	1439411754927
861299	84475	1439411754943
1365156	333989	1439412533320
530559	450835	1439413023482
491737	77573	1439413240313
697828	419653	1439413669545
535009	257031	1439414292968
686012	289858	1439414393207
880333	9629	1439414723142
463354	461614	1439414908633
708533	244204	1439415001583
902756	168807	1439415439070
902756	335206	1439415439070
902756	243067	1439415439086
846763	333039	1439415744986
846763	447067	1439415744986
846763	28072	1439415745001
846763	10572	1439415745017
846763	322892	1439415745033
429035	288340	1439415916949
429035	302098	1439415916964
429035	415056	1439415916964
429035	242905	1439415916964
429035	211299	1439415916964
429035	65000	1439415916964
861299	267236	1439415958501
1066337	218746	1439416438333
530559	266900	1439416806141
1076167	172103	1439417552920
530559	134992	1439417818922
595826	84310	1439417869382
595826	441852	1439417869382
861299	155188	1439418311034
1082641	14520	1439418473826
1082641	127052	1439418473857
11209	272649	1439418585142
11209	185741	1439418585251
11209	387913	1439418585267
11209	131609	1439418585407
686012	396853	1439418626636
1256293	333039	1439418831238
1256293	10572	1439418831254
1256293	28072	1439418831254
1256293	322892	1439418831285
1212631	260621	1439418957801
246785	390289	1439419155879
246785	64747	1439419155879
246785	155485	1439419155894
246785	43055	1439419155894
246785	206000	1439419155894
246785	233008	1439419155894
246785	91556	1439419155926
955719	162745	1439419207551
1132549	461686	1439419508947
686012	69533	1439419570934
1108631	248455	1439419648917
185971	234255	1439420573199
1047253	327424	1439421423293
48168	56506	1439421493525
1360055	162353	1439421570603
1360055	458096	1439421570650
1360055	32856	1439421570650
775942	65764	1439421578502
879320	337306	1439421641549
44880	123175	1439421656379
1385073	55871	1439422201920
530559	284180	1439422585404
316850	237244	1439422875108
316850	32398	1439422875108
316850	267236	1439422875140
1385073	63543	1439422981215
861299	327424	1439423039892
977791	409186	1439423245386
686012	244717	1439424592025
527903	21035	1439425067284
530559	201429	1439425072479
530559	384892	1439425072635
1363994	355200	1439425869330
301189	257040	1439426353224
1108631	340158	1439426897129
861299	160999	1439427403958
1108631	154638	1439427991005
861299	218817	1439428131289
1108631	156152	1439429814338
616521	432478	1439431326780
726734	421788	1439431771869
432404	42	1439431902653
432404	419468	1439431902653
686012	188228	1439432066860
861299	113764	1439432875407
1329712	125311	1439434192014
747165	114814	1439434289979
686012	152120	1439434825586
1329712	82539	1439435493621
57929	288267	1439435686541
431790	546	1439440285720
367586	322190	1439443070054
651553	123509	1439443657880
188116	368360	1439445451063
188116	83572	1439445451078
188116	172606	1439445451078
188116	79801	1439445451094
188116	443875	1439445451094
989290	158709	1439448694454
359960	315405	1439449355302
1092175	450082	1439450809438
261507	340158	1439451641114
427158	330469	1439451697527
295435	325583	1439452348220
1017798	277673	1439459894091
637412	228392	1439474045850
95059	362851	1439477241692
152963	114913	1439478805197
152963	32313	1439478805197
152963	546	1439479041604
460240	398413	1439479299161
460240	26598	1439479299176
1126569	123175	1439480702698
1150086	342530	1439480803304
782325	244397	1439481091767
218648	119364	1439481529853
701326	348178	1439482109048
1150086	454818	1439482423801
1150086	183511	1439482423910
1150086	130800	1439482423910
543357	311886	1439482541309
726006	350968	1439482590811
218648	20542	1439483125817
834550	133067	1439484425935
1150086	253615	1439484590277
933225	108984	1439484615532
152963	245168	1439484617208
942096	247909	1439484675967
1108631	388974	1439485018122
1108631	464315	1439485018122
686012	119736	1439485453040
686012	288340	1439485453040
218648	111604	1439485932600
1150086	190000	1439485975891
244835	373665	1439486184154
244835	438381	1439486184170
152963	337772	1439486202848
902711	277943	1439486373378
187196	37930	1439486432756
218648	5290	1439486789849
218648	121595	1439486789849
860026	146081	1439486947377
290201	307588	1439487250833
693709	111473	1439487303947
1150086	26086	1439487435121
218648	307588	1439487452710
416702	286165	1439487566742
1165148	211579	1439487698801
1165148	316722	1439487698801
641689	293767	1439487897303
218648	438759	1439488139779
1150086	445676	1439488892767
218648	89464	1439488933780
152963	39773	1439488985204
270464	77742	1439489240403
270464	178112	1439489240403
978968	57548	1439489363905
287996	257040	1439489469536
1110239	104634	1439490180708
534689	261979	1439490915833
279856	186352	1439492025993
1150086	94952	1439492786238
148615	303637	1439493346626
1071499	231482	1439493538725
1150086	308273	1439494141725
218648	354585	1439494338558
1197343	238993	1439494645665
1197343	339032	1439494645697
1197343	20918	1439494645712
1197343	260036	1439494645712
1197343	283492	1439494645759
1197343	107175	1439494645790
1197343	35286	1439494645806
1197343	445041	1439494645806
1197343	460607	1439494645806
1197343	148433	1439494645822
1197343	373700	1439494645855
1197343	384605	1439494645901
1197343	63380	1439494645901
1197343	159042	1439494645901
1197343	224481	1439494645934
1197343	119972	1439494645934
1197343	116446	1439494645965
1197343	172247	1439494646012
1197343	340203	1439494646012
1197343	409530	1439494646028
1197343	172733	1439494646043
797409	182642	1439494821244
1109989	450082	1439495279424
933821	262699	1439497165464
933821	323506	1439497165479
933821	113615	1439497165510
933821	73732	1439497165510
933821	150700	1439497165526
933821	391017	1439497165526
933821	15283	1439497165526
1217291	86555	1439497560561
887451	182785	1439497753666
1108631	113615	1439497868752
951430	222268	1439498141346
797409	122931	1439498197433
797409	450156	1439498197434
519955	46671	1439498251915
1026772	190814	1439498774496
797409	270492	1439498944748
797409	69207	1439498944764
1223007	200214	1439499307424
1135254	59467	1439499371303
700240	218277	1439499620545
797409	328578	1439499716211
797409	352230	1439499716211
675006	372188	1439499728340
700839	343808	1439500044940
797409	144607	1439500500387
842547	159780	1439500926744
1150086	153708	1439502477867
840029	302144	1439503250147
1024334	376800	1439503371176
34519	458803	1439503637492
34519	98178	1439503637492
1129379	223829	1439503811142
797409	359734	1439504198163
797409	125906	1439504198163
797409	81104	1439504198163
247235	285608	1439504895027
195657	180566	1439505097724
817474	139332	1439505607337
817474	284654	1439505607353
797409	435160	1439505943923
201183	157187	1439506502452
1150086	334536	1439507855545
693398	54376	1439508239422
247235	2567	1439508687353
1144306	234255	1439509960105
797409	458946	1439510396427
797409	10864	1439510396427
686012	417594	1439510779502
797409	294242	1439510826751
686012	75509	1439511012757
1126945	190293	1439512579991
1212549	159792	1439512686606
797409	271896	1439514910493
561436	50411	1439516261675
247235	19078	1439517924906
797409	179834	1439518558366
1307820	399192	1439518645689
917853	291643	1439518681810
917853	159792	1439518681857
1063946	8674	1439518692919
701750	35477	1439519550137
1054587	247324	1439520248016
707368	173486	1439520274691
1288717	183068	1439520605565
138458	388097	1439520882479
551147	431197	1439521523923
100894	325623	1439522451646
457246	253072	1439522747392
832580	461686	1439524511610
1084528	287524	1439525076301
621312	10572	1439525229576
533824	151061	1439527443665
381564	310702	1439527510711
209317	461686	1439529052834
939674	444190	1439529310500
68601	20201	1439530105857
868795	56323	1439530676896
392448	330469	1439533083077
960105	65273	1439533508983
986876	213051	1439535163038
485699	161205	1439537924474
204853	303715	1439539609423
608513	251396	1439555339412
212886	217605	1439558424217
259050	323455	1439560333173
72783	17398	1439562714748
226296	328025	1439563016729
1291319	194544	1439564793374
390888	100918	1439566424169
724914	139971	1439566785208
173863	213834	1439566931185
173863	446411	1439566931232
611484	55955	1439567375927
1329523	88536	1439569121141
392296	305656	1439569950128
638573	321668	1439570024596
518659	311405	1439570148871
518659	420890	1439570148871
1370116	406864	1439570515813
1213458	288078	1439570688950
1213458	46655	1439570688950
1327003	234857	1439570815059
242663	107020	1439570980617
530559	62616	1439571084458
530559	283896	1439571084458
191477	461686	1439571831688
191477	266965	1439571831704
306294	418347	1439572978066
247235	206218	1439573432273
191576	251636	1439573628549
244531	149723	1439574080381
23645	250369	1439574495497
1150086	104864	1439574961208
471950	205128	1439575263224
70888	444962	1439575737709
80034	359959	1439576945298
1150086	384212	1439577169738
783405	104560	1439577321488
530559	270534	1439577503836
199033	448494	1439577527899
1364407	441668	1439577708574
889692	71779	1439578360456
412374	123329	1439578490068
772262	240160	1439580226905
772262	320130	1439580226983
247235	255528	1439580508297
818334	119383	1439581001030
530559	55430	1439581752766
1298137	85548	1439582578242
567535	76617	1439582790614
635667	159792	1439583087140
522192	102471	1439583436217
530559	238804	1439584391455
192619	58123	1439585729977
1109812	260881	1439585802941
858324	224295	1439586330539
1124031	165817	1439586382493
1091087	64951	1439587055183
1091087	128147	1439587055183
724334	362868	1439588190518
359044	378593	1439589412245
631078	441535	1439590181816
838194	84997	1439590970290
173863	402187	1439591134401
247235	179601	1439591402030
1128416	384302	1439591637148
77868	460924	1439591939719
51304	426958	1439592116676
247235	455804	1439592838020
778459	212589	1439593282650
530559	315543	1439593513034
1075788	203231	1439593564557
1300254	46671	1439594501166
530559	104468	1439594800521
533357	252566	1439595938222
1150086	188390	1439596279571
899857	218431	1439598482987
953853	63206	1439598794615
159827	380212	1439599741189
703502	26747	1439602058199
172	465522	1439602141230
172	10034	1439602141686
262357	319680	1439602190231
248848	77169	1439603027152
247235	212917	1439604382171
247235	22926	1439605257270
899008	462808	1439605642520
247235	52815	1439607201829
791854	321460	1439607584701
247235	222333	1439607740992
1110822	461686	1439608057805
1110822	67423	1439608057883
1110822	218794	1439608057898
1110822	138543	1439608057914
1243048	94542	1439610420248
1060139	84468	1439611002739
33350	154476	1439612756293
731313	264194	1439613202563
731313	461274	1439613202578
731313	279531	1439613202594
731313	176484	1439613202609
485680	138427	1439619815241
793424	45175	1439623088650
888717	93001	1439623339265
206291	391220	1439624862636
717336	80554	1439627116434
1024873	128051	1439638963181
73306	420565	1439648214637
73306	13119	1439648214713
73306	102399	1439648214724
452149	442131	1439653795079
530559	96233	1439655316942
1150086	268604	1439655772974
1236406	88037	1439656255603
530559	332295	1439656381512
530559	338395	1439656381512
124220	403146	1439656899968
660033	49692	1439657446190
1150086	174815	1439659238789
403492	266900	1439659552020
634017	384302	1439659645134
403492	179496	1439660495604
225936	80965	1439661874325
464410	461686	1439661904692
464410	32581	1439661904739
464410	267491	1439661904754
464410	218794	1439661904754
753494	463930	1439663100424
325833	19	1439663329849
325833	427591	1439663330792
325833	273304	1439663331233
325833	203056	1439663332931
976950	146306	1439663746244
824061	123175	1439663974030
1306382	148103	1439665005900
1150086	152433	1439665312527
1150086	216293	1439665312527
977593	41592	1439665420175
1306382	399531	1439665526557
861299	356644	1439666779109
1145187	164130	1439667820113
530559	5940	1439668816714
1150086	314062	1439671642764
966752	354764	1439671694272
966752	162046	1439671694288
781477	297268	1439672035668
1150086	296375	1439673082208
202080	127631	1439673382649
202080	366691	1439673382775
1150086	140055	1439674882318
743285	261013	1439675766682
1150086	35287	1439676124847
1150086	126332	1439677491801
530559	306590	1439678204782
418973	270383	1439678760317
530559	88904	1439679188070
530559	257410	1439679432843
403492	34355	1439679592116
530559	15828	1439679827488
131371	20659	1439680395609
131371	325521	1439680395609
131371	311405	1439680395625
567651	246864	1439682761982
158701	207825	1439683070615
110905	219205	1439684801783
88182	303190	1439685448965
728266	179290	1439685745723
861299	427725	1439685829488
710299	277746	1439689722340
403492	441852	1439689885406
530559	360905	1439689922541
530559	75510	1439689922541
71689	173065	1439691664141
627760	118914	1439691703106
1238367	229808	1439698183338
780488	328370	1439698253724
1045572	170468	1439698571493
236747	34926	1439699553033
1160346	288387	1439699632347
850561	125084	1439699928116
178281	7943	1439701075389
253371	130221	1439701322318
60025	215363	1439702458005
1125180	251871	1439704230576
231908	255708	1439709978373
513984	167978	1439717588560
513984	194044	1439718168575
640754	145525	1439730939769
326304	114070	1439731062798
1342601	360905	1439732539218
646154	138427	1439734699470
22778	153778	1439734815276
37574	201882	1439735674460
1031618	49466	1439735794914
1095555	153778	1439737604759
1153047	5821	1439739630644
686012	408203	1439740412306
686012	337327	1439740639905
686012	215363	1439741337100
468499	355312	1439741598952
887488	188390	1439742197840
1246703	277689	1439742292693
887488	296581	1439742418456
1397094	184331	1439742637544
686012	46938	1439743518480
628648	301602	1439744815729
787425	339921	1439746391309
784558	76941	1439748051959
247235	213876	1439748416141
17676	278943	1439749249687
1003580	428701	1439749511081
179353	415610	1439751188353
179353	227976	1439751188353
17676	188051	1439751522521
17676	174947	1439752223495
861299	313462	1439752629162
1213250	325601	1439752951609
1143795	248320	1439753504396
1143795	433004	1439753504427
17676	231482	1439753585900
1065320	301788	1439754962982
17676	295184	1439756266719
1344040	215776	1439756557526
1307524	464544	1439757565952
524905	381150	1439758070185
17676	204790	1439758323450
425801	371470	1439759326628
1318053	417927	1439761714742
224248	229504	1439761829168
112253	316976	1439765034403
981327	345994	1439765076593
357740	118914	1439765186858
17676	441852	1439765763736
247235	110583	1439766492117
17676	196659	1439766667998
990276	452628	1439768746478
861299	233203	1439768793661
861299	58804	1439769193360
1110471	141157	1439770481268
791895	153666	1439770739366
861299	153666	1439770941841
793134	34004	1439772020296
1396286	351481	1439772163268
261693	351481	1439772637853
692368	46156	1439772671763
661719	214183	1439773872076
661719	128992	1439773872123
592385	201882	1439774207931
726288	204494	1439774226388
19268	244819	1439774834567
1219705	138427	1439775182986
1031663	431632	1439776339458
1031663	250375	1439776339521
1031663	14427	1439776339536
1031663	422376	1439776339583
1031663	10572	1439776339583
1031663	382152	1439776339724
1031663	248004	1439776339802
1031663	445258	1439776339833
697361	19976	1439776420024
74920	345059	1439776754150
74920	270056	1439776754384
1140064	170823	1439776909716
17676	83103	1439777250670
17676	63543	1439777250670
1203367	213834	1439778112142
1203367	445351	1439778112158
898161	3020	1439778155640
1313473	444190	1439778340365
1313473	300075	1439778340570
1313473	416352	1439778340790
1395578	380313	1439778998325
17676	119267	1439779114217
498657	278216	1439780755980
1241360	8833	1439781325717
806439	455275	1439783013680
887488	19677	1439783704448
130847	371155	1439784588330
1052508	461686	1439785914501
533553	261582	1439786166747
31798	99296	1439789797186
1346024	269300	1439790257878
82759	299667	1439790737039
31798	25688	1439791455987
482752	199975	1439793094156
1181406	302887	1439796044244
1181406	399049	1439796382491
1125860	35682	1439797706923
923418	91888	1439805804202
605245	376834	1439817908224
968652	417927	1439821930943
1082887	445135	1439823508606
1246823	275354	1439823546756
1084338	222888	1439823665040
331925	34532	1439824575357
331925	443344	1439824575403
331925	32649	1439824575403
331925	334401	1439824575403
797409	374698	1439824631417
1048650	126332	1439824955185
218828	293311	1439824986902
1301585	338096	1439825036565
599877	42146	1439826701589
797409	406413	1439827067152
1287568	463868	1439827345310
1150086	29196	1439827547406
650738	285593	1439827572107
17676	125399	1439827899950
17676	459546	1439828367954
1123490	171719	1439828459305
1037330	219512	1439828576925
887488	432152	1439828740463
326595	464998	1439829038930
480203	33087	1439829519388
480203	327712	1439829519388
52305	29196	1439829527647
1150086	320130	1439829562288
1092199	424512	1439829562596
516778	63750	1439829624052
613618	38175	1439830567962
666056	363210	1439831923624
1150086	415810	1439832110121
520238	109786	1439832508948
341353	114070	1439832615225
797409	404591	1439832945736
270248	462070	1439833174418
424884	151228	1439833301141
1150086	364203	1439833605674
1150086	255469	1439833605768
1150086	390380	1439833605768
741539	42819	1439833722306
741539	136587	1439833722306
797409	112828	1439833781432
797409	288425	1439834165996
276016	259487	1439834443018
247235	395749	1439834446318
424759	546	1439834475414
552498	248455	1439834743307
797409	424186	1439835426627
1088068	171719	1439835630443
1150086	57577	1439836171580
1126569	12748	1439836441324
1182324	179733	1439836672530
1214715	460187	1439836954528
1150086	166122	1439837123068
363402	121078	1439837461556
247235	56441	1439837619125
1258035	193488	1439837704357
1258035	400946	1439837704423
565335	196285	1439838131158
1150086	354982	1439838141712
105693	137791	1439838676993
101175	130352	1439838788508
101175	74634	1439838788508
797409	89775	1439839148059
1360087	145403	1439839354560
1003058	179290	1439839362659
1150086	29167	1439840156303
1150086	272152	1439840156396
247235	384302	1439840209704
670282	29167	1439840520261
670282	272152	1439840521058
1248614	350384	1439840589891
797409	413251	1439840957838
1006114	77573	1439841635923
1150086	138427	1439841701893
88427	202933	1439842447176
8043	350384	1439842630774
17676	400568	1439842764848
257912	180751	1439842869510
797409	424506	1439842874968
1150086	244541	1439842916051
303381	105823	1439843262380
967783	461686	1439843414656
967783	10572	1439843414750
1139502	238865	1439843539610
1150086	109638	1439843858149
345939	361467	1439843864699
1384315	461081	1439844079464
334971	63568	1439844357630
797409	259243	1439844389959
797409	423248	1439844389959
952390	208939	1439844649143
797409	211592	1439845190392
1018339	257040	1439845692901
1349049	158114	1439845937296
17676	270383	1439846239228
1000248	37471	1439846633833
754077	339390	1439847086077
754077	51650	1439847086155
527476	130599	1439847115504
310789	44800	1439847159395
599453	139522	1439847458410
1352445	234874	1439848035729
540350	438150	1439848057936
1056961	298830	1439848114671
1056961	157187	1439848114749
271086	25590	1439848138720
1150086	196540	1439848229595
51591	456951	1439848299917
247235	435618	1439848596746
1187034	458637	1439849293122
560753	126150	1439849625923
560753	211592	1439849625986
1383402	301602	1439849776399
1150086	299044	1439849876457
247235	445860	1439850076589
17676	25655	1439850159707
797409	390934	1439850557414
1198949	60303	1439850568196
1308709	379428	1439850703590
765900	439202	1439850716531
765900	104261	1439850716531
765900	445351	1439850716531
765900	441953	1439850716531
765900	213834	1439850716610
765900	374938	1439850716610
1205376	371155	1439850821259
541315	235946	1439851038737
289418	337671	1439851415643
563685	84822	1439851543513
797409	257040	1439851687263
837233	360886	1439852461704
1086982	411914	1439852531247
1287579	150268	1439852584454
1150086	299384	1439852635726
797409	18554	1439852799266
247235	148328	1439853196950
143811	193272	1439853703811
797409	417927	1439853875018
500167	183376	1439853907040
326689	390799	1439854288580
1329108	374759	1439854529770
1323099	66945	1439854988638
474956	383636	1439855480688
311640	399031	1439855747071
17676	546	1439857180705
365905	459201	1439857721134
914	382946	1439859047831
922607	188169	1439859225318
922607	130113	1439859225334
968585	301602	1439859305871
797409	374554	1439859587231
797409	119736	1439859587231
1150086	222164	1439861035150
797409	305656	1439862151521
797409	399049	1439863149321
797409	296536	1439863149321
797409	281667	1439863149321
481915	5969	1439863503594
1150086	301602	1439863537889
626903	137974	1439863803360
278967	200678	1439864352036
1150086	273872	1439864442020
1150086	31098	1439864442020
1150086	291964	1439864442020
1150086	240558	1439864442020
1150086	80858	1439864714759
1288102	301602	1439864797317
1042192	170540	1439867000453
1056311	29196	1439867989945
960783	21838	1439868478629
535446	150857	1439868681930
474497	20098	1439869125333
873157	252564	1439872285247
873157	110512	1439872285263
1183970	463052	1439872581665
19512	272880	1439873438374
803960	440937	1439873964521
477743	182533	1439875066312
430945	233200	1439876549739
570529	95263	1439876709222
570529	220353	1439876709300
570529	179005	1439876709300
172104	172470	1439877143729
516157	73617	1439877407216
353070	465616	1439877913128
320272	415818	1439877966836
897374	126236	1439878251215
1264334	181146	1439878512351
182406	261589	1439880067682
103744	167337	1439880412325
797935	288846	1439889370132
1166599	222333	1439899106565
481873	292559	1439903896454
1361621	31514	1439909432735
78755	48030	1439911136490
1150086	204057	1439912101863
1148151	103816	1439912646338
1068737	29196	1439914898286
331925	188858	1439914940960
331925	112259	1439914941023
331925	253315	1439914941023
331925	59828	1439914941023
331925	71153	1439914941023
331925	330029	1439914941023
331925	49405	1439914941023
152963	176323	1439915042329
861299	386724	1439915725204
1199094	85047	1439915892610
861299	206970	1439916360775
214193	130208	1439916700695
214193	159780	1439916700695
964382	306380	1439916870030
861299	122604	1439916898933
709797	371155	1439916980159
152963	458109	1439917499018
530559	405577	1439917725643
279193	68672	1439918202068
115573	441852	1439918460718
621030	119267	1439918536982
1346842	99268	1439918592267
1054607	108486	1439918772357
575634	78523	1439918844109
649003	11976	1439918898462
649003	297931	1439918898462
649003	243097	1439918898478
14903	206241	1439919095565
270562	229167	1439919393366
1228166	274225	1439919614398
438605	315158	1439919617763
1011964	383409	1439919696064
1011964	131118	1439919696064
1011964	443875	1439919696064
1011964	292484	1439919696079
861299	60957	1439919850496
642091	172113	1439920062991
247235	277139	1439920260633
1094829	398447	1439920324475
196024	14287	1439920555917
196024	235946	1439920555917
196024	318697	1439920555932
247235	190000	1439920628640
861299	88145	1439920785585
35157	266322	1439921113485
689640	288249	1439921427026
152963	122931	1439921565043
1157385	424512	1439921642222
1107997	427360	1439921649792
152963	9877	1439921960859
956613	165415	1439922566988
1005001	21674	1439922916611
785043	190534	1439922999819
247235	282385	1439923366613
861299	78653	1439924213447
247235	410995	1439924225238
1126793	408305	1439924274817
465862	334401	1439924299494
465862	180349	1439924299698
1186185	277139	1439924491606
247235	368403	1439924605510
861299	80858	1439924871701
152963	308648	1439925151562
530559	374429	1439925212101
861299	379013	1439926583345
502586	132683	1439927172647
1067290	316517	1439927240300
1323154	287449	1439927664211
1323154	29757	1439927664211
1323154	444190	1439927664227
1200651	284848	1439927726822
152963	345279	1439927912500
770741	208497	1439928199662
770741	250084	1439928199678
150184	3024	1439928249395
247235	46971	1439928411578
218828	283115	1439928609991
72194	164035	1439929007023
152963	431216	1439929161010
646494	176484	1439929165379
247235	172309	1439929348443
38103	26508	1439929354322
38103	86391	1439929354322
38103	301602	1439929354322
38103	164748	1439929354338
38103	140532	1439929354353
38103	200176	1439929354353
38103	330035	1439929354447
1297960	253430	1439929359219
752555	65273	1439929700782
334292	167769	1439929823248
861299	255600	1439929909322
861299	143418	1439930029327
747123	112219	1439930141522
1278459	236158	1439930202314
348025	228392	1439930239732
1164733	2641	1439930384618
920004	432859	1439930649818
208352	126307	1439930694007
933327	243900	1439930746078
933327	39449	1439930746080
369973	187691	1439931054388
1311647	4001	1439931297811
1183250	326846	1439931385733
247235	464315	1439931878579
1245863	234222	1439932068911
734989	267961	1439932553055
152963	380578	1439932686920
1205631	348157	1439932934631
152963	217605	1439933299926
861299	213334	1439933337449
861299	124065	1439933337449
470444	38932	1439933740369
572806	396930	1439934190814
861299	351289	1439934460368
1265054	27020	1439934986044
822058	90892	1439935376064
698124	387478	1439935698998
530559	46156	1439935994666
877289	11848	1439937142407
123724	256721	1439937465601
515710	354153	1439937510303
861299	406070	1439938353928
530559	379013	1439938598614
1053559	79684	1439938730669
247235	91152	1439938869741
1162772	174489	1439939091006
861299	213834	1439939255674
861299	346892	1439939255674
79312	394678	1439939255729
790272	317085	1439939898655
861301	386859	1439940281443
247235	136611	1439940807241
1088210	462188	1439940945708
105729	111201	1439940992129
42011	55430	1439941163290
861299	394052	1439941394895
35186	103127	1439941575001
247235	199647	1439941622382
1086982	96940	1439942594207
485795	39727	1439943369119
485795	413037	1439943369119
247235	50969	1439943486107
1002478	32191	1439944281442
1335080	25025	1439944471447
942023	43938	1439945386117
713728	217605	1439945473700
530559	199233	1439945977842
81742	65000	1439946052749
1117547	34472	1439946786174
1249272	173589	1439947254310
869170	289103	1439948044663
795731	100586	1439949233505
795731	442610	1439949233505
861299	414127	1439949416344
247235	279310	1439950211322
247235	303969	1439950211322
247235	150540	1439950211322
530559	176669	1439950216912
861299	442286	1439950560907
861299	149452	1439950560907
530559	289704	1439950763687
861299	133404	1439950993196
861299	273144	1439950993196
861299	85914	1439950993336
861299	129010	1439950993383
839322	290993	1439951233052
603936	345156	1439951370053
9079	224862	1439951514410
9079	392618	1439951514495
1398476	267872	1439952863421
337316	320058	1439954523225
1295811	148328	1439954862071
1295811	376353	1439954862087
1403350	461686	1439955638980
1295811	459480	1439955665686
1075785	125831	1439955814707
1259331	112782	1439956463823
29757	243980	1439956880864
1062766	260282	1439957344703
860652	106721	1439958496651
860652	149452	1439958496715
511312	403591	1439958804124
1083923	171555	1439959576721
158161	346627	1439960555225
826275	385892	1439960605505
1164713	461686	1439961234432
1164713	303229	1439961234542
1164713	442721	1439961234542
1164713	10572	1439961234542
1164713	372728	1439961234546
1032380	201871	1439961475611
888537	292667	1439961772207
888537	110389	1439961772207
888537	48892	1439961772207
888537	337480	1439961953706
723312	387562	1439962595185
674240	461686	1439962802871
330565	289103	1439963124698
1107033	207876	1439964078483
985974	450082	1439965529003
893541	459374	1439967651129
893541	303845	1439967651129
896188	218048	1439970620252
994931	546	1439971356302
669299	114763	1439974881673
309192	414127	1439981067089
822155	34355	1439987905279
822155	130113	1439987905372
376507	436004	1439992552088
1055074	289103	1439993455986
805864	393193	1439993679142
353643	431216	1439996000447
834898	279585	1439996212188
1007692	219512	1439997037367
361041	221561	1439997348102
1126569	465329	1439997877162
1126569	289103	1439998307648
17676	245342	1439998404571
530559	414428	1439998529335
608855	172470	1439998827227
8670	358594	1439999968995
1126569	190606	1440000071545
904351	260621	1440000302360
1168629	187026	1440000891229
1109295	62438	1440001536175
198153	445060	1440001593492
17676	298056	1440001973774
580000	456320	1440001995478
580000	439699	1440001995509
580000	427375	1440001995524
1330932	42641	1440002152272
672120	361976	1440002166594
672120	394005	1440002166641
1204011	343808	1440002744384
1204011	443172	1440002744384
530559	442725	1440002913302
530559	273818	1440002913302
530559	196058	1440002913302
236213	218130	1440003080974
1269788	391289	1440003111204
530559	130709	1440003201725
303381	89901	1440003721029
355392	330305	1440003806506
282887	441852	1440003843597
282887	455183	1440003843609
639300	64700	1440004972463
303381	172103	1440005090163
303381	78268	1440005090163
303381	449391	1440005090179
1255316	438885	1440005212191
17676	150797	1440005287386
551746	240558	1440006049545
551746	232172	1440006049545
323945	176363	1440006310081
303381	235946	1440006328341
303381	134947	1440006328341
1126569	371474	1440006681435
831463	10966	1440006782962
17676	12905	1440006946538
156382	279316	1440007062024
303381	393142	1440007119013
530559	246864	1440007636948
1187998	403812	1440008105138
219874	442172	1440008130337
259827	250273	1440008169329
17676	219512	1440008254707
1126569	430042	1440008268027
337338	285593	1440008587573
1168726	208082	1440009450314
1271174	424015	1440009544870
1271174	218126	1440009545058
809220	138427	1440010359471
1311725	419371	1440010647062
872457	29393	1440011324016
684190	442365	1440011466298
6911	382437	1440011564837
152963	316031	1440012605799
152963	144131	1440012605830
152963	308851	1440012605924
338911	244541	1440012611530
303381	367514	1440012782377
152963	322717	1440013083786
152963	400077	1440013083880
247235	37029	1440013361781
927075	239080	1440013415205
17676	190732	1440014126714
1126569	319900	1440014419234
17676	386324	1440014573596
503136	244541	1440014659975
247235	197498	1440014869819
1122464	266900	1440015051525
303381	242821	1440016191443
303381	148439	1440016191443
152963	13280	1440016300358
17676	221329	1440016373386
1012717	155544	1440016406117
303381	263086	1440016478139
165003	367374	1440016606852
645525	168411	1440017571616
530559	409804	1440017701984
530559	127593	1440017701984
530559	445059	1440017702031
435041	335630	1440017740146
303381	162046	1440017757081
303381	219822	1440017757081
645525	352788	1440019216077
939961	393055	1440019393418
152963	148666	1440019458104
152963	302144	1440019693018
384466	310944	1440019962429
384466	455257	1440019962499
1162188	167337	1440020013542
540368	45726	1440020122493
645525	408933	1440020650197
152963	348162	1440020974310
17676	319900	1440021178125
17676	176363	1440021178125
1227472	82232	1440021256565
152963	248605	1440021384396
567487	237589	1440021501072
645525	452664	1440021697462
562286	461686	1440021755025
1282091	110421	1440022270236
825321	192468	1440022379203
926018	196525	1440022804321
180275	302632	1440022851814
553217	318618	1440023310778
472290	297931	1440023626215
472290	390167	1440023626215
472290	151636	1440023626215
472290	387504	1440023626215
472290	167827	1440023626215
756858	370745	1440024113383
756858	208208	1440024113479
1229029	125799	1440025828490
1229029	267660	1440025828506
1229029	181550	1440025828522
1020511	38175	1440025886355
1004213	136724	1440026089606
630224	215233	1440026315931
876319	316976	1440026577325
530559	450082	1440026673683
152693	44890	1440027350095
152693	333681	1440027350142
941104	93831	1440027462174
1336835	275738	1440027606553
80364	399983	1440028925283
303381	122604	1440029253970
303381	32361	1440029253970
303381	213829	1440029253986
303381	201816	1440029253986
152963	17478	1440029657713
451953	254290	1440030127866
451953	354881	1440030127866
749196	30326	1440030260798
403643	171555	1440030980957
530559	171555	1440031372939
31359	14183	1440031415282
171785	66752	1440031515324
303381	29757	1440031941615
882469	438484	1440032100746
530559	232350	1440033155360
1213112	309274	1440033428291
354436	208939	1440034418729
831387	264379	1440034425864
119139	261582	1440035396009
152963	341070	1440035644198
530559	200536	1440035758946
688840	80858	1440036357145
869081	415160	1440036529199
381031	49418	1440037126979
963387	338716	1440037630229
1291031	158514	1440038035038
1291031	433543	1440038035118
906711	297858	1440039073444
728314	259608	1440039200237
1203091	176484	1440040226270
1279465	346323	1440041231786
949263	230931	1440041828814
738410	217703	1440042696786
738410	430200	1440042696786
182451	441668	1440042811620
753768	282672	1440043431324
1062602	79959	1440043894231
359914	307322	1440044982094
153514	181705	1440045909743
32358	546	1440046601308
736455	374243	1440047345274
100790	288340	1440049170156
532853	445780	1440049402840
1348862	211132	1440049474859
959204	437192	1440050067049
1265599	330469	1440050918697
1265599	208939	1440050918751
1265599	130221	1440050918768
1206877	66405	1440051155263
1206877	336783	1440051155325
138021	233099	1440051593883
138021	422376	1440051593898
138021	285154	1440051593899
874723	4849	1440052983337
341714	452271	1440053996092
955557	213876	1440054246604
1095458	142774	1440063368520
1095458	334073	1440063368587
1095458	39933	1440063368587
1095458	225028	1440063368619
1095458	31791	1440063368655
403042	319160	1440065047355
1069754	350510	1440068063855
98772	373581	1440076930339
98772	319900	1440076930371
1363012	303828	1440080150781
253109	69917	1440081531732
253109	211592	1440081531761
321577	409910	1440081787029
923475	360905	1440082225813
67264	51767	1440083082093
157482	307074	1440083540276
152089	164543	1440083996922
34059	5379	1440084445212
152963	283916	1440084885973
152963	225514	1440085128746
822869	158808	1440085336891
3174	45420	1440085612583
563313	393055	1440085749201
75424	31591	1440086313686
75424	341578	1440086313686
75424	289096	1440086313701
75424	90687	1440086313701
75424	288887	1440086313701
75424	326609	1440086313717
75424	446102	1440086313780
75424	195809	1440086313795
75424	29195	1440086313811
75424	277247	1440086313811
487568	389135	1440086639957
17676	114735	1440086984058
152963	325310	1440086996548
816889	246532	1440088809310
152963	431472	1440088860801
1149102	63543	1440088969652
1149102	243245	1440088969671
303381	303161	1440089367849
711913	127995	1440089400420
866176	269258	1440089455813
1150086	310944	1440089534107
152963	150235	1440089686382
1150086	348659	1440090103685
233092	248760	1440090156399
152963	437457	1440090197462
161626	317822	1440090309526
1150086	139845	1440090429453
731052	395952	1440090589748
721142	290509	1440090853021
1252646	418560	1440090884930
676349	447860	1440091136194
1150086	67434	1440091172636
1150086	192931	1440091663715
152963	97139	1440091848995
522568	444376	1440092089551
666500	242976	1440092173853
732625	226366	1440092395738
573020	99860	1440092423124
392246	334401	1440092472094
392246	343151	1440092472237
392246	143896	1440092472253
1019603	399825	1440092691561
1150086	97437	1440093146033
27851	293799	1440093151964
27851	366618	1440093151980
27851	63957	1440093151980
27851	23438	1440093151980
1042112	272649	1440093249315
1042112	139085	1440093249315
1042112	23706	1440093249315
1042112	11711	1440093249346
1042112	228314	1440093249455
918201	90240	1440093537014
294613	458348	1440093729222
1042112	334401	1440093809229
1042112	206218	1440093809291
1042112	180199	1440093809354
1042112	228863	1440093809416
849992	66780	1440094339233
1150086	248455	1440094568901
1136787	116306	1440094656421
87886	458526	1440094786838
1201458	236696	1440094991614
457028	237602	1440095251799
457028	431216	1440095252448
544660	368245	1440096221648
1252079	69688	1440096461159
1056551	450942	1440096807449
98093	336842	1440096825281
1150086	34386	1440097198067
1150086	2698	1440097198167
1150086	336319	1440097198170
17676	187119	1440097520387
820229	347238	1440097645948
152963	34278	1440097650146
152963	352230	1440097650250
152963	391515	1440097650251
560579	4538	1440098484691
645525	466464	1440098606936
17676	69917	1440098704783
17676	164872	1440098704784
1150086	462643	1440099516134
327932	165583	1440099721392
17676	171031	1440099753428
1150086	25515	1440100140440
1174786	464404	1440100547916
125048	459989	1440100657282
1181848	220513	1440101430189
1181848	242910	1440101430220
31874	285055	1440101706329
565590	458735	1440102714714
116728	179290	1440102850135
890105	398673	1440103179970
890105	36127	1440103179976
890105	341345	1440103180006
890105	162892	1440103180026
656837	162536	1440103628157
627	414182	1440103716892
17676	399796	1440103858689
680820	263245	1440103936667
1113351	450873	1440104453853
8043	211418	1440105594992
840793	224295	1440106000485
82084	287557	1440106861599
17676	37930	1440107845445
303381	348326	1440108043480
1357744	347542	1440108230031
152963	5675	1440109052262
1170959	147053	1440109779539
1170959	184991	1440109779539
1150086	450950	1440110299541
1150086	720	1440111138924
868302	345721	1440111625173
407740	230931	1440111634876
17676	236302	1440111689038
394489	437746	1440111714786
981111	57209	1440114955296
645525	185668	1440114997907
17676	341701	1440115247998
556880	13417	1440115309486
17676	869	1440115608553
148923	9620	1440116109337
1150086	384302	1440116392189
1255925	207129	1440116624710
801313	93031	1440116638558
392739	302098	1440117559028
427619	414428	1440117645657
588490	140187	1440119261437
588490	306266	1440119261444
1030861	1261	1440119613205
17676	237952	1440120000268
17676	253024	1440120842555
1050037	382054	1440121019293
498856	113635	1440121232326
645525	546	1440121526856
973305	29863	1440122121525
392404	388276	1440122542479
1044028	35590	1440123277800
516143	443030	1440126536418
172015	96940	1440127235030
738700	409562	1440127857754
754781	338543	1440129291599
897411	409725	1440131648640
555744	117438	1440134891624
12067	144587	1440135184759
119781	255093	1440140953116
1039509	121086	1440144591559
1178290	131734	1440147341659
1178290	262707	1440147341675
1272503	292320	1440149189110
581091	95009	1440154850101
968880	451607	1440161862300
968880	207840	1440161862300
968880	61554	1440161862300
1101373	196538	1440165801566
1379280	273169	1440169655640
152963	3914	1440171608769
152963	101722	1440171608800
513830	78494	1440171859189
152963	79056	1440172189092
1043535	290227	1440172953534
152963	269528	1440173929110
733458	546	1440174208775
152963	244258	1440174427577
152963	309273	1440175296974
162932	144540	1440175361175
514028	461686	1440175433837
152963	256706	1440175575275
331162	140945	1440175752860
152963	21728	1440175833012
152963	6337	1440176859883
124971	187138	1440177388586
764755	146987	1440177540194
1394186	173956	1440178284497
17676	158666	1440178606086
645525	318117	1440179056327
645525	279585	1440179056327
43687	159380	1440179896004
661290	253273	1440179909818
560304	19801	1440180592798
560304	73281	1440180592830
645525	137440	1440180836214
951555	89142	1440181386148
17676	436217	1440181719794
473074	265033	1440181920537
17676	443931	1440181938056
1276260	125776	1440182218666
1129898	309273	1440182353546
1053942	375332	1440182548157
645525	334401	1440182683577
645525	339901	1440182683595
233323	140730	1440182975179
14796	284663	1440183017725
645525	306291	1440183119430
645525	334959	1440183119430
645525	278012	1440183119430
62377	27020	1440183563818
173863	290227	1440183871601
546717	336131	1440183966127
645525	55709	1440184616921
645525	20740	1440184976559
684153	370064	1440185630935
899857	348728	1440186443320
824842	65273	1440186473767
826663	257308	1440186478967
152963	26228	1440186695058
152963	240160	1440186695058
1126569	340329	1440186744036
1126569	281470	1440186744044
895999	19135	1440186772705
152963	37029	1440187532146
152963	368060	1440187532147
645525	103952	1440187563189
1379343	255093	1440187688822
1160882	222888	1440187830791
152963	241072	1440188281268
141905	395596	1440188569358
772687	299852	1440188859266
772687	294508	1440188859401
139805	389585	1440189341505
645525	57301	1440189669337
645525	231810	1440190381071
645525	373665	1440191138932
645525	277247	1440191138932
152963	131745	1440191265140
645525	179714	1440192063727
152963	279656	1440192164002
693709	449435	1440192488948
995103	265810	1440192626816
645525	143310	1440192787717
151280	322123	1440192829937
152963	112782	1440192836185
645525	175796	1440193478584
116771	110077	1440194425886
1268562	91953	1440196552998
645525	286293	1440197877375
58597	6973	1440198562898
58597	456889	1440198563148
1075890	291409	1440198662505
152963	271324	1440198734860
298539	451806	1440199398050
152963	234255	1440200832220
883693	19926	1440201332218
645525	442725	1440202151000
645525	191768	1440202151000
152963	307074	1440202161112
1126569	110720	1440202332026
1020281	325557	1440204159790
179972	455125	1440205185363
1169061	431386	1440205636929
935959	297852	1440205762585
1364329	309273	1440206522933
244756	34763	1440206859022
1137950	213834	1440207082495
1137950	90240	1440207082498
89426	171878	1440209799725
543122	177237	1440211606197
114108	108936	1440211905939
487536	210223	1440212191641
252812	323291	1440212879035
1293015	443931	1440213216685
394366	409804	1440216143856
539612	403146	1440222004021
52406	43830	1440226140012
816384	546	1440228875297
1056901	171878	1440230260632
1076366	350764	1440231799396
1076366	428272	1440231799427
1076366	398004	1440231799489
1076366	121553	1440231799489
1234033	404591	1440232651192
671597	385475	1440235782223
654002	318630	1440249162408
1089992	310944	1440251357429
225810	271896	1440252894013
141812	168386	1440253151950
1199079	58663	1440253289447
755125	272837	1440254101521
1223654	9635	1440256327342
1223654	53454	1440256642829
381944	184620	1440257445400
568290	546	1440257808922
456252	346593	1440258102993
247235	352378	1440258265020
1055401	273872	1440258704383
1055401	124295	1440258704437
1055401	140527	1440258704439
1055401	287696	1440258704441
1055401	303058	1440258704445
549579	152121	1440258956266
58013	113899	1440260368729
1055401	8811	1440260589953
530559	213834	1440261132914
530559	46130	1440261132914
247235	163350	1440261579570
64575	199975	1440263181233
875496	117314	1440264017313
549798	290999	1440264780507
503691	329408	1440264831708
96387	388536	1440265070957
525851	361443	1440265559746
247235	356740	1440267838331
1035459	369933	1440268136069
905476	303960	1440271472705
247235	327413	1440272613707
669744	104540	1440273269966
1187986	120098	1440274590486
1187986	95042	1440274590487
1187986	148707	1440274590487
1187986	140527	1440274590487
807509	74456	1440274634863
807509	384222	1440274634939
247235	224832	1440275602198
6618	49967	1440276434513
530559	159542	1440277295899
327031	79371	1440278130452
327031	130598	1440278130453
327031	277643	1440278130453
247235	95042	1440278157544
254126	210774	1440278508121
1165148	223162	1440279358781
647891	243355	1440279866080
1371767	74834	1440280563066
624095	128185	1440282053885
1023537	334520	1440282607035
247235	21970	1440283930585
1002162	217605	1440283934725
118234	372732	1440284489846
530559	283115	1440284553886
13833	334401	1440287175451
13833	60159	1440287175452
393085	422671	1440287822259
1322909	244838	1440288380776
1322909	46126	1440288380782
742963	315309	1440289055748
742963	390877	1440289055750
826804	252596	1440289250787
13833	182131	1440289468403
82009	149154	1440289761531
1156452	300878	1440289910377
1156452	294620	1440289910377
1193534	285233	1440290167437
609895	336506	1440290212804
609895	77189	1440290212805
606091	75764	1440291233067
455050	352115	1440293022789
1290573	160499	1440293301740
247235	260257	1440295860278
530559	408933	1440295898584
244756	428272	1440296125944
244756	121553	1440296454590
244756	350764	1440296454592
244756	398004	1440296454592
536255	302643	1440296584446
247235	104560	1440297091808
1019696	388104	1440297370156
100012	196659	1440299592088
110660	67013	1440300022361
542030	314824	1440300344875
381872	334401	1440300918338
381872	60159	1440300918338
373852	385475	1440301766457
530999	447215	1440305623683
199153	346437	1440307438235
338364	279373	1440309200837
463740	394536	1440311227719
1327477	126810	1440311782390
586427	150700	1440313294935
586427	192653	1440313295015
586427	7804	1440313295015
586427	451589	1440313295077
908646	406171	1440315622713
54845	83647	1440316545129
1011817	328005	1440329152895
1134182	11226	1440334179278
110090	80858	1440337094262
1377259	178537	1440338377667
1093062	188296	1440340822255
418925	546	1440341835853
821427	317085	1440341950167
1107505	328185	1440343586980
1107505	170390	1440343587152
247235	342264	1440344618628
1159752	32719	1440344913854
247235	434487	1440345297519
1018526	77189	1440346138747
247235	179788	1440346842467
663983	368074	1440346921199
247235	369933	1440348088476
307169	276383	1440348451808
247235	303715	1440348678696
242826	317557	1440348893161
247235	380511	1440349201106
209415	410056	1440349446561
1366787	237955	1440349450385
514625	345721	1440349548803
1193568	32888	1440351516566
1165148	348352	1440353723816
1055347	375332	1440354819715
697734	249188	1440355222721
312587	268883	1440355698128
231131	181246	1440356116208
1281566	92361	1440356265392
354704	408126	1440356533721
1360175	18724	1440356773359
1360175	63957	1440356773374
1360175	67889	1440356773374
1360175	270383	1440356773627
680221	396791	1440358869006
530559	390648	1440362404901
557182	199931	1440362616944
530559	422671	1440363388643
36640	150215	1440364611054
613507	268883	1440364650781
247235	354585	1440364818428
1384383	396378	1440365844150
1246369	133504	1440365859000
119578	180799	1440366271142
119578	9877	1440366271142
169576	89044	1440366788737
746343	198833	1440369222403
592317	388858	1440370840206
929356	167039	1440371307234
203828	173660	1440373448007
203828	209709	1440373448072
530559	278792	1440374743130
530559	424624	1440374743130
247235	211592	1440375840343
1134627	320130	1440375841739
1197629	182986	1440376266847
1036246	301843	1440380070309
1313071	138427	1440380110706
624124	181202	1440380134124
888860	131745	1440381547711
1166523	458070	1440382097133
1053591	64451	1440382491960
529164	306285	1440383867097
3936	172894	1440384085490
1192524	125831	1440384375619
958262	64451	1440384433594
247235	241555	1440384770333
911447	268883	1440385343356
278647	449776	1440387216142
348399	239118	1440387571522
1274320	74144	1440388704217
375068	190000	1440388798784
1070384	164429	1440389674357
20815	396697	1440392327041
1390171	456684	1440392902273
434507	546	1440393876422
307781	251650	1440395734070
532932	8651	1440396782426
1195558	16344	1440400051368
345425	260415	1440401948062
1152367	352788	1440404019358
21574	165789	1440411197716
1218962	401411	1440417182074
757132	404035	1440422651411
13240	399192	1440423469660
896347	459475	1440424293317
896347	453192	1440424293459
896347	378045	1440424293521
896347	271685	1440424293788
896347	18252	1440424293804
896347	367207	1440424293851
896347	326456	1440424293882
552123	74144	1440425286334
552123	347549	1440425286413
552123	307931	1440425286413
876029	188069	1440425440569
598009	57702	1440426611308
912117	89702	1440427230209
66139	373877	1440428334084
1123059	421496	1440429081188
152963	272837	1440429145202
506260	546	1440429589040
191637	142589	1440431125660
191637	150857	1440431126316
191637	135661	1440431126332
191637	396560	1440431126332
1244696	266553	1440431131514
124489	332175	1440431200176
550638	263513	1440431526560
152963	445447	1440432119128
247235	103127	1440432470761
1286355	461686	1440433111165
1286355	422376	1440433111228
1003939	269626	1440433685528
139891	78494	1440433823436
1278460	167769	1440433987906
303381	50923	1440434105294
1360994	286220	1440434202605
316850	133867	1440434315429
316850	76060	1440434315432
316850	51275	1440434315433
804657	261090	1440434347971
466364	461686	1440434540382
1150455	52439	1440434561158
805595	117052	1440434823509
1154310	125831	1440435354042
247235	363109	1440435429819
152963	363491	1440435492196
303381	40140	1440435869486
1003058	182157	1440436064789
1103202	247356	1440436122745
303381	350372	1440436780842
247235	91888	1440436828204
247235	390295	1440437269471
303381	283740	1440437536381
303381	53524	1440437536387
1093461	264915	1440437612172
152963	180492	1440437719368
207663	120098	1440437855875
207663	148707	1440437855875
207663	203205	1440437856078
479127	132683	1440438051672
1246769	445447	1440438584790
247235	463663	1440438595102
482752	138454	1440438634900
310748	24509	1440439239959
468301	418693	1440439413968
915623	393111	1440439479738
102957	109598	1440439847760
606226	123015	1440439985362
606226	270492	1440439985362
24840	250191	1440439989241
1018203	72307	1440440241922
80244	409804	1440440338836
247235	212412	1440440366986
303381	199408	1440440514413
189838	138427	1440441329576
1248989	201742	1440441524216
1248989	120098	1440441524231
1248989	43831	1440441524247
1365706	60419	1440441587794
303381	85447	1440442235437
247235	375730	1440442405249
1163985	409804	1440442684582
603616	409804	1440442684944
160821	372298	1440442760534
194644	238005	1440442803253
1041558	228644	1440444266821
909277	65808	1440444687987
303381	444365	1440445118937
303381	334401	1440445118938
603616	128296	1440445156750
1090473	240799	1440446541848
152963	111201	1440446731491
245765	300878	1440447105012
1134975	455183	1440447269233
69044	340194	1440447303192
69044	91941	1440447303217
437906	29871	1440447651551
152963	301721	1440447818427
152963	285729	1440447818491
247235	114149	1440448530617
1198094	394974	1440449770437
80204	350270	1440449809531
80204	215782	1440449809593
80204	47704	1440449809671
80204	234215	1440449809671
80204	334401	1440449809671
568894	464760	1440450061803
1209685	368514	1440450772557
968555	303833	1440450792148
1151933	57445	1440450849017
182428	317417	1440451669872
1072776	247420	1440451811013
1072776	277139	1440451811013
553749	310702	1440452832212
303381	222106	1440453355166
247235	133504	1440453485251
1255495	89871	1440453530687
428415	19349	1440454105282
152963	31791	1440454948709
303381	343375	1440455230160
247235	462271	1440455406456
288843	303776	1440455797969
770887	377635	1440455866127
932290	125831	1440456160145
152963	294073	1440456276575
152963	334423	1440456276747
152963	461614	1440456276778
152963	219660	1440456276794
213378	233298	1440456523085
37845	463663	1440456569571
712632	291394	1440456915584
303381	226567	1440457024385
732108	78494	1440457069938
732108	166122	1440457069938
356231	55955	1440457251953
1110986	192746	1440458135723
152963	202920	1440458322130
247235	303960	1440459765144
87226	126236	1440460705238
1227721	276571	1440461258338
303381	217548	1440461439740
303381	312728	1440461439833
303381	219782	1440461991750
1238789	432019	1440462043366
25094	345361	1440462068714
1365706	227311	1440462215393
789256	62599	1440462347067
645525	50385	1440462587153
273853	134484	1440462820296
386187	330506	1440464064246
8411	392689	1440465549126
241743	403215	1440465627986
747695	187913	1440466597652
1263541	74834	1440466871917
718708	400946	1440467488688
1195928	305311	1440468444277
326049	248455	1440468875422
303381	76426	1440469382387
645525	73019	1440469516844
1113715	159624	1440470051843
1399960	6692	1440471733212
317833	355281	1440472429976
317833	206305	1440472429976
166027	268049	1440472434809
166027	228750	1440472434902
840234	373877	1440473195743
718708	240558	1440473605136
718708	366734	1440473605160
718708	44554	1440473605160
718708	124065	1440473605171
399290	412662	1440476083907
26626	459936	1440477013391
968110	461274	1440477552021
968110	423691	1440477552024
1206613	248455	1440479494330
1156674	392175	1440479628684
1156674	74787	1440479628684
1134369	268049	1440480507486
1362019	46660	1440480918416
1362019	76196	1440480918416
220099	394590	1440481807218
766527	138017	1440482906692
1180731	462852	1440483423949
139850	235018	1440485181245
139850	311341	1440485181258
139850	299044	1440485181269
139850	239570	1440485181279
139850	125071	1440485181308
231570	334401	1440505677612
231570	466321	1440505677692
1298962	161453	1440512383756
764150	37583	1440512439564
677623	461686	1440513049746
34200	55955	1440513185813
1006359	375066	1440513278817
202825	361976	1440514091314
864738	104929	1440514598010
864738	3854	1440514598370
430152	167971	1440515918372
1100036	350384	1440516806662
152963	195234	1440517233934
247235	52733	1440517499890
939239	44561	1440517635653
475172	13925	1440518402344
152963	191203	1440518544836
555876	321657	1440519270652
516732	8015	1440519498368
303381	452908	1440519789874
794751	466135	1440520624235
917791	416399	1440520625850
369374	148996	1440520808775
1132359	370635	1440520887764
152793	218215	1440521242036
1218140	318392	1440521592312
1276648	346106	1440521721482
1150478	236948	1440521747216
152963	190000	1440522050133
261902	131385	1440522055807
261902	122467	1440522055809
152963	260042	1440522811976
302190	197561	1440522834999
302190	296795	1440522835015
916332	91888	1440523988203
994820	419231	1440524250464
1227941	83937	1440525202759
363577	413902	1440525397351
247235	336891	1440526294164
303381	259384	1440526316779
1012108	134484	1440526340482
1381286	198665	1440526615604
811745	98425	1440526901929
683706	132683	1440527135033
303381	123664	1440527595547
152963	134484	1440527818780
247235	341486	1440527960519
776052	233200	1440528199971
303381	268755	1440529915992
821263	398161	1440530421957
821263	417860	1440530422020
152963	454022	1440530701816
203197	173619	1440530989843
584257	134484	1440531093154
1296732	422159	1440531101526
303381	384157	1440532012725
247235	457539	1440532123748
1041707	312728	1440532314047
1133097	31791	1440532458840
497100	377981	1440532966945
497100	170262	1440532966947
497100	446067	1440532966963
497100	85914	1440532966964
247235	248455	1440533058664
999047	342367	1440533439321
152963	262826	1440533786542
347610	297765	1440534000472
247235	152824	1440534410728
1403769	328476	1440535361358
152963	429765	1440536474609
287470	13753	1440536570745
645525	152861	1440536573238
995122	262826	1440539412012
1148285	134484	1440539732393
152963	415884	1440540098660
247235	20740	1440540183070
1215681	461686	1440540309490
407747	317938	1440540630730
247235	354153	1440540895248
157195	275339	1440540944083
1352044	444712	1440540983536
155086	213834	1440541465418
155086	320130	1440541465479
155086	170390	1440541465483
155086	267196	1440541465488
155086	263245	1440541465492
155086	447890	1440541465496
904185	254303	1440541510789
1212426	261910	1440542659331
304883	346534	1440542719362
52701	104864	1440543197275
310432	320058	1440543483138
1220196	283492	1440543550238
1085818	227777	1440543827676
247235	125780	1440543915833
1170409	2567	1440544163340
848086	403591	1440544598854
343016	289126	1440544750510
770829	414906	1440544880288
376250	248455	1440545322024
247235	459721	1440545680326
1056651	188062	1440546038792
392741	287496	1440547056220
303381	381375	1440547835582
1384769	381375	1440548017176
247235	111257	1440548187996
994820	245960	1440549066972
546086	276821	1440549533500
546086	116205	1440549533500
116322	123026	1440549868056
1218507	239559	1440552431316
265486	400136	1440552793725
265486	277844	1440552793803
541474	179749	1440554923421
643307	255689	1440556131981
810608	134484	1440556135646
1374215	188723	1440557480595
863830	259189	1440558307934
863830	294242	1440558308043
339526	66146	1440560293331
339526	251515	1440560293332
339526	29656	1440560293332
339526	360673	1440560293334
339526	422709	1440560293335
339526	357212	1440560293335
339526	357859	1440560293401
783857	211483	1440560492208
623685	445105	1440560506243
1193750	175688	1440563009171
52363	113566	1440563893657
317190	422329	1440564052146
86403	413902	1440565151584
1307016	416399	1440565746140
982518	177695	1440567264744
628257	337777	1440567373050
532247	415062	1440567384573
466004	222888	1440567776780
835657	218794	1440568020061
1019495	221481	1440568724477
309265	212907	1440569306926
613825	248127	1440569974603
613825	187602	1440569974603
9155	431290	1440571464895
1358883	461686	1440572543591
454380	280029	1440574325855
105857	81494	1440576378586
534341	248455	1440581546206
764490	114881	1440589149230
313346	27020	1440594163242
604144	311200	1440594930720
893345	17910	1440597641297
86690	278272	1440597736935
144513	59765	1440598665598
144513	187992	1440598665629
1286960	283386	1440600005421
519563	291995	1440600314017
845364	245476	1440600546478
220300	411934	1440600633084
152963	205702	1440602085396
173863	360922	1440602829398
108813	134484	1440602916939
693709	18841	1440603004756
152963	450082	1440604371370
588612	436400	1440604677214
1296635	348668	1440604859975
1296635	62800	1440604860053
1296635	316010	1440604860131
152963	318697	1440604932537
152963	416399	1440604932537
152963	43267	1440605333746
663616	344664	1440605339524
862551	388536	1440605345990
152963	144717	1440605758668
647934	466319	1440605774309
1175373	229504	1440606017167
895999	284312	1440606082636
267136	142517	1440606441552
1046288	359870	1440607208986
751149	347617	1440607397950
986111	36355	1440607441659
303381	63012	1440607793182
152963	228392	1440608521245
303381	305520	1440608622168
895999	57788	1440608668153
152963	85441	1440608732029
410170	444991	1440608783444
872963	231400	1440608869475
872963	122604	1440608869482
1008517	212589	1440609384715
1120092	27020	1440609491939
1114039	190000	1440609629846
303381	212589	1440609674787
218828	369000	1440610125586
152963	438484	1440610134871
1126569	190536	1440610168346
1188952	418208	1440610777699
1188952	458450	1440610778170
1188952	271801	1440610778172
606755	397865	1440610850661
152963	37322	1440610935677
303381	174409	1440611162063
1219305	258856	1440611219864
645525	258856	1440611277116
832864	332965	1440611720974
152963	251594	1440611927242
1163984	335366	1440611994028
1005583	59003	1440612615921
645525	64011	1440612882312
645525	428065	1440612882327
258336	132067	1440613326385
173863	355598	1440613690271
1189458	222642	1440613702111
848474	260957	1440613826240
330628	438484	1440613939998
833447	54767	1440613964990
569539	100108	1440613975724
569539	211451	1440613975724
152963	89871	1440614233673
1126569	190293	1440615007554
645525	157981	1440615522861
738365	212917	1440615617317
1278009	53887	1440615793094
347610	89356	1440615857998
347610	99956	1440615858053
152963	176869	1440615871950
322411	320130	1440616050293
760430	320900	1440616060518
610841	251751	1440616566378
610841	13398	1440616566394
152963	131298	1440616713637
1134479	45365	1440617496778
152963	205561	1440617610608
152963	207430	1440617992296
598467	308283	1440617998238
1082305	165080	1440618011000
1220633	49676	1440618022975
1220633	388097	1440618022976
1220633	224969	1440618022983
892316	266725	1440618070016
450596	384157	1440618890859
497351	219749	1440619660317
515716	394666	1440620257304
645525	462349	1440620416725
152963	399522	1440621086210
1406564	17127	1440621500859
613579	221317	1440621623771
218828	425758	1440621828656
1118325	367301	1440621919319
1118325	98485	1440621919319
1118325	325256	1440621919319
569539	296756	1440622008988
569539	194643	1440622307922
1113675	423735	1440622357797
645525	316007	1440622994433
254754	298056	1440623345874
569539	409426	1440623880733
569539	353965	1440623880733
569539	241826	1440623880733
569539	133157	1440623880733
569539	105933	1440623880749
569539	263245	1440623880749
569539	181462	1440623880764
569539	293576	1440623880764
569539	60888	1440623880764
569539	275339	1440624025289
569539	355707	1440624025289
1065189	234767	1440624091936
1065189	334401	1440624091952
1088027	223003	1440624419281
645525	203915	1440624557762
569539	434247	1440624848949
569539	198784	1440624848949
569539	243218	1440624848965
569539	136766	1440624848981
247560	63727	1440624918181
324681	354585	1440624966086
173863	320130	1440625070845
645525	445447	1440625249572
645525	458178	1440625665752
152963	322501	1440626552401
1352044	98020	1440627610205
1352044	111122	1440627610205
1235294	196594	1440628600037
871413	429704	1440628656021
1033279	426392	1440628745915
645525	111896	1440629161843
645525	312610	1440629161874
569539	25025	1440629301869
213323	148666	1440630192141
731881	276212	1440630582504
152963	376008	1440630950593
152963	358348	1440630950687
109293	79956	1440631195964
645525	263245	1440631505642
645525	249016	1440631505642
645525	357650	1440631505658
645525	312827	1440631505658
645525	37177	1440631505658
645525	411858	1440631505658
645525	213376	1440631505658
645525	361591	1440632039906
1283916	412447	1440632618275
594085	176484	1440632863222
152963	201816	1440633216361
152963	420028	1440634076654
781156	76060	1440634606987
899857	232172	1440635125713
899857	168611	1440635125713
899857	273872	1440635125713
899857	256146	1440635125713
808351	357650	1440635146108
152963	321785	1440635659632
569539	357650	1440635896930
899857	173801	1440636046508
530559	215378	1440636198573
1027706	132683	1440637038403
797023	464998	1440637491132
1000678	164863	1440637936112
152963	103686	1440638054328
1114887	123032	1440638088100
510546	310233	1440638197812
152963	79149	1440638365507
152963	361483	1440638895210
933700	193990	1440640408460
899857	153889	1440640556467
236963	268755	1440640852343
173494	165755	1440640990601
986353	102026	1440641292746
444359	346437	1440641777443
491192	418560	1440642006868
548718	259009	1440642196154
1139617	3383	1440642612952
1271212	332078	1440644846899
854134	449776	1440647057726
668937	38965	1440647279293
80964	346437	1440647814050
1312247	42523	1440648633223
482614	231482	1440650965722
266201	303695	1440650979409
832747	59122	1440652086507
1386710	226776	1440653133930
1163388	277673	1440654052535
490223	123032	1440654137990
165710	149230	1440655828267
296167	302858	1440656959797
493930	246532	1440658343524
625399	38965	1440662836814
550337	461686	1440662908720
595957	248455	1440664709539
1214394	380971	1440671348233
549321	295469	1440684000531
97865	231352	1440685379682
310326	76426	1440686362867
275428	163991	1440687473299
899857	87127	1440687606122
130983	7942	1440688311430
638328	359632	1440690822188
152963	338660	1440691037628
970787	234308	1440691101004
1126569	20076	1440691492256
1126569	299869	1440691492256
1126569	405950	1440691492272
1126569	366475	1440691492272
475172	406864	1440691919699
979550	253849	1440691983704
994820	287356	1440692066534
737341	217617	1440692651175
944416	308764	1440693059462
404146	144236	1440693266532
541474	107162	1440693419237
1331780	182278	1440693444859
1331780	225533	1440693444875
645525	368488	1440693572919
689522	19523	1440693575911
152963	176385	1440693626276
152963	431853	1440693626354
152963	115258	1440693626479
152963	220540	1440693626479
152963	248063	1440693626495
152963	379511	1440693626495
556610	181550	1440694121957
530559	74984	1440694131960
152963	27994	1440694582228
152963	455183	1440694582370
152963	109700	1440694927244
551852	190536	1440695070398
152963	105933	1440695357130
1331780	368060	1440695506774
598282	272259	1440695749265
530559	229305	1440696469474
532932	191852	1440696513192
323687	229588	1440696577563
1165792	387164	1440696906182
356300	355874	1440697226997
994820	198784	1440697783531
1189297	286012	1440698262964
617584	443188	1440698365903
541564	245158	1440698718674
994820	354153	1440698785164
152963	154802	1440699127655
530559	419761	1440699792139
152963	285995	1440699804796
1317254	250019	1440700125134
994820	58983	1440700172120
746698	145665	1440700196784
994820	442725	1440700539278
1283922	236927	1440701042277
1283922	199551	1440701042308
1283922	334125	1440701042340
1283922	293416	1440701042386
152963	266725	1440701256165
645525	236927	1440701701074
645525	293416	1440701701074
785226	327134	1440701822944
548868	211418	1440701936591
425614	230281	1440702578880
849756	454467	1440703017286
152963	239006	1440703721826
509346	134525	1440703856981
519586	245476	1440704062597
568736	341928	1440704615245
994820	287588	1440704639851
152963	301147	1440704747372
553624	206317	1440704780185
553624	205777	1440704780232
553624	153125	1440704780248
553624	11532	1440704780263
32895	37554	1440704860378
369254	291409	1440704871608
1126569	465495	1440705008036
376721	149582	1440705203638
376721	328185	1440705203654
376721	440826	1440705203654
376721	95467	1440705203654
152963	121086	1440705440324
31677	248455	1440705478351
631154	340200	1440705607321
994099	412388	1440705648320
862751	30479	1440705679900
152963	288652	1440705957287
19506	166553	1440706124157
218828	161571	1440706162368
495095	276494	1440706313337
961421	205872	1440706321046
961421	339571	1440706321150
686854	115213	1440706485431
411554	38932	1440706659487
804216	132683	1440707334394
841767	260194	1440707372255
898590	367434	1440707555944
152963	411280	1440707673539
895999	420960	1440707727321
895999	449764	1440708319874
173863	298120	1440708658471
895999	432807	1440708993523
895999	345477	1440708993523
518659	136034	1440709175061
757892	88975	1440709271254
389757	242976	1440709602325
466691	461686	1440709663382
466691	108924	1440709663382
837675	280187	1440710346003
1126569	268755	1440710443655
563495	190000	1440710896011
152963	248455	1440711013802
608098	59122	1440711045730
613066	220003	1440711321795
613066	319900	1440711321795
916742	142843	1440711553033
1025263	253175	1440711915154
1010111	120990	1440712330578
1010111	301113	1440712330578
1010111	236969	1440712330625
645525	19523	1440712458393
722875	268972	1440712793894
152963	421198	1440714484700
686854	76121	1440716211184
686854	290819	1440716211224
686854	56762	1440716211224
686854	395952	1440716211241
725439	239514	1440716713167
1165061	96609	1440717536221
1165061	172277	1440717536221
1236241	166435	1440717537652
418092	426707	1440717911214
895999	64377	1440718256552
809129	306297	1440719009941
152963	211080	1440719555682
1377363	35278	1440719924723
29529	136611	1440720307678
1074354	256007	1440721747475
994820	251396	1440722961297
895999	360964	1440723489656
1126569	303960	1440723541348
137057	432793	1440723750608
1059939	51650	1440725307423
994820	409770	1440726012632
787440	399254	1440726559358
191632	320130	1440727317947
1358585	125440	1440728759192
510215	180182	1440728848387
911378	70480	1440730274506
1115990	345694	1440730308295
141790	241752	1440730908745
1322674	54765	1440733213084
242105	350629	1440734041160
242105	360380	1440734041201
242105	248189	1440734041258
242105	10034	1440734041496
689605	38862	1440734656652
590308	11768	1440738464514
595640	248455	1440738813543
460900	450726	1440739881984
1098959	320130	1440742802149
712880	105190	1440743001869
522427	446507	1440743389886
522427	20360	1440743389886
888593	248455	1440743714071
684531	443030	1440747728935
684531	233128	1440747728966
1396109	127631	1440747762282
1151604	448428	1440748589789
280361	162662	1440768479388
280361	374272	1440768479388
280361	337489	1440768479406
280361	324707	1440768479420
280361	361945	1440768479436
280361	351125	1440768479452
280361	152037	1440768479467
280361	315710	1440768479467
280361	224231	1440768479467
280361	232400	1440768479467
280361	363125	1440768479467
280361	416357	1440768479483
280361	317134	1440768479483
1188424	376353	1440770819859
263733	188381	1440773072086
407277	214495	1440773385159
407277	293799	1440773385190
484584	158912	1440773573916
88361	320130	1440773756587
1272843	190732	1440774098104
623233	166402	1440774932194
152963	96940	1440775915015
152963	242007	1440776190326
757934	196658	1440776865089
1130032	279413	1440777027142
1130032	153975	1440777027143
409412	358565	1440777153972
1240704	263258	1440777613336
1034255	286736	1440778520836
379363	449381	1440778794684
1350128	264456	1440779820224
1350128	422965	1440779820255
156036	108486	1440780867445
781980	308438	1440781248567
1113443	101969	1440781625169
1113443	396281	1440781625169
1113443	99187	1440781625169
465974	241853	1440781856825
645525	248455	1440781970927
1150086	39854	1440782040931
569539	420960	1440782252559
152963	51259	1440782270428
994820	276013	1440782380992
716609	234390	1440782528189
446543	167769	1440782734680
1088880	295475	1440783375458
1088880	96807	1440783375458
1088880	152824	1440783375473
279034	388119	1440783457197
564916	302098	1440783545189
137876	79877	1440783835438
569539	75392	1440784137242
569539	90910	1440784137242
152963	289103	1440784343315
1295179	40804	1440784600796
896012	275294	1440784921642
896012	456056	1440784921642
896012	162662	1440784921673
173863	218871	1440785034473
1276539	9759	1440785052322
218828	210571	1440785151049
486312	228882	1440785371736
569539	8070	1440785424936
282440	148529	1440786116431
282440	437520	1440786116431
1344941	194186	1440786262382
1344941	227239	1440786262641
1126569	158601	1440786265109
760537	319941	1440786283930
994820	146081	1440786435569
354660	413902	1440786903672
569539	308704	1440787234971
1000306	374272	1440787327114
1000306	349104	1440787856080
569539	351481	1440788717219
427943	139725	1440789008191
1207232	341928	1440789136417
276809	136523	1440789421063
152963	308283	1440789434674
961272	397912	1440789470674
961272	3656	1440789470674
961272	226870	1440789470689
617872	380212	1440789583133
152963	10516	1440790127957
152963	354301	1440790127988
569539	102020	1440790302476
569539	41763	1440790302476
645525	43267	1440790496269
417153	444741	1440791618841
1310119	201578	1440794133398
994820	110077	1440795243006
645525	438151	1440795539661
518659	399048	1440795791568
518659	390380	1440795791568
796062	445676	1440796845904
1319884	334520	1440798140067
569539	165169	1440798180609
379340	220445	1440798415283
1316765	312728	1440798988287
1166651	379387	1440799302175
772015	438484	1440799459207
1063848	355994	1440800463086
118450	136602	1440801243469
118450	394204	1440801243469
433791	139918	1440801294633
569539	384157	1440802319085
1352044	69325	1440803739412
905976	256146	1440804593280
136002	448428	1440805646977
569539	269110	1440806062523
988658	315800	1440807417020
988658	412260	1440807417067
988658	350069	1440807417067
269448	288652	1440808096334
569539	330506	1440808441539
426015	457119	1440809220964
994820	255689	1440809253535
900966	80503	1440809415756
516355	190260	1440810873079
225633	34857	1440811089264
949780	435105	1440811340991
555519	377617	1440812378379
569539	438484	1440812652250
1303691	361976	1440816803884
1156525	343878	1440819151817
1108664	148513	1440820271939
891328	334401	1440820309089
891328	272324	1440820309105
1208486	60215	1440820337378
1326554	186256	1440820397227
1009766	456912	1440821452824
1009766	320130	1440821452840
383087	79378	1440821495821
582638	264067	1440824954838
245983	464404	1440825403119
1312927	59586	1440825418025
59291	59586	1440826102847
59291	12514	1440826102847
203525	388223	1440826510289
513408	19349	1440829561763
52967	290999	1440830587752
110561	264179	1440833921681
110561	307770	1440833921697
945508	9877	1440855043496
1355680	441343	1440859921192
211122	98407	1440860802497
758797	319604	1440862922653
1047637	233245	1440863051423
645525	276762	1440865008890
645525	165080	1440865595136
735385	11150	1440865699758
107797	450082	1440865948481
828542	98428	1440866831968
645525	91168	1440867414990
645525	192931	1440869392385
645525	425310	1440871053978
1004134	98467	1440873100282
737053	150700	1440874015848
737053	199899	1440874015848
737053	72911	1440874015848
105465	432842	1440875428653
995714	373384	1440876259452
661931	103776	1440877045031
645525	79378	1440877693878
1172037	320130	1440878606869
1323880	29757	1440878952034
1323880	180380	1440878952348
654718	11532	1440879193022
1121386	113438	1440879655104
711167	253156	1440881091312
33608	279436	1440881208189
645525	305520	1440881878508
913185	185167	1440883665362
433791	302142	1440883853896
295727	37976	1440884120443
645525	98835	1440885177149
728701	345211	1440885536971
1061336	162139	1440885679928
595640	99187	1440887574494
595640	396281	1440887574494
645525	121680	1440887752551
645525	175907	1440887752551
1001263	149724	1440891348866
569539	139918	1440892025568
1068179	366415	1440892056449
1394236	231205	1440895661420
120699	446411	1440896444758
120699	213834	1440896444758
1376254	338660	1440896913913
1254717	272259	1440898712168
190644	15668	1440899676678
141819	244571	1440899857234
539661	154919	1440901981303
539661	76767	1440901981303
256781	51268	1440902931748
569539	45393	1440903261694
17629	230397	1440904389613
203955	65593	1440905027448
17629	192875	1440905442002
870843	213834	1440905991455
870843	345373	1440905991455
278265	451312	1440909979699
1064422	395017	1440911464440
1064422	125398	1440911464440
1072496	162139	1440912379774
350045	5379	1440915894061
1163432	61303	1440918004187
1204372	125263	1440918266505
1204372	397912	1440918266522
1204372	446542	1440918267600
1191434	335655	1440918404821
1191434	167900	1440921358461
839529	303715	1440921901085
661931	145730	1440925138617
850462	64776	1440925330239
494643	451553	1440934101576
1340078	162458	1440938611194
1341642	368886	1440943314268
68646	297097	1440943487027
254579	10581	1440944295532
576252	117977	1440944400807
1270266	377617	1440945687668
1179416	119972	1440946034123
1179416	17479	1440946034138
176356	230397	1440950024900
977305	140661	1440951379690
1033678	314029	1440951475897
1331232	17189	1440951511721
992397	63136	1440951524908
638627	54765	1440951636097
844406	156302	1440951806989
994820	15001	1440952004984
1151782	206693	1440952073420
962863	348503	1440952642097
1206306	318871	1440952763321
1092409	190000	1440952797151
530559	382099	1440954143642
1011796	124764	1440954715098
1011796	26988	1440954715098
530559	278272	1440955286186
530559	226776	1440955286186
961001	302407	1440955323700
998502	236601	1440956078903
994820	190000	1440956660781
1306387	316135	1440957150155
530559	325310	1440957557635
994820	329244	1440959293513
796367	402608	1440959739586
622097	2838	1440960186076
622097	107352	1440960186091
994820	455183	1440960363124
1230558	283916	1440960378637
1079139	287737	1440960509655
1079139	3155	1440960509670
1375137	418759	1440960515612
959808	192875	1440961455644
122385	395749	1440961905623
530559	277328	1440962127919
373098	73695	1440962169829
754039	124764	1440963152949
754039	262591	1440963152980
754039	273168	1440963153011
754039	212789	1440963153074
754039	351044	1440963153074
754039	113935	1440963153074
1044793	325977	1440963335255
1236594	139725	1440963535928
808750	173653	1440963664820
831928	31830	1440963683028
831928	127123	1440963683091
831928	213834	1440963683091
831928	195958	1440963683091
553772	173653	1440963948090
1031191	401151	1440963999034
698162	350525	1440964177538
1030439	318871	1440964213917
842713	173653	1440964388060
372354	386480	1440964562983
1179152	173653	1440964628169
683069	8096	1440964630953
99081	170262	1440964704585
1018074	124264	1440964734657
981516	173653	1440964920489
1325162	73695	1440965268717
994820	418759	1440965276783
1106563	173653	1440965349285
1248438	158594	1440965468524
1248438	19989	1440965468524
602027	239514	1440965579016
1284823	433606	1440965837937
994820	461686	1440965913629
949435	351044	1440966397799
509346	395969	1440966514151
994820	318871	1440966643348
67744	33993	1440967004212
67744	333227	1440967004213
1166385	22495	1440967377032
1243545	204249	1440967662819
656771	196629	1440967754961
1331661	277328	1440967840194
973633	283858	1440968087421
973633	117983	1440968087437
529371	328248	1440968309764
997690	240721	1440969562040
835566	36864	1440969906702
692199	368037	1440972576571
329490	127507	1440972919305
737053	315084	1440973461421
994820	335814	1440973614692
1258857	132683	1440973654786
433111	135918	1440973726836
433111	217584	1440973726837
970208	170403	1440973765056
312000	340203	1440973994715
1018074	19349	1440974525579
1165148	85416	1440975097088
840638	462188	1440975644067
638272	15001	1440976377644
530559	118914	1440976594346
530559	16813	1440976594362
530559	422905	1440976594362
947562	42885	1440976738433
401979	299111	1440977850581
401979	230397	1440977850581
401979	227024	1440977850597
994820	32164	1440978014874
52493	93558	1440978613016
1121652	461686	1440979082624
1121652	35608	1440979082639
1121652	38751	1440979082639
994820	275729	1440980161106
530559	246354	1440980420387
994820	119720	1440981520358
994820	54765	1440982672272
1165148	188669	1440982737644
245823	414302	1440983438330
245823	413476	1440983438409
1176392	173653	1440984464728
1068387	79056	1440984701651
950153	36370	1440985071530
950153	270142	1440985071562
950153	273818	1440985071577
950153	430162	1440985071593
950153	296795	1440985071609
950153	109544	1440985071624
1232791	173653	1440985285259
258317	124687	1440985671103
258317	330421	1440985671118
39985	173653	1440985988601
924839	173653	1440986444663
1263757	173653	1440986790964
1365382	54765	1440987221894
808966	11150	1440987987050
737053	206317	1440988444205
563454	869	1440989227168
548257	360200	1440989598868
635052	174882	1440990351688
1104771	218881	1440990799448
1104771	173313	1440990799468
1104771	7111	1440990799490
1104771	296795	1440990799502
1104771	419712	1440990799517
722953	11198	1440990884296
1190799	62507	1440992206352
1183412	461686	1440992347489
1020763	41798	1440992749377
793661	181762	1440992962936
793661	63652	1440992962998
904015	31514	1440993600426
87891	430200	1440994556880
332232	365888	1440995236017
1251920	190416	1440995851730
685502	460607	1440995927805
1200508	304028	1440996672386
815678	407046	1440997068129
101821	342331	1440997888226
598077	49813	1441000120279
168932	332078	1441000244607
137452	288846	1441002199393
716683	172108	1441010786025
509346	240146	1441023775124
509346	201816	1441023775218
1172832	455783	1441030129270
475172	301843	1441032338705
1074644	324079	1441032582955
415345	216842	1441032814240
187536	461686	1441033731501
1023195	271685	1441033751490
1237022	158823	1441033963234
804983	453857	1441034094071
581004	406071	1441034613265
843884	228392	1441034800991
1206805	195423	1441036711034
537309	145367	1441037753464
1349106	206823	1441038661222
425428	350968	1441038980964
524974	317978	1441039024152
1153145	293808	1441039084354
1349746	247420	1441039449330
645525	331027	1441040928729
569539	188550	1441041110092
915213	328185	1441041205340
915213	169213	1441041205340
645525	25857	1441042329186
569539	290999	1441043697659
569539	119736	1441043697674
77268	314657	1441043752691
152963	152120	1441044002662
991189	167121	1441044690075
991189	61154	1441044690090
143174	317987	1441045099613
530559	400334	1441045186227
621384	108827	1441045377120
1039506	371067	1441045594794
1145919	16141	1441046159118
569539	132156	1441046292203
193864	9903	1441046580791
1294899	221317	1441046738126
240800	442423	1441046883470
647087	9877	1441047059276
569539	162024	1441047167035
152963	176995	1441047282921
1218508	8611	1441047814308
1378332	8259	1441048292187
1378332	186702	1441048292187
677571	276096	1441048504692
870114	430254	1441048526968
1241565	399317	1441048726813
218658	180363	1441049226193
24688	216768	1441049475781
569539	206527	1441050093306
698816	13398	1441050240191
698816	175914	1441050240195
795975	236533	1441050530536
630841	287496	1441050699152
436517	409804	1441050839426
153018	241752	1441053008225
883927	431728	1441053121760
952446	257254	1441053171368
952446	364017	1441053171431
645525	434116	1441053181146
569539	73760	1441053235549
1160258	42523	1441053274804
1160258	312929	1441053274804
899857	76512	1441053369416
20984	84595	1441054223305
126643	191763	1441054388836
990624	35158	1441054485329
990624	231137	1441054485345
645525	86031	1441054745000
542485	104628	1441055089820
645525	441385	1441055438249
743497	179714	1441055632857
645525	131715	1441055986157
565978	217884	1441056047924
1210136	358927	1441056112559
1210136	176669	1441056112559
1210136	334401	1441056112559
1210136	253214	1441056112559
1210136	1684	1441056112559
879818	233128	1441056228924
879818	390226	1441056228925
879818	275874	1441056228930
1013418	94120	1441056254482
1013418	209050	1441056254488
569539	116974	1441056324352
645525	377691	1441056591244
645525	338660	1441057337387
122347	383589	1441057828218
1001317	320130	1441057915691
418745	133423	1441058276023
567071	190590	1441058293909
530559	356475	1441058565057
565978	443647	1441058694118
565978	442003	1441058694133
569539	213785	1441059173593
1266427	123329	1441059212020
1266427	248605	1441059212021
1266427	233734	1441059212021
645525	420943	1441059850680
645525	185167	1441059850680
645525	45089	1441059850680
384851	294287	1441060241744
569539	275677	1441060333597
569539	335536	1441060333613
569539	165282	1441060333613
569539	401529	1441060333613
645525	181365	1441061193247
302022	63651	1441061559746
990103	35477	1441061785734
432140	17478	1441062179891
645525	355994	1441062687729
470487	361982	1441063788102
1318167	404615	1441064300239
1318167	67154	1441064303046
1318167	50722	1441064303146
1017263	62275	1441064594333
1017263	49257	1441064594339
690443	445105	1441065020843
645525	354881	1441065751844
645525	50671	1441065751906
645525	173313	1441066467539
569539	430050	1441066681754
599943	72958	1441067964808
775150	426392	1441068655310
281161	449776	1441068992866
651768	129209	1441070494189
1126569	132683	1441071284051
530559	384302	1441071739902
530559	253156	1441072552554
645525	129774	1441074905208
169151	343808	1441075047074
169151	192653	1441075047090
169151	150700	1441075047090
169151	302248	1441075047090
169151	164191	1441075047090
169151	7804	1441075047090
34157	157375	1441075744600
1381558	438759	1441076108209
1002583	2873	1441076691919
905952	91152	1441077012407
1264440	440677	1441077050139
1379149	223644	1441077910918
490604	128581	1441078235363
1383834	200678	1441078506624
921499	458019	1441081190794
644887	128296	1441082070499
361291	214461	1441082998475
177211	348326	1441083703520
177211	406577	1441083703523
177211	4067	1441083703527
177211	425726	1441083703527
177211	301721	1441083703528
177211	154955	1441083703551
177211	377868	1441083703575
891134	209184	1441086085148
555511	109405	1441086086040
555511	402557	1441086086040
1326335	104261	1441086272916
823721	190774	1441089058326
1170314	307770	1441089250017
569740	350525	1441093934411
113592	334823	1441115959770
457978	183511	1441118606525
457978	221900	1441118606525
457978	298056	1441118606540
457978	76426	1441118606542
457978	239080	1441118606546
582525	147	1441119453098
582525	250462	1441119453099
393947	168952	1441120534280
530559	207865	1441120762887
247967	51920	1441123754076
152963	302959	1441123780874
169151	420524	1441124088287
169151	212705	1441124088288
1353280	263245	1441124266680
994820	385921	1441124319092
1203751	68280	1441125016750
173517	442837	1441125719639
190678	222422	1441126362977
645525	135323	1441126877927
152963	20010	1441127142976
152963	29863	1441127386966
152963	137427	1441127661344
627868	326013	1441128311864
627868	434397	1441128311864
152963	171427	1441128373936
152963	308779	1441128373952
530559	299954	1441128753959
530559	132338	1441128753959
152963	85774	1441128797612
645525	441697	1441128914225
875538	371681	1441129257429
152963	76121	1441129671909
152963	195958	1441129671909
509017	46232	1441130031839
152963	276821	1441130218453
650824	109994	1441130402116
837242	342425	1441130739822
320195	339356	1441130768942
1180332	251448	1441130921317
1058123	19972	1441131193472
1058123	263871	1441131193472
152963	404927	1441131683532
152963	45089	1441131683704
152963	88446	1441131683704
1216153	441668	1441132033236
509017	409804	1441132357604
660952	199874	1441132885696
445245	43590	1441134036824
822416	22161	1441134436628
561581	349516	1441134561067
580236	22161	1441134991102
727576	182738	1441135070894
727576	7943	1441135070906
152963	92361	1441135480401
530559	241752	1441135672531
729150	444677	1441136223323
729150	98595	1441136223448
729150	192653	1441136223479
729150	146855	1441136223526
729150	237255	1441136223526
56096	423342	1441136453271
152963	92341	1441136460130
152963	458265	1441136460224
672404	305997	1441136801465
1080955	294109	1441139722906
227926	284061	1441139873902
227926	257308	1441139873902
227926	254957	1441139873980
227926	65633	1441139874074
227926	66330	1441139874074
1215034	46444	1441140143316
515906	341578	1441140561029
473078	149442	1441141217032
1244998	312728	1441141617953
475172	302310	1441141868563
1354703	220513	1441142029627
45969	200802	1441142387378
152963	1531	1441142865560
554892	215378	1441142969704
208662	391305	1441143138167
1363526	461686	1441143822905
34850	295184	1441144444102
1278635	427979	1441144628750
994820	19934	1441145135574
1121665	324757	1441145267046
686854	414171	1441145696862
1313381	265783	1441145796596
1313381	155382	1441146214081
152963	304839	1441147173411
543365	100821	1441147730523
1084561	466135	1441148046859
152963	308102	1441148121734
239279	40058	1441148387189
173863	241853	1441148435952
132727	158666	1441148524701
994820	86761	1441150350617
530559	404264	1441150694389
348983	46130	1441151339401
995397	93001	1441151681845
994820	375332	1441151943021
611993	301448	1441152324863
611993	206968	1441152324878
1003058	31058	1441152532114
152963	411934	1441153191222
463223	120990	1441153459956
463223	179013	1441153459962
923179	229167	1441153634450
152963	354881	1441153959547
152963	331937	1441153959594
101633	224295	1441154874754
994820	117044	1441155700206
420780	305997	1441157851399
952904	303573	1441159922566
824760	355554	1441161019268
151077	364074	1441163283075
414616	454878	1441163883773
414616	451312	1441163883773
1329391	214790	1441165717804
1329391	422905	1441165717806
98799	305833	1441166309726
1134963	22327	1441168528156
976623	464404	1441169270622
427504	375693	1441170024340
427504	407402	1441170024342
626492	46938	1441170099804
738601	72435	1441172120747
945508	241555	1441172557037
205453	375938	1441172726304
1151604	214003	1441185088379
87380	440677	1441185292177
952904	43481	1441198533078
952904	153830	1441198533090
153312	207430	1441198872427
470959	54711	1441202516252
470959	265810	1441202516315
470959	140037	1441202516315
198573	9745	1441203600243
198573	128569	1441203600243
198573	13711	1441203600244
198573	143418	1441203600256
1108919	286268	1441204471668
560891	417156	1441205452981
1156525	184523	1441206563375
1156525	109416	1441206563517
1156525	290993	1441206563533
394294	373877	1441208030506
549812	96149	1441209463338
311522	153778	1441209997631
1150086	444741	1441210685543
330222	384302	1441211006199
569539	176869	1441211054954
422618	410176	1441211539545
1150086	398907	1441211715727
1150086	172894	1441211715758
1399705	8833	1441211960266
918651	332183	1441212019542
918651	411128	1441212019542
918651	218529	1441212019542
918651	137163	1441212019542
918651	111530	1441212019542
918651	9385	1441212019542
1214933	2455	1441212890205
1214933	27159	1441212890330
569539	279656	1441212933813
573249	192268	1441213136797
895999	437922	1441213219605
1203461	132683	1441213282492
657508	277490	1441213638797
1075203	432842	1441214003549
1150086	40359	1441214014969
1084952	11670	1441214038812
1084952	145730	1441214038875
327687	20968	1441214470228
1084952	50648	1441214537714
1257991	278679	1441214708413
381122	167540	1441215579041
465669	100114	1441215657474
565892	168952	1441216199751
1043630	349104	1441217382702
1104076	145403	1441217953063
173863	33087	1441218154161
895999	424245	1441218166476
693709	220191	1441218322624
242105	408737	1441218456543
785782	66943	1441218957129
569539	375854	1441220382709
501099	123664	1441220660331
569539	350384	1441221263308
569539	134992	1441221263324
947392	447890	1441221738778
641077	167543	1441221803030
1195643	71836	1441222268603
771903	80858	1441222800847
713283	444531	1441223378510
994820	307832	1441224065160
359293	340375	1441224239234
569539	49257	1441224616014
188270	339356	1441225065920
18024	228644	1441225246271
569539	53113	1441225395025
497449	315543	1441226259960
788900	65892	1441226338616
788900	114319	1441226338632
788900	7804	1441226338647
788900	15283	1441226338647
788900	270383	1441226338679
1212730	243949	1441226852175
671272	97661	1441227110091
923017	391688	1441227192591
361339	20388	1441227205683
1379241	317795	1441227240480
854517	447848	1441227523504
449506	77148	1441227643102
761783	303473	1441228643576
281778	409804	1441228685051
292675	350140	1441230064034
569539	117096	1441231500819
569539	60317	1441231500819
90186	346996	1441231853415
1150086	419761	1441232382980
521451	369933	1441232483327
1150086	377888	1441232867077
948926	241612	1441232876531
1397591	88886	1441233461947
841657	266553	1441233517440
1150086	68128	1441234036643
569539	136053	1441234489012
793866	5664	1441234584040
986085	381262	1441234721745
978758	90992	1441235477778
994820	30383	1441236649935
1150086	303637	1441237631667
666897	321521	1441238005462
1150086	465824	1441238082193
569539	453618	1441239554799
569539	265326	1441239554801
569539	132246	1441239554806
1098616	377516	1441239617167
994820	306034	1441242682777
994820	244756	1441244304905
1150086	120822	1441244856130
832773	195852	1441245536046
1150086	208450	1441246275478
994820	140766	1441246583019
586891	235902	1441246711630
435603	335366	1441246929176
1043417	294424	1441248837062
1299406	312728	1441249095300
726478	298135	1441249487218
726478	355671	1441249487222
296947	106305	1441250846489
548514	78172	1441250888692
187991	350384	1441251467076
187991	134992	1441251467076
1329391	67481	1441251996910
1329391	245651	1441251996925
433256	114768	1441252149054
1385863	148580	1441254081522
480011	98065	1441255544223
1230189	3099	1441255674158
887168	315387	1441255812480
1363612	369992	1441256488826
1363612	46910	1441256488826
1363612	132057	1441256488889
1349325	323290	1441258225298
1076479	128602	1441258313628
1076479	340927	1441258313628
654608	82586	1441261001419
1301468	15312	1441262802801
1301468	432184	1441262802853
1301468	204980	1441262802872
1270116	58417	1441263141334
1405929	218130	1441263426115
1074117	334786	1441265722935
373852	312513	1441268449540
1363612	151538	1441284943882
1363612	194562	1441284943887
1363612	136587	1441284943888
1363612	178608	1441284943889
374805	54980	1441287809593
374805	157121	1441287809613
374805	381759	1441287809619
374805	341701	1441287809621
1390722	462133	1441289111321
146505	63294	1441292173159
1282744	174489	1441293337414
523058	125751	1441293870631
994820	424245	1441294725481
367485	338879	1441295489973
224781	132683	1441296385011
173863	268755	1441296974254
610841	372442	1441298962229
895999	210279	1441299407329
1126569	411934	1441299558499
1400110	225510	1441299619109
466834	150215	1441300354898
845399	46300	1441300602436
289113	20388	1441300638505
1372585	161698	1441302249744
779000	138427	1441303071480
537742	141913	1441303152089
100439	263338	1441303479997
1179331	88432	1441304328212
298235	458919	1441304677955
173863	233132	1441305123308
1378697	282064	1441305142171
710159	455275	1441305264165
622704	222765	1441305404246
588703	319900	1441305866340
700881	67438	1441306529206
1126569	188051	1441307579272
918277	110936	1441307928097
918277	61840	1441307928100
918277	420666	1441307928102
918277	283919	1441307928103
918277	50180	1441307928105
918277	220970	1441307928105
918277	25662	1441307928343
918277	383416	1441307928346
918277	149452	1441307928347
918277	450762	1441307928349
918277	66969	1441307928351
173863	151125	1441309017570
768946	206218	1441309060509
768946	38083	1441309060541
768946	334401	1441309060541
343283	377981	1441309060553
1370169	413310	1441310994198
460720	46938	1441311379976
994820	114786	1441311671306
837613	138427	1441311742957
740308	157004	1441312446701
63786	342530	1441312621090
63786	294242	1441312861518
895999	228287	1441312901812
384289	300431	1441313068260
530559	320788	1441313732019
1126569	416017	1441313768416
625275	288616	1441314396219
93328	323641	1441315887221
842264	126926	1441316229909
1345741	184217	1441316801206
808400	159624	1441316815750
28387	372002	1441316821188
221868	412813	1441316893934
221868	77923	1441316893997
1234063	348178	1441318626764
518659	428891	1441318857450
518659	387697	1441318857466
787878	218817	1441319864808
1233722	44045	1441320054728
1277142	236180	1441320529005
1277142	432842	1441320529005
795056	224168	1441320887244
795056	440283	1441320887260
198153	417912	1441321010110
134805	52358	1441322602615
133817	37011	1441322684757
145494	274460	1441323569193
895999	450082	1441323627602
347686	46130	1441324398774
347686	213834	1441324398790
895999	322123	1441324535285
518659	387192	1441324855966
408630	98178	1441325102074
1082536	384157	1441325554645
994820	460625	1441326153106
498134	73617	1441326314550
530559	108343	1441327845367
530559	335331	1441327845367
503906	46232	1441328166450
1037384	320526	1441328228608
715841	312728	1441328257529
883745	444893	1441328530691
883745	26008	1441328530738
883745	188377	1441328530739
530559	338660	1441330416001
530559	119736	1441330416001
7773	414831	1441330579512
1194376	220472	1441330946756
925062	247326	1441331924297
1056168	389158	1441332512321
1020024	396042	1441332580716
454654	7145	1441333100536
454654	214617	1441333100548
454654	459605	1441333100560
454654	242920	1441333100581
454654	103412	1441333100593
454654	131609	1441333100605
1304200	373842	1441333829098
947400	234222	1441333875825
948540	390854	1441334839029
1290336	389860	1441335271080
221331	108486	1441337813032
121775	160904	1441338383763
1195833	287561	1441338399259
1387562	192452	1441338687337
1194554	222888	1441341061106
857716	213834	1441341320714
857716	9975	1441341320714
1061238	384302	1441343522884
685118	286268	1441344440117
685118	22493	1441344440117
685118	264476	1441344440126
376250	438484	1441345479761
719946	287467	1441348388040
1326010	187848	1441348642375
767849	162139	1441370792719
854415	36442	1441374378275
152963	387377	1441379179655
382299	284080	1441380186261
382299	410355	1441380186277
397297	403576	1441380900761
152963	220472	1441381572249
1158831	301721	1441382972380
1150086	106454	1441383079444
165257	49184	1441383140306
1172087	312728	1441383759694
486312	441653	1441383872915
772273	314285	1441385648295
1145844	280234	1441385910141
899857	303058	1441386049051
1319444	76319	1441386626210
1150086	457970	1441386770977
214479	293420	1441387925144
214479	336121	1441387925223
214479	1152	1441387925223
214479	233427	1441387925238
214479	122604	1441387925238
244123	153437	1441388055532
244123	411858	1441388055532
244123	438484	1441388055532
244123	3656	1441388055533
244123	311292	1441388055533
518659	63543	1441388661804
1344782	153909	1441389432544
152963	373108	1441389449889
595388	196366	1441390897006
530559	157150	1441391015142
530559	235559	1441391015142
341443	169397	1441391397736
341443	403996	1441391397736
341443	56810	1441391397736
835586	180751	1441391680440
530559	317844	1441392680844
1150086	452361	1441393239919
132645	460668	1441393283580
1018880	305675	1441393776924
1018880	248547	1441393776987
518659	407046	1441393876991
901422	350581	1441393883843
954160	448600	1441394067858
530559	342154	1441394347456
662041	391189	1441394620198
118319	332227	1441395398103
518659	214461	1441395945402
518659	330305	1441395945418
727576	343104	1441396264963
727576	164130	1441396264964
661096	3244	1441396265300
541564	106644	1441397040284
824775	433759	1441397277539
896640	369112	1441397342964
614077	320130	1441398057642
614077	312776	1441398057645
226445	271019	1441398327867
226445	358021	1441398327946
895999	366517	1441398431631
122552	103567	1441398832743
814542	460924	1441399551770
814542	335457	1441399551775
436967	389860	1441399609789
530559	189265	1441399872613
963916	119383	1441400041616
152963	340825	1441400463109
703540	444190	1441400503681
703540	216241	1441400503696
1272533	115600	1441401634241
1080273	189265	1441401863871
152963	236158	1441402187098
152963	461686	1441402335899
152963	17910	1441403342793
1366787	420896	1441403425062
643768	231514	1441403569314
643768	287709	1441403571236
643768	110914	1441403571597
643768	175914	1441403571832
643768	384157	1441403571988
643768	137189	1441403572176
643768	135856	1441403573871
643768	114572	1441403574168
152963	15543	1441403968330
152963	63543	1441404153927
391258	239529	1441404639928
451072	214461	1441404754101
152963	110283	1441405245639
1172087	143860	1441405290858
737053	19135	1441405527175
163049	215051	1441406629921
1090824	233480	1441406687078
173863	218126	1441406774111
1204265	287696	1441407218278
152963	164035	1441407812610
359146	317199	1441408114615
1048033	430050	1441408697722
1048033	464319	1441408700551
737053	198784	1441409641225
152963	247601	1441409708551
152963	25762	1441409708709
1074248	352442	1441411256245
1105909	248626	1441413023473
1100984	398597	1441413622917
74699	138427	1441415242324
1197479	200947	1441415314665
1200339	55131	1441415481873
1200339	324290	1441415481873
883745	165348	1441417087776
1196160	185348	1441417439810
1263060	102673	1441418845904
316850	424245	1441424755339
1009186	355741	1441425143059
237072	434277	1441425692955
451189	82552	1441429288135
233733	465565	1441430999730
1349155	436577	1441431085187
46748	151471	1441431453885
1176392	94719	1441432095192
620297	412981	1441432520921
620297	232406	1441432520933
1183876	173291	1441433690749
169902	355393	1441434154536
565492	75552	1441445023833
565492	175337	1441445023833
658626	222069	1441461106527
1241973	367102	1441465357720
645525	420160	1441465966583
645525	72958	1441466750941
645525	242905	1441467336342
897961	181762	1441467587051
313075	153778	1441468669516
496689	466301	1441469655581
645525	314801	1441470127703
1165904	242961	1441471989571
1156870	329097	1441472052389
554737	434289	1441472355545
554737	213834	1441472355560
1156870	45972	1441473302910
645525	378045	1441473355070
864847	228365	1441473396185
994820	47298	1441473806282
1366465	335938	1441473837336
627293	27591	1441473897070
1230652	192414	1441474429922
229502	12720	1441475607939
134248	191330	1441476604844
1069987	268149	1441476918070
506838	174189	1441477017771
1110180	74758	1441479204515
1165148	330786	1441479381756
1033586	425925	1441479768735
1033586	342154	1441479768813
1083118	67486	1441479830076
460425	330786	1441480223332
207360	263765	1441480250683
122478	248455	1441481145485
645525	323484	1441482073520
994820	112219	1441483677092
895999	455183	1441484056112
760430	336753	1441484246163
760430	121311	1441484246172
760430	90579	1441484246278
624926	120411	1441485478232
75595	389088	1441485776669
994820	353111	1441486704958
664682	429464	1441488801317
664682	324963	1441488801379
994820	390182	1441489098310
938199	258970	1441489099953
1015807	370607	1441489270062
994820	78729	1441490449231
458400	108828	1441491886468
512033	276821	1441494129731
512033	340272	1441494129747
645525	262920	1441494519060
994820	256049	1441494696189
990819	30479	1441494854112
645525	95519	1441496312755
1384460	312357	1441498153409
239439	78729	1441499353082
645525	198171	1441500267895
645525	76426	1441500267895
994820	112782	1441500368775
189702	170818	1441502274174
645525	454818	1441502604919
290528	170572	1441502900672
763594	164035	1441503726215
699764	277746	1441504614490
645525	397371	1441505768524
255918	122604	1441507656325
255918	373637	1441507656325
255918	422992	1441507656325
255918	92361	1441507656325
1086003	218126	1441507717505
54210	87820	1441507820396
1347797	9629	1441509674146
732803	153778	1441510233606
119044	277746	1441511528355
117973	379551	1441513337493
639828	241853	1441514496059
740575	36995	1441517485327
740575	88672	1441517485327
740575	105334	1441517485327
718723	239538	1441518069525
68087	368403	1441518654943
718723	193481	1441519068886
421085	173589	1441520389499
850983	459664	1441521234200
283553	319680	1441530126661
283553	38965	1441530126661
877486	288174	1441530410373
877486	337850	1441530410425
453926	232744	1441530880983
997125	27130	1441531783219
997125	337850	1441531783275
411798	228151	1441538823468
411798	253338	1441538823499
395510	225412	1441555439551
553333	336200	1441555504618
1072220	84810	1441559153976
93652	335940	1441559850292
459290	352685	1441562814034
459290	108559	1441562814081
1150460	139287	1441563801844
643691	333867	1441564846134
1025012	102216	1441566663850
297634	190000	1441567421682
1189650	194506	1441569103004
216662	387164	1441569656937
645525	199026	1441573280338
1131362	201311	1441573538816
1131362	257035	1441573538817
1170438	78915	1441573677921
1080729	432930	1441574217730
1125791	140296	1441575857427
1030794	309173	1441575938181
994820	266710	1441576017014
741744	445351	1441576185513
741744	213834	1441576185572
994820	276559	1441578310045
1126569	305997	1441578383549
894114	254406	1441578958058
894114	118523	1441578958060
894114	101876	1441578958060
894114	219755	1441578958065
78067	259913	1441579256027
463466	383166	1441579900367
131768	153778	1441580171555
1000093	199101	1441581379132
548949	159780	1441581640666
127579	121078	1441582708200
994820	462070	1441583336310
295158	229382	1441583428814
645525	119736	1441584028216
856600	450760	1441584251707
347176	46232	1441584558932
727209	46232	1441585082755
917528	381375	1441585905551
310032	419225	1441586798577
310032	466114	1441586798593
1213423	280752	1441588526045
1213423	455638	1441588526056
1213423	276527	1441588526112
1380534	108484	1441588997401
1213423	255939	1441589043814
4537	166106	1441589173013
994820	252280	1441589903361
1219594	286200	1441590252733
390258	1261	1441590435781
1305818	138230	1441590519659
1319233	397311	1441591083025
382922	174489	1441592016957
441024	312476	1441593588138
441024	52960	1441593588234
676990	415884	1441594420443
676990	283386	1441594420489
676990	394099	1441594420491
676990	396526	1441594420493
1290967	198784	1441595404135
440630	321780	1441597146733
1103541	156665	1441597147595
1103541	291920	1441597147642
1103541	256146	1441597147642
1103541	97488	1441597147642
1103541	432391	1441597147642
1103541	186745	1441597147657
1103541	57243	1441597147657
1103541	15358	1441597147720
1103541	291964	1441597147720
1103541	100532	1441597147720
1103541	151848	1441597147735
1103541	410587	1441597147735
1103541	23912	1441597147782
1103541	8612	1441597147814
42552	334401	1441598929188
42552	234207	1441598929360
42552	49673	1441598929360
42552	150426	1441598929376
42552	185616	1441598929423
42552	124006	1441598929610
42552	236862	1441598930345
1346334	142459	1441599601533
1406708	209184	1441599889878
167887	390577	1441601587590
1194654	148103	1441603946924
256429	214369	1441604150459
1020574	15090	1441604213302
256429	122604	1441604366670
762703	25048	1441606701773
876719	355985	1441607054652
1017211	31605	1441608156262
617700	110354	1441621029315
617700	323641	1441621029320
617700	155589	1441621029324
467775	176363	1441633120244
251707	260493	1441634585898
1064436	103127	1441638017922
1105174	185348	1441639102173
1105174	28219	1441639102220
363277	178621	1441640153568
363277	201701	1441640153578
1111469	205409	1441641246087
84646	11226	1441641938215
1160976	342425	1441642072779
994820	447848	1441642183623
290976	69735	1441642234290
208662	289915	1441642423694
1003058	389200	1441642612583
265778	65633	1441642796439
265778	223392	1441642796439
265778	321257	1441642796486
265778	1443	1441642796502
870390	83556	1441642875605
356329	266900	1441643567052
1311937	333880	1441644042387
1098883	10948	1441644290547
250678	2711	1441644462250
871424	463402	1441644863025
673331	226378	1441644927625
864512	268415	1441645327393
429461	339901	1441645471618
429461	334401	1441645471618
1123419	156152	1441646100071
1000030	17108	1441646158628
897984	220066	1441646323622
1199640	285233	1441646798091
1199640	6583	1441646798138
1199640	2942	1441646798140
1199640	276328	1441646798146
1169129	270463	1441646814433
994820	368403	1441646957035
427949	388202	1441647033132
1150086	433759	1441647194869
264	459835	1441647285614
264	161949	1441647285708
683914	284394	1441647473109
994820	434959	1441647847646
867926	182644	1441647953554
671723	381947	1441648006408
1126569	167918	1441648335002
450303	338427	1441648755946
71586	461686	1441649735828
382286	280234	1441650297010
382286	257978	1441650297010
749501	377981	1441650335111
1150086	130865	1441650516903
1054695	7943	1441650653946
1280456	406021	1441650890703
142284	301368	1441651206899
994820	253500	1441651264624
994820	334401	1441651264624
1173466	420524	1441651544565
1035744	306647	1441652193096
1035744	9738	1441652193112
994820	449819	1441652566805
108570	183511	1441653030835
167336	126425	1441653628993
1150086	173433	1441654024861
73867	43267	1441654160493
325190	370223	1441654235991
1383726	148209	1441654884916
1378697	409804	1441655445494
45270	416855	1441655549772
994820	181680	1441657913296
671481	367102	1441657988209
283477	155544	1441658129596
283477	207791	1441658129596
283477	281710	1441658129596
283477	416757	1441658129612
283477	171875	1441658129612
283477	110489	1441658129674
283477	334401	1441658129706
1103912	181204	1441658338187
994820	42126	1441658368354
1126569	461686	1441658578835
1150086	176363	1441658613451
390547	333191	1441658853501
1397098	342330	1441659199471
186774	88278	1441659226391
523988	25317	1441659376548
219588	445937	1441659484739
219588	182086	1441659484770
917629	458945	1441659511465
152963	458945	1441659537711
1150086	69427	1441659593193
99589	212956	1441660362189
1134979	25590	1441660896072
1134979	95430	1441660896076
1192567	78163	1441661232803
102636	239514	1441661699586
1150086	268755	1441661711036
1320646	174778	1441661739876
484875	437715	1441662093668
1315376	170298	1441662229517
640476	188169	1441662304162
1381267	397476	1441662691289
755110	456838	1441662899540
1308517	70662	1441663217174
543423	397949	1441663348874
1150086	451741	1441663491822
372447	463002	1441663655539
1285810	165256	1441663777378
1315273	181651	1441665498146
390933	219181	1441666089784
76124	272969	1441666261879
1150086	464751	1441666485572
751291	102209	1441666546056
751291	222642	1441666546071
289481	230807	1441666709136
1303541	55337	1441666775293
1265333	429304	1441667020426
1265333	424421	1441667020455
518659	403848	1441667675467
62368	104139	1441667989799
1015243	31830	1441669238925
368499	368403	1441670083376
354752	429264	1441670571470
877309	252344	1441671078068
1046787	443938	1441671617900
1150086	27020	1441671877117
816637	464998	1441672116767
957685	252672	1441672340784
19052	273104	1441674709578
503889	228166	1441675399559
1150086	338794	1441677160339
1183811	290207	1441677642562
69982	207633	1441678358878
994820	11929	1441678665984
905751	230123	1441678868743
60711	88372	1441680592579
60711	24417	1441680592579
60711	11316	1441680592598
389694	316183	1441681070273
389694	387432	1441681070324
1374225	461686	1441681379966
1363767	371713	1441682121313
1294402	56382	1441684300353
116830	211418	1441685018100
114450	290207	1441686003107
618195	50377	1441686289276
980851	46232	1441686662477
794152	132683	1441687455924
725780	395184	1441688170657
816978	67438	1441689741829
508655	166106	1441689803597
436023	256665	1441690269282
366382	386160	1441692091887
391094	268883	1441693990953
320626	213834	1441695641030
320626	317816	1441695641045
1160955	252344	1441695779607
377978	461686	1441696821277
377978	384170	1441696821351
494728	222642	1441697590609
1200257	210525	1441697659824
729641	172825	1441700788284
1074170	426958	1441709690163
683255	12217	1441718454347
1118109	259189	1441720365502
1118109	294242	1441720365502
760119	249444	1441721193512
760119	393511	1441721523629
760119	14606	1441721877773
916527	92271	1441724735005
1150086	461686	1441725497734
776945	327104	1441727380677
937192	451336	1441727876710
152963	51556	1441728811392
152963	168717	1441728811408
152963	165789	1441729229042
1257461	253072	1441730176848
255006	33087	1441730346017
1032403	159894	1441730558453
1032403	380061	1441730558453
152963	335193	1441730692992
270632	436379	1441731029215
1150086	215051	1441731406497
198270	332108	1441731714363
1150086	415562	1441733111594
119446	81995	1441733980896
198270	285192	1441734174810
68318	379953	1441734186390
68318	308978	1441734186469
383786	312728	1441734213427
427622	312728	1441734235405
1122870	312728	1441734237251
724618	312728	1441734251688
189381	448453	1441734305362
1390675	73421	1441734809855
1390675	323735	1441734809902
1390675	443210	1441734809902
1390675	444061	1441734809917
152963	57723	1441735783315
198270	363206	1441735800105
152963	187934	1441735995772
198270	119868	1441736305882
257248	286645	1441736308720
198270	450156	1441736904784
198270	400442	1441736904799
198270	174489	1441738287338
1404894	129643	1441739020152
1357641	252344	1441739039310
1390842	361672	1441739278853
1281043	435047	1441739362051
1281043	68174	1441739362406
1281043	228157	1441739362410
863345	245985	1441740751593
127718	31853	1441740789954
1138492	214025	1441741027850
1069077	379551	1441741201169
669974	24219	1441741390352
480624	151125	1441741460642
1185940	223958	1441741483042
25896	105315	1441741677517
25896	395407	1441741677533
796670	278679	1441741779485
525008	313736	1441742047158
710152	21970	1441742149012
198270	370395	1441742422201
907815	368056	1441742702938
817474	334401	1441743137256
817474	253500	1441743137257
1150086	251945	1441743243666
943802	465329	1441743842011
1247378	310944	1441744408563
1252549	195854	1441744651928
53164	186468	1441745445533
53164	71748	1441745445533
198270	330370	1441745515164
842906	425867	1441746010851
513374	153035	1441746308946
906695	239423	1441746552498
521576	433834	1441746830572
968390	112766	1441747114049
198270	331514	1441747466430
225267	355393	1441747768150
1154431	367136	1441747840090
350733	13711	1441748301045
197926	403576	1441748683233
1011116	317557	1441749301206
1070440	201971	1441749509088
1150086	413834	1441749754735
219768	359361	1441749942864
133456	160115	1441750737563
728347	94014	1441751076021
156883	174489	1441751132982
413174	415818	1441751360206
1150086	372568	1441751953210
430913	190000	1441752236231
430913	455183	1441752236231
430913	198784	1441752236239
932633	103172	1441752287315
419475	213834	1441753013701
419475	46130	1441753013763
198270	447848	1441753473107
1150086	266553	1441754176062
1150086	227161	1441754485740
646913	330305	1441754760314
983224	457045	1441754832727
198270	454443	1441755647542
411302	457613	1441755693774
631228	214723	1441755918373
1043630	83489	1441756327919
198270	453537	1441757762772
513854	96628	1441757983355
739773	342077	1441758496015
634842	362191	1441758539249
198270	334401	1441758726441
198270	277247	1441758726441
198270	283269	1441758726740
1262804	340960	1441759081949
22079	106786	1441759222011
530559	461190	1441759346208
373992	404096	1441759616887
523663	213834	1441759948930
523663	46130	1441759948930
930694	6745	1441760447208
1011956	94748	1441760845800
1150086	282966	1441761269112
198270	53541	1441761429224
198270	272604	1441761429224
198270	265119	1441761429239
756574	354023	1441761550730
1150086	360831	1441761911214
1165148	338794	1441761991958
510429	461686	1441762044168
1150086	114121	1441762480141
175888	219512	1441765870944
906126	465565	1441765898605
650526	278830	1441765901420
603635	325419	1441766086307
475717	382483	1441767051498
1116575	361537	1441768288025
1003787	337367	1441768488807
645511	302863	1441768648378
502658	216008	1441769310517
1059065	277974	1441771199409
760119	81045	1441771484076
1327559	434534	1441771555907
642233	424912	1441772126883
430913	188051	1441772145956
751754	291648	1441772787016
1294769	394360	1441773651728
493708	10572	1441774543965
493708	20918	1441774544012
5939	379294	1441775370806
126230	295448	1441775417028
1045440	312357	1441775430564
343221	58676	1441778026143
296267	338435	1441781029161
872574	137005	1441782359019
1230424	231656	1441783541966
333607	398682	1441789617592
883404	222888	1441805314173
882108	258753	1441807829113
882108	429498	1441807829123
131764	96233	1441810252758
198270	279332	1441811284082
198270	416850	1441811284098
247235	268883	1441811361066
1393752	360880	1441811634580
1150086	283916	1441811996245
817474	370894	1441812456840
906707	208989	1441814195227
103171	254875	1441815245728
152963	214282	1441815549045
664551	358383	1441816065046
664551	295449	1441816065050
664551	193518	1441816065052
664551	100193	1441816065052
247235	313723	1441816157860
1150086	450565	1441816321519
608808	379697	1441816683871
608808	74786	1441816683871
247235	365411	1441816752227
669989	698	1441816809373
1071919	386535	1441817033737
152963	326779	1441817371668
152963	110666	1441817371793
983783	299679	1441817398885
463688	464566	1441818001346
1207439	289250	1441818285665
1205291	273198	1441818655651
1244056	246532	1441818711195
247235	386609	1441818809406
265968	198539	1441818879863
1343401	57243	1441818904641
6952	19789	1441819266409
6952	461686	1441819266416
6952	108924	1441819266424
483048	342206	1441819360405
47153	326268	1441819485089
152963	373107	1441819490670
247235	125530	1441819495398
1150086	234390	1441819663875
779794	438430	1441819797389
1022147	165589	1441819990534
247235	25857	1441820659004
152963	385355	1441821620636
542159	163297	1441821646774
1150086	99187	1441821727990
503587	382946	1441821754313
1256880	91888	1441822063139
1270129	182086	1441823004845
1283523	298771	1441823484602
125098	358485	1441823563046
1150086	464998	1441823967826
247235	334520	1441824017807
771313	22067	1441824045100
1038848	350384	1441824222681
629938	136301	1441824246451
247235	305798	1441824434262
718279	126332	1441824531760
497371	461686	1441824535918
497371	459319	1441824535918
497371	192043	1441824535949
497371	422376	1441824535981
497371	13188	1441824535981
497371	447067	1441824535996
497371	63406	1441824536152
497371	75392	1441824536168
497371	289006	1441824536199
1122870	22436	1441824753894
441782	133244	1441824945595
666335	332721	1441825271923
1150086	236266	1441825426016
247235	85914	1441825647097
75630	79056	1441825890846
1161980	282933	1441826463007
1033716	257878	1441826609356
1196715	91888	1441826631437
1150086	283579	1441826941976
73483	56630	1441826960469
1289081	205136	1441827063039
370552	386247	1441827075554
501429	303178	1441827110228
365962	7111	1441827296408
365962	217043	1441827414682
253399	191608	1441828198975
1310105	464751	1441828304140
349390	63376	1441829424314
1150086	408504	1441829440620
152963	249247	1441829599256
121320	387756	1441830407039
121320	364437	1441830407055
743198	248636	1441830459042
1312942	162139	1441830464477
1338587	223465	1441831782831
1338587	417992	1441831783003
1149667	36973	1441832266205
767157	147746	1441832443373
152963	380649	1441832574050
152963	130101	1441832574112
152963	264846	1441832574112
657096	334401	1441832736091
657096	403617	1441832736097
247235	278059	1441832873241
412092	392355	1441833931664
152963	333566	1441834237645
534021	276494	1441834306809
119531	81939	1441834444551
785001	159822	1441834891389
152963	438603	1441835068384
1189567	201620	1441835171118
1189567	263245	1441835171134
651390	277055	1441835428553
47803	461190	1441836046224
1330284	59885	1441836504517
608218	246997	1441837024881
104260	294790	1441837130331
1136741	187602	1441837225221
858951	343255	1441837437019
389780	291629	1441838174486
389780	5848	1441838174486
1081405	244834	1441838405641
1099519	158666	1441838458492
738908	254406	1441838464053
365962	72031	1441838542268
152963	413310	1441838773323
1150086	54982	1441839282547
863181	80226	1441839395984
152963	69236	1441841225139
172467	443103	1441841479136
172467	243250	1441841479244
1150086	390984	1441841803665
633919	323290	1441841810199
247235	80299	1441841945679
642130	461686	1441842119923
931074	297404	1441842786415
984171	272656	1441842921034
738908	219755	1441844050203
247235	8588	1441844938766
737053	41033	1441846650762
845681	415818	1441847833414
1299034	155354	1441849848537
175890	101554	1441850194313
175890	396732	1441850194313
175890	138884	1441850194313
670307	174489	1441850281446
390625	67081	1441852950951
1184443	80062	1441853023932
491610	214654	1441853111582
754472	275434	1441853262002
1124622	78379	1441854937746
455863	222333	1441857213030
355834	187602	1441857334545
355834	148146	1441857334572
355834	318893	1441857334582
355834	175199	1441857334597
355834	300394	1441857334606
924707	100108	1441858038029
501814	331514	1441858641765
501814	404264	1441858641780
501814	438283	1441858641843
1081431	363368	1441860182429
372352	57788	1441860699010
1077937	301344	1441861004782
305819	429344	1441862149814
1318401	378505	1441862409049
609009	461686	1441862871220
609009	32581	1441862871313
1310463	114302	1441863067025
949077	434277	1441863732022
404036	461686	1441863883236
404036	10572	1441863883365
778937	359026	1441865083608
778937	153778	1441865083608
602801	8833	1441868231030
984532	171586	1441868633464
1349155	255380	1441870565040
1349155	288312	1441870565045
1349155	336173	1441870565046
1349155	375876	1441870565050
695620	424806	1441871943383
983841	80054	1441874920082
794775	340027	1441879355501
527035	129668	1441884555785
683901	208939	1441887187127
683901	444190	1441887187221
683901	266553	1441887187237
683901	130221	1441887187252
683901	297765	1441887187709
727357	277833	1441887399586
727357	213834	1441887399615
170130	26634	1441893542483
247235	389525	1441897546696
595454	459659	1441897734354
1371620	457847	1441898371814
247235	415062	1441898667611
1363612	55779	1441898732514
1363612	431017	1441898732515
1363612	358485	1441898732516
558511	88749	1441899577164
994820	188051	1441899812628
645600	278143	1441899861498
896066	14606	1441900139183
1147655	188051	1441900501284
47803	315543	1441900584950
1147655	272969	1441900685495
1404265	116706	1441900756609
1404265	424912	1441900756625
1147655	37023	1441900906295
198270	151178	1441900910807
198270	120114	1441900910807
1147655	240248	1441900994146
1315702	93487	1441901051371
1147655	295449	1441901090896
995727	276684	1441901957764
1335082	100188	1441902229533
564895	315393	1441902288449
247235	202580	1441902300564
198270	444190	1441902610133
198270	29757	1441902610133
247235	450778	1441903252984
140810	292353	1441903809372
1051529	177695	1441904271927
939792	461686	1441904385652
939792	218794	1441904385656
105090	161566	1441904556504
1224155	199892	1441905043024
549012	126307	1441905148326
247235	346424	1441905613574
899857	34269	1441905713472
899857	126252	1441905713597
899857	244819	1441905713597
899857	219583	1441905713597
556179	266900	1441905792707
1073944	289065	1441906618667
84494	137427	1441906889987
9145	425458	1441907028961
9145	408059	1441907029008
247235	244834	1441907245699
173863	123127	1441907306311
984521	233936	1441907354685
238432	48661	1441907686462
247235	76918	1441908200725
247235	322588	1441908200725
478902	174489	1441908411066
895999	34757	1441908726311
50687	142459	1441909014718
658609	193272	1441909807380
867219	176289	1441910431657
565865	90594	1441910710634
394054	149723	1441910881473
340196	103127	1441911088608
384025	257412	1441911558524
1034827	440937	1441911845628
173863	174489	1441912560929
328322	213834	1441912671534
328322	445351	1441912671549
198270	380511	1441913407901
854227	372442	1441913757602
390743	112030	1441914480577
390743	44393	1441914480584
895999	179013	1441914659276
617963	447215	1441915759311
795056	112026	1441915826169
795056	336899	1441915826184
795056	240859	1441915826200
247235	332721	1441916175510
390499	33537	1441916375911
390499	2175	1441916375916
155340	431472	1441916622206
1283849	459615	1441917519057
1283849	189444	1441917519059
466583	7943	1441918356004
1147655	133330	1441919093290
1147655	391259	1441919184303
430663	257534	1441919383003
430663	212171	1441919383065
430663	370140	1441919383065
430663	278380	1441919383065
1147655	312414	1441919503008
111748	20218	1441919966994
198270	129116	1441920116794
1391079	222745	1441920323380
717072	356668	1441920648841
409799	426958	1441920826882
167394	160034	1441921025282
198270	76060	1441921559432
224553	144936	1441921664658
727930	161431	1441921730968
914895	270976	1441921839795
619488	245852	1441922036806
619488	216768	1441922036853
1098769	175407	1441922183790
1098769	3020	1441922183790
1040041	424193	1441922333007
774305	229309	1441922896675
860295	447755	1441922898074
1378430	354832	1441923298472
1378430	431608	1441923298477
198270	346650	1441923665875
1147655	79944	1441924256155
747952	461686	1441924260380
1147655	113802	1441924366711
198270	392082	1441924510889
198270	322190	1441925019637
3048	331032	1441925162594
639724	30395	1441925407338
1101111	107020	1441925596974
198270	244315	1441926057057
962091	59003	1441926894803
198270	167337	1441926905643
814892	426566	1441927277180
198270	355464	1441928699496
697687	95838	1441928940227
895999	81033	1441928962907
565617	442131	1441929217491
635436	43340	1441929653249
662735	445109	1441929681697
1226374	204121	1441929972560
1206963	110994	1441931018043
1206963	149407	1441931018123
1206963	108657	1441931018123
1206963	110164	1441931018123
926439	309336	1441931262832
1041111	442286	1441931369914
659024	245085	1441932371005
420807	81251	1441932778721
1038363	302959	1441935276570
534073	348326	1441936032040
534073	60330	1441936032056
1259402	368403	1441936580668
1259402	227439	1441936580668
1399500	338660	1441936939314
534073	460681	1441937389606
789277	320870	1441937609077
789277	319747	1441937611387
249658	106305	1441937988909
975820	1590	1441938112632
198270	172277	1441938324843
247235	389814	1441939662620
815466	444190	1441941253015
41416	107017	1441942008811
1100892	218746	1441943576062
1100892	213834	1441943576125
1352025	344236	1441943817969
36866	122435	1441944140124
36866	226092	1441944140181
552160	455223	1441944285536
407393	36290	1441944784741
956435	415562	1441945689468
654340	216329	1441947064990
1336181	105227	1441948876394
1336181	275580	1441948876409
1336181	9096	1441948876409
1336181	400161	1441948876409
227781	115958	1441950474864
227781	234960	1441950474880
227781	421471	1441950474880
227781	23489	1441950474911
1083253	87196	1441951546470
260971	392807	1441952269151
391300	435167	1441952475936
141660	321129	1441955216284
114828	90295	1441956961026
84233	215051	1441957730063
1375328	388064	1441968097792
1090325	216768	1441971464692
734432	182785	1441977237822
1293754	411860	1441979741380
1361451	389860	1441982552792
171718	273872	1441983841419
171718	277183	1441983841624
171718	412333	1441983841639
171718	4067	1441983842411
171718	86691	1441983842677
171718	256146	1441983842739
171718	380971	1441983842771
171718	123448	1441983843558
171718	336405	1441983843574
171718	15358	1441983844061
171718	449220	1441983844186
171718	85771	1441983844249
171718	172894	1441983844375
171718	271405	1441983845760
480399	219181	1441984558353
198270	90065	1441984770582
129811	66691	1441985032238
152963	98422	1441985099485
536824	205136	1441985952572
153121	259467	1441986209563
88920	270523	1441986332457
382460	67081	1441986806679
889244	271079	1441987335540
1175111	277247	1441987790644
1175111	209225	1441987790644
828542	427507	1441988050270
960093	258058	1441988068344
152963	377981	1441988068592
895999	205872	1441988216636
896066	188051	1441989039539
896066	46232	1441989294065
1352090	55531	1441989840051
825307	22436	1441989873208
1340083	377567	1441990177675
1340083	129299	1441990177737
896066	272969	1441990335001
1275590	207349	1441990357437
507612	135066	1441990411743
1122870	33245	1441990416442
724618	244571	1441990522125
896066	66752	1441990553264
1122870	98547	1441990643379
427622	143860	1441990646343
383786	338435	1441990677325
1122870	103242	1441991299751
152963	34757	1441991418040
654878	338435	1441992219985
1144858	367490	1441992267240
895999	213834	1441993486415
895999	39561	1441993486415
895999	466114	1441993489451
325157	148400	1441993617991
173863	289250	1441993669633
152963	55684	1441995059290
895999	83882	1441995551904
1245381	213834	1441995562524
1245381	62283	1441995562543
389287	280802	1441995686593
1222875	335970	1441996180777
675843	35221	1441996381290
675843	140201	1441996381387
675843	304979	1441996381403
213901	71380	1441996578850
152963	405380	1441996579601
152963	110645	1441996579601
152963	375444	1441996579601
152963	383504	1441996579601
1128190	153099	1441996614785
152963	451703	1441996996416
198270	171030	1441997387122
247235	466259	1441997391551
690787	37029	1441997854488
724618	370442	1441997949136
427622	370442	1441997974336
383786	390591	1441998009822
1122870	224605	1441998014951
1165148	348326	1441998512633
1398721	251871	1441998604886
746706	70662	1441998722749
475172	195083	1441998854104
846256	102478	1442000294131
152963	145868	1442000676129
1344912	133456	1442000679674
349713	461686	1442000751017
349713	10572	1442000751045
110481	20187	1442000878169
247235	155821	1442001023031
823124	267081	1442001214466
538822	199874	1442002662047
738773	65273	1442002887262
155977	374698	1442003290451
851970	253731	1442003523054
1129614	83833	1442004008478
1129614	116334	1442004008478
1129614	378517	1442004008480
1129614	257562	1442004008565
1129614	426926	1442004008566
1129614	271911	1442004008621
1129614	425593	1442004008626
1129614	28501	1442004008647
1182823	315393	1442004128524
1059363	213834	1442004317977
1059363	92814	1442004317977
760024	347505	1442004320032
152963	274374	1442005309298
895999	277247	1442005952314
895999	14214	1442005952360
895999	167728	1442005952360
198270	252622	1442006504502
198270	236000	1442006636926
1046490	434591	1442006872984
1249220	237852	1442006885857
895999	77573	1442007263480
895999	29757	1442007263480
555946	325852	1442007693416
1179650	169203	1442007933210
163691	330588	1442008002757
152963	174489	1442008853899
17970	415562	1442009872611
261238	106299	1442010562000
261238	159486	1442010562000
261238	226850	1442010562003
261238	193518	1442010562027
152963	135311	1442010978001
1229369	105932	1442011302326
633626	387252	1442012170247
974437	350177	1442013258192
974437	158112	1442013258192
758150	67481	1442013439340
152963	434682	1442013602560
182637	439303	1442013733524
173863	114814	1442013918882
724403	459139	1442013994535
342640	361976	1442014055760
8411	99296	1442015217746
107692	246610	1442015823956
721899	213239	1442016286080
863634	268604	1442017000877
863634	92600	1442017001022
198270	121955	1442017116443
228608	208939	1442019626523
198270	460187	1442019663969
485812	203594	1442019697686
867441	124081	1442019953721
867441	461686	1442019953721
867441	75392	1442019953721
430913	124264	1442020075937
1384843	312827	1442021115101
769836	165946	1442021267676
986413	335930	1442022118483
986413	147307	1442022118639
198270	346901	1442022703012
334469	32299	1442025815722
334469	213834	1442025815723
484064	17108	1442025845984
1311623	205136	1442025903557
320928	321780	1442028443401
82051	133456	1442029124763
520510	185668	1442029669291
240290	422376	1442031204265
864632	360156	1442038575909
1069746	214894	1442042998645
1399260	12996	1442044087843
1201694	369933	1442045452785
121481	140532	1442064558136
607285	139243	1442066330185
1303183	325852	1442066906706
71167	213239	1442071113310
1396541	435358	1442071423312
3581	220793	1442073123844
198270	236376	1442073156890
198270	369158	1442073156922
198270	405380	1442073156922
2807	240440	1442073832078
801172	34757	1442074021901
166605	128745	1442074596440
144291	69799	1442076437746
174823	264689	1442076666384
198270	303573	1442076990065
895999	182785	1442077143552
209895	28948	1442077642975
558068	27494	1442077646304
102227	51143	1442078396914
434250	78494	1442078505132
434250	436549	1442078667698
56971	133456	1442078781289
198270	59254	1442079071754
198270	244819	1442079410567
631251	319602	1442079478493
198270	164649	1442079582566
205203	340375	1442079733945
1335459	206930	1442079942585
198270	270523	1442080037338
68748	147555	1442081449253
55897	205603	1442081651518
247235	277490	1442082262415
740743	234299	1442082685549
530559	63543	1442082877123
198270	153778	1442084349966
944439	78496	1442084509894
247024	92198	1442086548725
1165148	384302	1442086713341
824082	383307	1442087744482
744769	221911	1442089052630
99160	387105	1442089269545
530559	414755	1442089529214
713698	225963	1442090210367
927157	271930	1442090529751
824082	193544	1442090699683
824082	381449	1442090699683
926014	321246	1442090701763
198270	92361	1442091889990
198270	129974	1442091889990
429610	137974	1442092559055
572700	24219	1442093714847
198270	196629	1442093808140
583892	446730	1442094117655
198270	100095	1442094875024
1163709	159780	1442094911858
198270	357650	1442095553102
198270	127822	1442095931190
368444	420123	1442096293637
198270	330035	1442097088671
491961	213376	1442097487162
198270	128296	1442097753076
1265288	277833	1442098410297
1265288	213834	1442098410297
530559	17359	1442098516587
530559	187649	1442099805863
9498	74117	1442100921858
198270	143860	1442101053885
1102279	101714	1442101350190
954276	856	1442102164814
737053	167543	1442102166173
918441	310432	1442102518917
198270	424193	1442103593519
1125765	415562	1442104233278
455241	367102	1442104458701
1122620	273747	1442104825241
1008434	278214	1442105497952
322733	144781	1442108660719
837376	247427	1442108902572
1352320	466008	1442109236509
1285802	297726	1442110229698
1213423	185863	1442111758265
198270	207178	1442112876274
1255801	191227	1442115833917
1255801	154787	1442115834012
1255801	323290	1442115834028
1255260	374859	1442116672073
639616	120822	1442118367257
584015	153778	1442118535248
1344604	437827	1442121269894
1169933	68442	1442123152769
369433	204070	1442123348166
830370	461686	1442129984134
630746	98467	1442139565315
897013	252098	1442154441094
737053	190000	1442156864715
118274	83556	1442157503657
1032561	116274	1442157952258
602822	386102	1442158411931
854797	396647	1442159340177
854797	24727	1442159340208
297795	8519	1442159800574
346657	139725	1442159947224
1162136	35608	1442161485860
1162136	104139	1442161485860
1162136	389370	1442161485860
247235	9172	1442161847487
913976	352841	1442162253060
856766	439856	1442162781150
824082	33245	1442163169342
824082	391992	1442163250777
247235	60138	1442163410798
1336737	153036	1442163549870
985863	170298	1442165040195
331270	180751	1442165808666
556360	350384	1442166306581
247235	320206	1442166444035
597521	110720	1442167930096
728718	218385	1442167981669
728718	372855	1442167981669
728718	336131	1442167981684
728718	62275	1442167981684
728718	314124	1442167981684
247235	373842	1442168937469
247235	428067	1442168937476
247235	346213	1442169337105
542646	290197	1442169496764
542646	378517	1442169776251
994820	336069	1442169792898
25809	222888	1442170005487
770170	238993	1442170063659
68418	82576	1442170229232
247235	42146	1442170912290
1126569	247601	1442171353920
1307815	129332	1442172616097
1021936	354232	1442173871727
994820	411280	1442174408016
994820	295449	1442174598510
797487	465428	1442175009972
247235	461190	1442175907768
603999	461686	1442176063611
542750	4545	1442178106090
977651	314076	1442178382791
907812	387164	1442178557004
104850	321129	1442178814689
1343588	141755	1442179535302
247235	170390	1442183990254
1368280	343434	1442184119451
632773	205049	1442184349010
247235	266692	1442184866629
1194261	317816	1442185157710
1194261	213834	1442185157710
892394	13925	1442185946534
972638	207602	1442186588941
994820	42146	1442186974653
788972	180566	1442187881691
1351930	389088	1442188159088
917577	266553	1442188464623
917577	130221	1442188464624
742889	185348	1442189155950
994820	177695	1442189174381
303083	10572	1442189456978
303083	461686	1442189456978
247235	242981	1442189695794
935726	1377	1442189974590
618031	277943	1442190108961
388461	282446	1442190972106
388461	112047	1442190972112
905872	177757	1442191268537
247235	131745	1442192241621
148244	7943	1442192688935
294088	162024	1442194037237
1271844	359251	1442194225679
555718	448270	1442194516036
316041	417594	1442195627315
162009	41849	1442196334993
953982	247601	1442198102624
247235	388338	1442198991166
994820	318006	1442199256527
566725	351414	1442201406257
400870	144015	1442201692946
747630	171878	1442202115419
747630	461686	1442202115419
1344604	161102	1442202430371
37191	450760	1442203303995
6750	461190	1442203562678
1307619	397692	1442205782891
167086	176484	1442207072749
434902	38517	1442208466055
632714	461091	1442208708248
83600	313163	1442211323953
890047	75643	1442213150479
711110	461686	1442213704406
711110	171878	1442213704468
463111	151703	1442214520704
80267	68607	1442214832694
890047	75138	1442216310982
784783	357650	1442217491344
177257	247909	1442227844135
102454	413125	1442236206377
826799	13711	1442236214742
799861	213834	1442238929657
799861	240248	1442238929673
173657	301721	1442240525919
173657	141473	1442240525942
29744	264689	1442241740668
29744	79056	1442241740715
347953	137697	1442243210247
247235	267196	1442243479762
247235	36464	1442243479778
247235	37197	1442243479793
247235	172033	1442244533059
198270	288249	1442244680298
460227	355652	1442244825086
779386	48921	1442245212459
247235	152655	1442246716800
247235	67889	1442246716800
1150086	406025	1442248765470
938396	15283	1442248776649
914617	377134	1442248811322
1150086	338495	1442249384212
247235	359567	1442249956994
1150086	213102	1442250095163
1144107	434277	1442250168458
1075898	220750	1442250291272
1230767	388654	1442250490795
198270	139909	1442250516608
173863	394883	1442250703629
198270	402992	1442251075630
247235	355671	1442251167664
247235	21790	1442251167680
1237790	74288	1442251206240
1036360	361147	1442252179928
1136594	395435	1442252195522
49266	364074	1442252618937
43176	369053	1442253085242
43176	449966	1442253085309
526603	431758	1442253369769
859012	134840	1442253921344
1150086	292136	1442254935895
823931	232350	1442255194858
198270	220066	1442255677314
686940	180896	1442255714040
247235	122231	1442256375796
198270	158912	1442256578822
1346514	301344	1442256606243
247235	287413	1442257091451
198270	304745	1442257322632
621254	89343	1442257378533
1271835	438727	1442257826139
754049	334401	1442257851764
1254634	454669	1442258220520
1378931	193272	1442258386324
1150086	102255	1442258494561
560375	31058	1442258756797
110227	389135	1442259367593
1126569	355393	1442259537598
1336835	277833	1442259784109
1336835	213834	1442259784109
1337842	182182	1442259810833
274981	137697	1442260100925
1275487	42523	1442260153989
247235	216597	1442260182276
1150086	210896	1442260275385
1101023	49029	1442261227499
620240	188619	1442261775813
620240	347105	1442261775813
644227	354832	1442262121815
676919	277247	1442262361146
676919	89323	1442262361161
418229	244491	1442262723816
247235	319602	1442262913078
843246	153778	1442263614907
676919	146849	1442263634658
135719	268883	1442263722299
1150086	234192	1442263786504
135719	420960	1442264648684
934487	166122	1442264850818
995406	236836	1442265677848
1023195	424996	1442265741561
198270	319196	1442266091262
247235	2980	1442266097621
297868	126252	1442266100161
631750	406021	1442266186054
1013626	299640	1442266763022
198270	354627	1442267746392
487062	400059	1442268113131
443013	308025	1442268213755
639775	357474	1442268479998
1150086	319602	1442269353288
198270	67615	1442269617026
1061666	339606	1442271002144
237886	217605	1442271034413
1150086	70662	1442271136462
1150086	355169	1442271136478
247235	29579	1442271510256
1183087	288464	1442271840708
1183087	426098	1442271840723
248925	456912	1442272622372
248925	135976	1442272622449
1250217	138427	1442272968919
1048327	116316	1442273721709
1324157	339703	1442274712594
42168	170498	1442276228227
47433	456748	1442277802375
77261	254418	1442278079549
449727	65273	1442278615606
449727	192223	1442278615606
642124	320130	1442278800464
894065	396633	1442279046068
1263731	128625	1442279496143
1263731	291921	1442279496143
1263731	28867	1442279496159
1352958	41471	1442279750453
198270	332569	1442280038374
198270	119736	1442280038374
508719	447757	1442280588810
1140386	150550	1442281810791
534123	463585	1442282232574
1076559	344280	1442283064370
1312527	66752	1442283267943
1046310	350103	1442284552709
198270	372002	1442284699923
1241183	332569	1442284849472
748562	17108	1442285683950
93424	128745	1442286474025
1073658	213834	1442286640867
1073658	346892	1442286640899
168135	40635	1442287327288
77032	346996	1442287781444
1101539	109589	1442289717741
1101539	158273	1442289717803
683597	389135	1442289869390
498136	334401	1442291495769
498136	114671	1442291495800
820848	463635	1442292763366
155060	49088	1442293563930
469022	150376	1442294931948
469022	385836	1442294931948
469022	307997	1442294931979
469022	181365	1442294931979
469022	93873	1442294931979
469022	453286	1442294931979
469022	218746	1442294932041
469022	324079	1442294932041
469022	377981	1442294932041
469022	213834	1442294932041
469022	132729	1442294932057
469022	110720	1442294932057
469022	195958	1442294932057
596627	319515	1442295241513
878466	398673	1442295664675
878466	43590	1442295664733
1032217	259455	1442297321360
154155	179238	1442299370120
434803	418201	1442299938101
434803	446981	1442299938155
434803	432912	1442299938157
434803	62404	1442299938189
2519	413125	1442300779020
721849	234051	1442312155086
1023195	417912	1442322566626
29802	393809	1442325499622
509434	313834	1442326220498
959170	60380	1442326902900
1217315	461686	1442329273619
818819	278679	1442329814199
1327109	353222	1442331794721
1327109	293972	1442331794785
994820	167502	1442332102615
1003058	152262	1442332193258
152963	43590	1442332494700
1256916	243157	1442332508356
171376	218746	1442332759000
171376	213834	1442332759015
230215	323641	1442333204930
230215	201311	1442333204932
78006	213448	1442333280652
748562	75959	1442333299606
994820	337091	1442333384638
867658	211418	1442333668411
152963	12836	1442333768362
1287087	46232	1442334715685
414189	213834	1442334780785
414189	80122	1442334780785
198270	243795	1442335140546
173863	32581	1442335464346
173863	461686	1442335464346
198270	387832	1442335618560
198270	325310	1442337160706
813137	319602	1442337934102
813137	259341	1442337934109
1058941	77573	1442338517990
1058941	228287	1442338518052
1351796	464220	1442339014021
1336835	302569	1442339063353
71746	463663	1442339705169
198270	460765	1442339776706
468096	364453	1442340037625
1266838	33395	1442340258793
994820	69507	1442340420991
886905	208939	1442340805467
1168709	341915	1442340876376
264847	331032	1442341195217
748562	286940	1442341316973
152963	82141	1442342438576
152963	387318	1442342438576
748562	352685	1442342780189
152963	209204	1442342888112
198270	190594	1442342891596
1327826	363745	1442343232697
1003087	9877	1442344188921
1003087	91235	1442344543606
388066	224936	1442344631143
152963	340960	1442344767062
152963	119736	1442344767171
198270	355393	1442344810901
785737	72031	1442344928136
994820	107162	1442345315393
170791	250212	1442345518501
170791	9877	1442345518501
989917	264258	1442346989440
386745	3629	1442347266443
480440	391020	1442347368176
1104374	172096	1442347397339
748562	63846	1442347631942
728593	109116	1442348191392
748562	444991	1442348236480
748562	331567	1442348236480
198270	285411	1442349305331
152963	45175	1442349315630
1337382	51650	1442349496382
870834	280802	1442349836442
198270	114851	1442349989927
30687	963	1442350035894
152963	228229	1442350346993
135719	128296	1442350482266
926668	198665	1442350632389
152963	198921	1442351039173
152963	431276	1442351039204
1321887	219181	1442351315581
198270	249027	1442351373030
11438	82896	1442351921059
198270	208244	1442351991215
1273771	381567	1442352633800
1160402	202170	1442352891829
77215	2463	1442355950091
77215	154638	1442355950091
1397742	234746	1442356111880
865376	213834	1442356296346
865376	317816	1442356296361
1170710	132437	1442356352959
108997	73732	1442356625154
198270	319602	1442357010349
748697	267236	1442357140383
887269	78494	1442358831347
983943	20513	1442361589324
1225721	332018	1442361960507
954590	158666	1442362520900
1265323	241612	1442362595680
905375	461660	1442362658763
235460	85914	1442363585222
755363	241612	1442363732016
748562	151387	1442363951218
985771	394580	1442365916471
1127962	357564	1442365969276
1127962	835	1442365969291
1127962	147077	1442365969322
725562	137974	1442366230348
198270	314801	1442366673126
198270	252344	1442367440112
5207	37174	1442367696303
198270	199277	1442368134132
198270	326775	1442368134132
198270	466603	1442368134148
73292	79524	1442368549060
1382772	464998	1442368710127
748562	287588	1442368918765
198270	234613	1442369979195
711222	52815	1442371159770
925350	460219	1442372531804
12134	180182	1442372549065
846908	72521	1442373048173
846908	244717	1442373048268
755605	416012	1442373313902
1358558	228287	1442373753216
386976	285036	1442377409543
1109848	302476	1442378242594
1224201	441415	1442381219612
1224201	380810	1442381778323
1224201	49692	1442381778355
1224201	352541	1442381778652
1114201	148165	1442388362363
655713	99254	1442397955051
655713	372169	1442397955051
672066	243343	1442405560865
873287	87187	1442409145028
153118	98719	1442409950296
153118	446411	1442409950312
153118	213834	1442409950312
73292	57830	1442412234688
892515	280974	1442414781385
152963	101288	1442416002728
198270	109116	1442417729099
1077984	228279	1442419063003
1005863	37658	1442419072288
1005863	24509	1442419072288
582418	448764	1442420740648
582418	109208	1442420740930
439626	134525	1442420809028
198270	359329	1442421102117
8083	235639	1442421158846
833429	415818	1442421328992
1180229	138427	1442422028942
198270	272331	1442423212981
1150086	359910	1442423696801
1104446	304	1442423787193
1077984	204776	1442423852787
1077984	343434	1442423852787
1077984	301345	1442423852802
1077984	63264	1442423852802
152963	275487	1442424394535
152963	299164	1442424394535
62434	266725	1442424540970
466944	152600	1442425029668
198270	353604	1442425221037
39203	390093	1442425363233
1150086	340825	1442426002457
198270	415818	1442426235683
198270	62275	1442426235683
198270	98547	1442426880029
929480	361463	1442427398018
77524	48582	1442427681899
1315100	76196	1442427856466
198270	131502	1442428043025
1150086	99601	1442428071062
921915	217605	1442429868644
748697	108713	1442430063301
748697	110645	1442430063333
1124699	99601	1442430455008
198270	126307	1442430562315
309864	10321	1442431082601
1150086	406727	1442431970425
198270	140452	1442432035166
346832	446934	1442432723298
347610	29757	1442432844636
347610	216241	1442432844651
1263358	168952	1442433193935
152963	239581	1442433652665
513361	239581	1442433968451
152963	168952	1442434070091
612918	324071	1442434530797
11172	314579	1442436261708
28791	92198	1442436731176
398144	24292	1442438325069
875980	49621	1442438479127
1263146	330647	1442438649367
152963	320130	1442438740615
729150	129279	1442438784003
729150	83103	1442438784007
729150	280802	1442438784060
729150	324707	1442438784071
729150	274499	1442438784073
729150	45644	1442438784073
729150	223958	1442438784079
729150	400286	1442438784093
107314	348069	1442438981582
152963	393562	1442439174348
294308	264379	1442439220650
294308	21757	1442439220665
1028897	214181	1442440198660
1028897	182927	1442440198661
152902	296448	1442440496667
916601	205231	1442440796021
1161707	373002	1442442154858
971454	154077	1442442659328
152963	428827	1442442787889
971454	173847	1442444682454
1219448	283153	1442444945420
971454	181651	1442445881791
1340407	237924	1442446721880
1340407	451837	1442446721880
1340407	55993	1442446721895
152963	410515	1442446737141
971454	440128	1442447234389
971454	213834	1442447234467
1240995	410063	1442448769794
152963	254500	1442449265511
1058708	233734	1442449454245
1150086	399192	1442449498943
238270	456414	1442449989672
1066959	142756	1442451382001
152963	168	1442451767273
1165148	89142	1442455946060
7633	7943	1442459174303
237467	354153	1442459756375
1382092	413310	1442464344114
1025723	222371	1442470375849
1293368	147301	1442495470404
1045937	193272	1442496605733
891847	326819	1442500711144
152963	206767	1442502662163
748562	344902	1442503061050
152963	255919	1442504732544
152963	390591	1442505292903
152963	260194	1442506556735
737329	252344	1442507432053
700595	95819	1442508432875
871243	386523	1442508532165
221662	442837	1442509739418
1006557	148103	1442510234666
412234	98652	1442510445683
412234	308053	1442510445683
841560	348983	1442510778624
152963	77055	1442510917582
1156860	352788	1442511933279
569539	226092	1442512286447
569539	122435	1442512286447
748562	334714	1442512646894
266464	137974	1442512705522
1132858	271537	1442513556954
895999	279225	1442513842926
1364905	446730	1442513844693
31936	166007	1442514171351
1329289	302307	1442514837886
755815	247378	1442514876560
755815	309949	1442514876732
755815	201985	1442514876732
152963	142881	1442516150582
1199182	7943	1442516502905
569539	389860	1442535684439
1156860	367900	1442535968087
152963	302559	1442537103196
355297	213213	1442537936041
751256	241715	1442537989072
1298462	358348	1442538378154
62004	312594	1442540841770
427756	342659	1442541011262
152963	122984	1442542096481
152963	334401	1442542096481
152963	72462	1442542096512
152963	12504	1442542096512
152963	380196	1442542096528
152963	362697	1442543898098
152963	21970	1442544192017
